item_id,elasticity,avg_price,avg_demand,observations,unique_prices,iterations
FOODS_1_009,-0.10866692017490345,2.398654104979812,0.5847913862718708,1486,4,61
FOODS_1_010,0.05191811591473074,5.3689372325249645,0.2225392296718973,1402,10,39
FOODS_1_011,0.1552015449001952,2.519389920424403,0.6137931034482759,1885,4,73
FOODS_1_012,-1.5932499315044963,5.487381092190253,3.0563711098062245,1703,10,84
FOODS_1_013,-0.11626510655663555,1.4739681697612734,1.3294429708222812,1885,4,56
FOODS_1_015,-0.32340212874574714,3.2045644040619994,0.6937466595403528,1871,6,107
FOODS_1_017,0.005854958173196575,2.359364435429344,0.5625422582826234,1479,4,61
FOODS_1_022,-6.501869071315859e-06,4.597058823529411,0.12362911266201396,1003,9,27
FOODS_1_023,-0.7179353845020184,5.485531415149736,1.4674104521432765,1703,9,90
FOODS_1_030,-0.23384595073280895,3.189190628328009,0.536741214057508,1878,6,74
FOODS_1_033,0.03094277500538097,5.380984793627806,0.4112961622013034,1381,9,69
FOODS_1_034,-0.0017883449941200201,5.522743801652892,0.3212121212121212,1815,8,40
FOODS_1_035,0.12208046424127102,2.518647214854111,0.7082228116710876,1885,4,75
FOODS_1_037,-0.21671514439343895,3.2214696485623002,1.0479233226837061,1878,5,102
FOODS_1_038,-0.13063848055362434,9.194302449414272,0.5399361022364217,1878,5,76
FOODS_1_044,0.4127315858083719,2.815713527851459,1.9421750663129973,1885,4,119
FOODS_1_049,-0.45480114919067544,2.2405198938992044,0.979840848806366,1885,4,54
FOODS_1_053,-0.08994334072041929,5.548636604774536,0.3750663129973475,1885,6,55
FOODS_1_055,-0.3212133883244793,3.9165517241379306,2.743236074270557,1885,5,169
FOODS_1_059,0.013579386713538992,4.708763102725367,0.4790356394129979,954,7,52
FOODS_1_061,-0.2310856256101641,2.168159871244636,1.6824034334763949,1864,4,67
FOODS_1_065,-0.18914171290041842,3.3024827586206897,0.6509283819628647,1885,4,54
FOODS_1_072,0.04400911756324982,4.88785400658617,0.4110867178924259,1822,4,55
FOODS_1_073,0.06463142921922296,1.9872785145888596,1.1570291777188328,1885,4,61
FOODS_1_076,-0.008007494331257232,5.502366047745357,0.7893899204244031,1885,7,66
FOODS_1_081,-0.8715307585611911,5.4883264826776275,0.9788608338226659,1703,10,72
FOODS_1_087,-1.2692322055234357,5.48557251908397,1.925425719318849,1703,11,67
FOODS_1_088,-0.368173413656268,4.875411140583555,1.529973474801061,1885,4,108
FOODS_1_093,-0.2569504957417123,5.487093364650617,0.2178508514386377,1703,10,49
FOODS_1_094,0.0861736043552331,3.311246684350133,0.810079575596817,1885,4,50
FOODS_1_095,0.0027009937080982606,3.0270291777188327,0.20212201591511936,1885,16,39
FOODS_1_096,0.037506360375296845,5.909782493368699,0.31087533156498676,1885,13,46
FOODS_1_103,-0.36548524645462965,3.961702917771882,1.3883289124668434,1885,4,116
FOODS_1_106,0.09266571040735656,3.3188965517241384,1.2960212201591512,1885,4,58
FOODS_1_107,-0.07669514993279047,5.452878787878787,0.20707070707070707,1584,10,44
FOODS_1_128,-0.4252180632782697,3.9521786492374718,0.721677559912854,1836,5,55
FOODS_1_129,-0.032139696275503594,5.9742493368700265,0.4116710875331565,1885,14,52
FOODS_1_130,0.0014017150594317794,1.7547851458885944,1.7220159151193635,1885,4,60
FOODS_1_133,-0.7563415825504167,3.186222811671088,0.8153846153846154,1885,8,99
FOODS_1_141,0.13847663561488563,3.3247639257294432,0.6716180371352786,1885,4,60
FOODS_1_142,-0.15474645064898487,1.4748029818956339,0.8173588924387647,1878,4,51
FOODS_1_147,-0.5389786905510747,4.728708987161198,0.42296718972895864,1402,10,57
FOODS_1_148,-0.38586540777264955,4.725763195435093,0.231811697574893,1402,10,41
FOODS_1_150,-0.2863588185354943,4.878047745358091,1.1994694960212202,1885,4,73
FOODS_1_154,-0.5357678768801303,1.4746737400530505,2.4652519893899205,1885,4,78
FOODS_1_156,0.03205076537018365,2.364172274562584,0.6493943472409152,1486,4,56
FOODS_1_157,0.003493472074037875,4.695772681954138,0.26321036889332006,1003,9,42
FOODS_1_159,-0.007233984545577493,4.717128614157527,0.2123629112662014,1003,8,34
FOODS_1_164,0.024646843242400927,5.3616559139784945,0.13333333333333333,1395,9,37
FOODS_1_166,-0.06176648004790961,2.166286472148542,2.1342175066312996,1885,4,68
FOODS_1_168,0.013295411689146917,2.1635013262599476,0.7023872679045093,1885,4,54
FOODS_1_170,-1.1793383725228812,5.48590135055784,2.8120963006459188,1703,11,64
FOODS_1_171,0.03310624273109995,4.700169491525424,0.46859421734795614,1003,7,63
FOODS_1_174,-0.15680082033300236,4.871660477453582,0.9671087533156498,1885,5,68
FOODS_1_176,-0.5587659860641544,3.2291480298189565,0.5122470713525027,1878,5,86
FOODS_1_187,-0.21229175602950448,9.185893899204245,1.106631299734748,1885,5,93
FOODS_1_189,-0.17760186949035803,2.365465505693235,0.4333556597454789,1493,4,54
FOODS_1_191,-0.23773535995130116,5.487627715795655,0.20551967116852612,1703,10,40
FOODS_1_192,-0.22766455282053322,2.347098143236074,0.8774535809018568,1885,4,56
FOODS_1_193,0.016933868746936823,4.699820538384846,0.6440677966101694,1003,7,69
FOODS_1_197,-0.25878467641166103,4.875633952254643,1.1108753315649866,1885,4,59
FOODS_1_199,-0.45975983562487294,5.481092190252495,0.48502642395772166,1703,10,55
FOODS_1_201,-0.045461135126250544,2.1646896551724146,2.0419098143236076,1885,4,68
FOODS_1_206,0.3064581069103047,1.9932997347480108,2.80053050397878,1885,5,86
FOODS_1_211,-0.12260583396362877,5.4820786846741045,0.17968291250733998,1703,10,41
FOODS_1_219,-0.2410640075752335,2.165618037135279,2.4450928381962864,1885,4,75
FOODS_2_002,-0.40093680648207086,2.0557305336832896,1.3875765529308837,1143,4,67
FOODS_2_005,0.16950437819472378,3.7937241379310342,0.3931034482758621,1885,6,46
FOODS_2_006,-0.02078517675520374,10.302322536181945,0.23638869745003446,1451,5,39
FOODS_2_010,-0.0323481388062888,2.50404774535809,0.6557029177718833,1885,4,58
FOODS_2_011,-0.3734213266294262,2.8393050397877984,0.5501326259946949,1885,5,49
FOODS_2_014,-0.03343219625511169,2.9331883289124665,2.2344827586206897,1885,4,78
FOODS_2_016,0.04402828092351562,1.1790919811320757,5.111438679245283,1696,3,64
FOODS_2_017,-0.010563637971799147,3.720153846153846,0.4480769230769231,520,4,56
FOODS_2_019,0.14197079519404507,3.2297188328912467,18.511405835543766,1885,5,124
FOODS_2_020,-0.11138962980445571,2.543708222811671,0.7262599469496022,1885,4,60
FOODS_2_021,0.7350086330428769,0.860604774535809,6.347480106100796,1885,5,66
FOODS_2_025,-0.11022982854933357,3.8085782493368696,0.7984084880636605,1885,6,61
FOODS_2_027,0.24820131850300933,2.229329971181556,0.8537463976945245,1388,5,74
FOODS_2_029,-1.2951288623574275,10.911055702917771,2.848806366047745,1885,4,146
FOODS_2_030,-0.1712319680622742,4.464068965517243,3.349602122015915,1885,4,75
FOODS_2_034,0.0025574555232748607,2.5428912466843503,0.9310344827586207,1885,4,51
FOODS_2_036,0.40424408577386983,3.4890362087326943,2.5681576144834932,1878,7,97
FOODS_2_037,-0.025613770994089922,7.3478832891246695,0.3925729442970822,1885,6,52
FOODS_2_041,0.04407588146766816,3.76226525198939,0.3830238726790451,1885,6,50
FOODS_2_042,0.22820014004177522,2.174132625994695,0.8074270557029177,1885,4,70
FOODS_2_043,-0.4021961808941469,2.8393050397877984,0.8620689655172413,1885,5,54
FOODS_2_044,-0.10642317572560905,2.5440053050397875,0.8079575596816976,1885,4,44
FOODS_2_045,0.20351532692426394,6.899408695652175,0.7852173913043479,1150,4,69
FOODS_2_047,-0.09274400253719756,2.9390557029177717,2.1824933687002654,1885,5,76
FOODS_2_049,-0.7346212156966101,2.60363925729443,0.6053050397877984,1885,3,50
FOODS_2_052,-0.09158236235323827,12.938344827586207,1.6944297082228117,1885,8,90
FOODS_2_054,-0.10072540404748039,2.7361591511936343,3.212732095490716,1885,4,69
FOODS_2_055,-0.17390005805063713,2.5459110867178922,0.8309549945115258,1822,4,58
FOODS_2_058,0.022055415871267237,4.881127450980392,0.5419389978213508,1836,4,52
FOODS_2_060,-0.02724103677264848,7.350631299734749,1.6827586206896552,1885,6,84
FOODS_2_061,0.011827167989968301,1.9808010610079576,2.083819628647215,1885,5,67
FOODS_2_062,-0.02343547170858013,5.453458885941644,0.8705570291777188,1885,6,67
FOODS_2_063,0.004794709878665264,2.9386100795755965,1.8583554376657825,1885,5,72
FOODS_2_064,-0.10378871691870074,2.3061432360742704,0.34641909814323607,1885,3,38
FOODS_2_067,-0.09990133886438765,2.174132625994695,0.8673740053050398,1885,4,69
FOODS_2_068,0.049357126743836466,7.364668435013264,0.1909814323607427,1885,5,44
FOODS_2_070,-0.1498703457816599,6.024417887432538,0.5535851966075559,1297,4,74
FOODS_2_072,-0.56767796914623,2.839007957559681,0.8254641909814323,1885,5,58
FOODS_2_075,0.17428707157165513,2.372664298401421,2.2273534635879217,1689,4,77
FOODS_2_076,-0.020433857969512963,10.172705570291779,0.26419098143236075,1885,5,58
FOODS_2_079,-0.10296805255169643,3.80583023872679,0.6435013262599469,1885,6,57
FOODS_2_080,0.0011627726466279197,2.174132625994695,1.26684350132626,1885,4,67
FOODS_2_083,-0.03737626330220308,6.9858359957401515,0.8237486687965921,1878,5,69
FOODS_2_085,-0.4402374093673753,3.5753909240021873,0.7561509021323127,1829,7,68
FOODS_2_086,-0.9933115951208229,2.60363925729443,1.303448275862069,1885,3,61
FOODS_2_087,0.012994520460102299,10.175045092838197,0.2312997347480106,1885,5,49
FOODS_2_088,0.028304737097951095,7.0219257294429696,0.3363395225464191,1885,7,49
FOODS_2_092,0.07865336399243786,3.4868370607028747,0.7907348242811502,1878,7,67
FOODS_2_100,-0.1345138444941733,2.5431511936339524,0.7358090185676393,1885,4,54
FOODS_2_104,-0.16939521651587205,7.294620689655174,1.0721485411140583,1885,7,73
FOODS_2_105,0.21837943472549762,3.098362235067438,0.8651252408477842,1038,4,63
FOODS_2_106,-0.013188524800055607,5.330946327683615,0.6129943502824858,1416,4,53
FOODS_2_107,0.014089323867988408,2.0002228116710876,1.0392572944297083,1885,4,63
FOODS_2_108,-0.16753646027025285,3.0937511353315172,0.701180744777475,1101,4,63
FOODS_2_111,-0.04242125920602693,6.032046481601034,0.3098773402194964,1549,4,42
FOODS_2_112,-0.15012061551519146,3.3301025163094136,2.8275862068965516,1073,4,90
FOODS_2_113,-0.056389691984309646,2.8652377762893497,0.46483590087073007,1493,4,47
FOODS_2_116,-0.25626266078188703,1.966206896551724,2.5920424403183024,1885,4,74
FOODS_2_119,-1.099706323386544,2.632604774535809,1.9183023872679046,1885,4,46
FOODS_2_121,-0.1825425753647965,1.6425284339457566,0.7839020122484689,1143,5,75
FOODS_2_124,-0.5352186573296448,2.788841634023503,1.0285394515948516,1787,4,50
FOODS_2_126,-0.3921619639124149,4.655034482758621,0.7496021220159151,1885,8,77
FOODS_2_128,-0.7428671797830604,0.860604774535809,7.587798408488064,1885,5,82
FOODS_2_132,-0.1782058859657422,2.8259269469331496,0.5947622329427981,1451,5,50
FOODS_2_133,-0.4372360016633358,2.838970822281167,0.5453580901856764,1885,5,57
FOODS_2_134,-0.02625624415535149,2.9779204244031825,1.016445623342175,1885,6,57
FOODS_2_137,-0.18043592004970155,2.543708222811671,0.5352785145888594,1885,4,38
FOODS_2_138,-0.2636636697303136,1.9162015915119368,1.719893899204244,1885,5,66
FOODS_2_139,-0.21329401906063336,2.980148541114058,2.136870026525199,1885,6,75
FOODS_2_141,-0.4296455720567272,7.093374005305042,0.8822281167108753,1885,4,65
FOODS_2_143,-0.04221827645439184,4.051856763925729,0.7416445623342175,1885,4,51
FOODS_2_146,-0.18134595611567764,1.9665039787798406,1.483289124668435,1885,4,66
FOODS_2_147,-0.15956968078388467,3.7249335863377606,0.6869070208728653,527,4,58
FOODS_2_148,0.08270081067431094,2.847734478203434,0.39696169088507266,1514,5,43
FOODS_2_150,0.20487461682940836,2.933559681697613,2.9262599469496022,1885,4,79
FOODS_2_151,-0.005211337770730207,2.0555809859154928,1.1892605633802817,1136,4,63
FOODS_2_152,0.13754755094388374,2.389918918918919,2.0681081081081083,1850,6,86
FOODS_2_153,0.03345356081146208,2.933559681697613,1.783554376657825,1885,4,74
FOODS_2_154,-0.10879485220323992,12.956058355437666,0.23289124668435013,1885,8,48
FOODS_2_157,0.024284655543940013,3.8052360742705567,0.9151193633952255,1885,6,63
FOODS_2_163,-0.38993811385443095,2.8372254641909813,0.45411140583554377,1885,5,48
FOODS_2_165,-0.043224284911111945,3.9502133850630448,0.3006789524733269,1031,5,48
FOODS_2_166,-0.09962916933178742,2.175023872679045,1.2037135278514588,1885,4,69
FOODS_2_167,-0.12454047835776504,2.542779840848806,0.5405835543766578,1885,4,43
FOODS_2_169,0.15403893446573047,5.919869706840391,0.44104234527687297,1535,3,67
FOODS_2_171,0.0028002004028838657,2.938546419098143,0.6610079575596817,1885,5,45
FOODS_2_173,0.019511965916243927,8.747570291777189,0.8259946949602122,1885,5,77
FOODS_2_174,-0.5569726668644749,2.792838196286472,1.3888594164456234,1885,5,69
FOODS_2_176,-0.3153994481853689,2.7872307692307694,1.0779840848806366,1885,6,73
FOODS_2_177,-0.13460189523951446,3.2796036988110955,0.7424042272126816,1514,5,59
FOODS_2_182,0.050071850322480925,2.000668435013263,1.257294429708223,1885,4,65
FOODS_2_183,0.05607766610381065,8.753920424403185,1.6180371352785146,1885,5,107
FOODS_2_184,-0.25626127886996847,5.053519619500596,1.665873959571938,1682,5,71
FOODS_2_188,-0.418391157445782,2.8393050397877984,0.6015915119363395,1885,5,55
FOODS_2_190,-0.48303370399451756,2.838970822281167,0.5278514588859416,1885,5,54
FOODS_2_192,0.17924167412394307,1.932084880636605,2.1188328912466843,1885,5,65
FOODS_2_194,-0.2306113693473008,6.987326943556978,2.0575079872204474,1878,5,82
FOODS_2_195,-0.06925991619760698,3.28168700265252,0.22015915119363394,1885,7,40
FOODS_2_196,0.19690933811018113,3.802785145888594,0.6164456233421751,1885,6,56
FOODS_2_197,0.08386058465281987,3.2294217506631306,21.32944297082228,1885,5,115
FOODS_2_198,-0.3594591032657634,9.518164456233423,0.6318302387267904,1885,4,81
FOODS_2_203,-0.20008006778724421,3.340651162790697,0.7534883720930232,1290,4,62
FOODS_2_205,0.057412964818463426,2.86560157790927,0.5601577909270217,1521,4,45
FOODS_2_207,0.04177356303447635,7.37402652519894,0.2816976127320955,1885,5,45
FOODS_2_211,-0.23146518325511198,2.301352785145889,0.9342175066312998,1885,4,49
FOODS_2_212,-1.5184770197128525,4.656891246684351,2.3485411140583556,1885,8,126
FOODS_2_213,-0.07391252951609502,3.9498848538529674,0.5137289636846767,1129,5,56
FOODS_2_216,0.007589345376545499,5.970580575149215,0.6825827455236029,1843,3,54
FOODS_2_218,0.03556867683453674,3.8016710875331565,0.5830238726790451,1885,7,51
FOODS_2_219,-0.058360508696189216,2.838636604774536,0.6509283819628647,1885,5,55
FOODS_2_220,0.07152112438979585,2.000816976127321,1.3877984084880637,1885,4,64
FOODS_2_223,-0.17773275457816062,2.1703526858383073,0.5002712967986978,1843,4,50
FOODS_2_224,-0.003944603389474229,5.728845315904139,0.6802832244008714,1836,6,61
FOODS_2_226,0.008461890297072875,7.529935897435899,0.19391025641025642,1248,4,35
FOODS_2_227,-0.14627031086146572,4.413046296296296,0.49444444444444446,1080,4,55
FOODS_2_229,0.007647055552603613,2.174132625994695,0.459946949602122,1885,4,50
FOODS_2_230,-0.034968770355421466,2.175023872679045,0.48381962864721484,1885,4,47
FOODS_2_231,-0.14133565800109255,2.5441167108753313,0.63342175066313,1885,4,61
FOODS_2_233,-0.08670149991966768,4.447320954907164,2.616976127320955,1885,4,68
FOODS_2_234,-0.17214925319104235,2.8518324607329846,0.6132198952879581,1528,4,53
FOODS_2_235,-0.09483584464741339,2.8261594202898546,0.5451505016722408,1794,5,52
FOODS_2_237,0.019906059012179254,2.50404774535809,0.9278514588859417,1885,4,58
FOODS_2_238,-0.2051968212968785,1.642895888013998,0.8075240594925635,1143,5,53
FOODS_2_240,-0.06770769458701519,2.174132625994695,1.8047745358090186,1885,4,69
FOODS_2_243,-0.006113361776760857,7.378631299734749,0.3092838196286472,1885,5,44
FOODS_2_245,-0.3843116801731913,2.976472148541114,0.870026525198939,1885,7,62
FOODS_2_251,-0.06571520261646724,7.583427055702919,0.48753315649867374,1885,4,80
FOODS_2_252,-0.21038809347986295,3.918389121338911,0.3682008368200837,478,4,55
FOODS_2_258,-0.03045397709128529,3.0121538461538457,0.8864721485411141,1885,4,60
FOODS_2_260,-0.29995060028489823,2.8255039637599095,0.4297848244620612,1766,5,46
FOODS_2_262,0.0419195669973892,2.0000742705570294,0.8753315649867374,1885,4,58
FOODS_2_263,-0.12612561241816647,5.934458154506439,0.5552575107296137,1864,8,77
FOODS_2_264,-0.012196347565462843,3.760557029177719,0.596816976127321,1885,5,67
FOODS_2_265,-0.18844980938707723,3.628799355358582,0.5858178887993554,1241,5,57
FOODS_2_267,0.07725129900099352,1.932901856763926,1.742705570291777,1885,5,63
FOODS_2_268,-0.15205488231682326,3.6290249798549548,0.44480257856567285,1241,5,47
FOODS_2_269,0.18398815741917698,2.864538818845388,0.528865295288653,1507,4,53
FOODS_2_270,-0.03286230385590338,3.4547829937998227,0.6191319751992914,1129,5,68
FOODS_2_272,-0.11404636485677727,2.0551181102362204,0.7060367454068242,1143,4,57
FOODS_2_273,0.250644895838988,2.840425392670157,0.5222513089005235,1528,6,50
FOODS_2_274,-0.5656819832361943,7.093374005305042,1.2159151193633952,1885,4,96
FOODS_2_276,-0.23630291453450844,3.2297188328912467,13.724137931034482,1885,5,107
FOODS_2_280,0.20614189896184365,3.732705570291777,0.32148541114058354,1885,6,61
FOODS_2_281,0.06023527910072037,7.3725411140583565,0.2323607427055703,1885,5,44
FOODS_2_282,-0.09307480268800052,6.988221512247073,0.9132055378061767,1878,5,76
FOODS_2_285,-0.16306898299803319,3.6999257294429704,1.0779840848806366,1885,4,67
FOODS_2_288,-0.04656030325365012,2.828944297082228,0.7204244031830239,1885,5,57
FOODS_2_293,0.26964511559166715,3.935283819628647,4.5564986737400535,1885,6,93
FOODS_2_294,-0.5919377146312198,1.1809602122015916,2.646684350132626,1885,4,67
FOODS_2_295,-0.31443656822456467,12.952419098143237,0.5018567639257294,1885,8,91
FOODS_2_296,0.04405270892611078,3.0937592592592593,0.45740740740740743,1080,4,48
FOODS_2_297,0.13738784903800907,3.4882534611288603,0.7784877529286475,1878,7,73
FOODS_2_298,-0.21644975383569573,12.941241379310343,0.2620689655172414,1885,8,81
FOODS_2_299,-0.6137701722892622,2.0142546419098144,5.3283819628647215,1885,4,89
FOODS_2_300,-0.18053348433118696,6.308846416382255,0.23822525597269625,1465,4,62
FOODS_2_302,-0.1442009035817905,10.891358447488587,0.4126712328767123,1752,4,83
FOODS_2_303,0.03269452196509218,2.171273920174959,0.5937670858392564,1829,3,61
FOODS_2_305,-0.31434862979465855,8.855687002652525,0.4026525198938992,1885,4,58
FOODS_2_308,-0.31946714504861307,2.793580901856764,0.956498673740053,1885,5,61
FOODS_2_309,-0.00393557535492149,2.6213420195439743,1.6143322475570032,1535,3,67
FOODS_2_310,-0.11582778151503703,3.9375415676959618,0.35748218527315917,842,6,45
FOODS_2_311,-0.10947474117034252,2.938684350132626,2.180371352785146,1885,5,77
FOODS_2_314,0.10236405216511883,4.864841449603625,0.5,1766,4,58
FOODS_2_317,-0.14776527786480065,12.936376657824933,0.2843501326259947,1885,8,56
FOODS_2_319,-0.2917404413144397,2.789867374005305,0.5957559681697613,1885,5,51
FOODS_2_322,0.07976478290444178,2.9395862068965513,0.7140583554376658,1885,5,60
FOODS_2_323,-0.05895763254623528,3.758774535809018,0.2663129973474801,1885,6,44
FOODS_2_325,0.2769181987915635,1.180331557134399,6.229129662522203,1689,4,72
FOODS_2_329,-0.014812414707659809,3.5682334217506626,0.7198938992042441,1885,6,52
FOODS_2_330,-0.09709232764966608,4.051262599469495,0.7602122015915119,1885,4,50
FOODS_2_331,0.12957504462641695,2.8641207697412074,0.6735235567352356,1507,4,50
FOODS_2_333,0.11577521396780202,3.240408488063661,0.9023872679045093,1885,4,64
FOODS_2_336,-0.17874549391928937,2.608453802639849,0.47454431175361406,1591,5,61
FOODS_2_339,0.13048728643466848,3.4891107561235355,0.7736954206602769,1878,7,64
FOODS_2_340,-0.22619627545462923,3.0027639257294427,0.8058355437665783,1885,6,63
FOODS_2_343,-0.0017359697303386528,3.767389920424403,0.28488063660477453,1885,6,45
FOODS_2_344,-0.15429222979846646,2.833846153846154,1.120424403183024,1885,5,52
FOODS_2_347,-0.45684185481352885,2.0142546419098144,13.16498673740053,1885,4,103
FOODS_2_351,-0.25171514940628625,3.00751724137931,0.7713527851458886,1885,5,52
FOODS_2_353,-0.2561701062046617,2.9240742705570293,1.2376657824933688,1885,5,80
FOODS_2_358,-0.08842634104396768,2.6487267904509286,0.496551724137931,1885,5,49
FOODS_2_359,0.24335982768332431,2.013289124668435,3.8413793103448275,1885,4,84
FOODS_2_360,2.170288460208134,0.860604774535809,12.659416445623343,1885,5,96
FOODS_2_361,0.08196923313655383,3.798885941644562,0.7437665782493369,1885,6,81
FOODS_2_364,-0.023085935277702835,2.6615331564986735,1.0657824933687003,1885,4,58
FOODS_2_366,-0.4555044813206281,2.8126752767527674,0.3837638376383764,1626,5,41
FOODS_2_367,0.16805998093180716,4.880631808278867,0.7745098039215687,1836,4,67
FOODS_2_368,0.7070441385947069,7.498164456233423,1.0074270557029177,1885,4,86
FOODS_2_373,-0.19657958483137358,5.736332067281606,0.8361367335865437,1843,6,76
FOODS_2_376,-0.3958115585998665,1.9668753315649867,2.390450928381963,1885,4,63
FOODS_2_378,-0.03660342170004309,3.4859840848806365,0.329973474801061,1885,4,41
FOODS_2_380,0.21016280803605478,5.0220648648648645,2.097297297297297,1850,4,97
FOODS_2_381,-0.08590091596518053,2.542779840848806,1.2779840848806365,1885,4,67
FOODS_2_382,-0.01888887158760178,3.581172413793103,1.1283819628647216,1885,9,64
FOODS_2_383,-0.44572472224837395,2.0722405431619784,1.3695441319107662,1031,4,63
FOODS_2_386,-0.05519953148196511,2.8451933333333335,0.51,1500,4,52
FOODS_2_388,-0.21610996908213556,2.980148541114058,1.9374005305039788,1885,6,61
FOODS_2_389,0.029342338680706553,12.945140583554378,0.32891246684350134,1885,9,65
FOODS_2_391,0.03890613697959134,2.000668435013263,1.4355437665782493,1885,4,69
FOODS_2_394,-0.23654577427187665,2.7361591511936343,0.560212201591512,1885,4,43
FOODS_2_395,-0.021363799833092043,3.944335937499999,0.3017578125,1024,6,46
FOODS_2_399,-0.0072345612462752455,2.000668435013263,1.4625994694960212,1885,4,66
FOODS_3_012,-0.5329786118956686,2.2619224555735054,1.5971997845988153,1857,7,68
FOODS_3_020,-1.5494458104633302,1.0506631299734748,6.031830238726791,1885,5,84
FOODS_3_029,-0.12494693726717367,1.3798620689655172,1.2355437665782494,1885,8,58
FOODS_3_030,1.8100837584254463,1.3229920424403183,8.570291777188329,1885,4,99
FOODS_3_035,0.02167509844162728,3.857294429708223,1.6286472148541113,1885,6,71
FOODS_3_054,1.3497721712983741,2.036806366047746,5.071618037135279,1885,5,74
FOODS_3_057,-0.24649185975041715,2.7579129129129125,0.5765765765765766,1332,5,62
FOODS_3_059,0.0911426553654385,2.2169973474801066,0.9421750663129973,1885,5,71
FOODS_3_062,-0.007145946223011639,2.845896226415094,1.0913915094339623,1696,4,60
FOODS_3_064,-3.6152522205565125,1.1310872027180068,14.998867497168742,1766,4,87
FOODS_3_066,0.06450813627323454,2.997024456521739,2.822690217391304,1472,4,112
FOODS_3_068,-0.40825365447447237,2.407501326259947,0.6620689655172414,1885,4,58
FOODS_3_073,1.8050892818037716,2.94876168224299,2.5911214953271027,856,4,166
FOODS_3_076,-1.30968233230317,1.1030875331564984,3.815915119363395,1885,5,79
FOODS_3_081,0.0916045571331446,4.602822281167108,0.6031830238726791,1885,5,58
FOODS_3_083,-0.1410407155558593,18.817267904509286,1.2694960212201591,1885,4,90
FOODS_3_086,-1.6767968454846567,1.1028275862068966,7.849336870026526,1885,5,77
FOODS_3_090,2.1640968347620575,1.3837612732095488,66.98355437665782,1885,8,81
FOODS_3_091,-0.016647550531691625,6.080636604774538,1.0408488063660477,1885,4,73
FOODS_3_092,-0.17710948428419498,3.706684350132626,2.463129973474801,1885,5,68
FOODS_3_093,-0.10761065515809871,2.2178434504792337,0.7795527156549521,1878,5,73
FOODS_3_096,-0.18881866213162543,4.315702917771882,1.2588859416445624,1885,5,77
FOODS_3_098,-0.27797851003333046,4.3142175066313,1.5352785145888594,1885,5,83
FOODS_3_110,-0.11069952966451574,10.36587352625938,0.6816720257234726,933,4,79
FOODS_3_113,-0.6760372012423628,1.1534429708222813,5.212201591511937,1885,4,65
FOODS_3_115,-0.31864539380646273,4.311618037135278,1.830238726790451,1885,6,87
FOODS_3_117,-0.28134625601091,2.216923076923077,1.2042440318302388,1885,5,66
FOODS_3_124,-0.022289427735029295,5.366769230769233,5.651989389920424,1885,5,90
FOODS_3_132,-0.035926554992014546,2.655160065111232,2.187194791101465,1843,4,74
FOODS_3_133,-0.9462615163414263,0.8185676392572946,6.186737400530504,1885,4,98
FOODS_3_136,-0.3198353773433612,4.31236074270557,3.7803713527851457,1885,6,89
FOODS_3_140,-0.07430957594153995,2.981775147928994,3.21827744904668,1521,3,77
FOODS_3_141,0.12977070508983546,2.7980371352785154,0.6891246684350133,1885,4,46
FOODS_3_146,-0.04213184680820184,5.366769230769233,1.4275862068965517,1885,5,81
FOODS_3_148,-0.08566951780044205,1.0506631299734748,2.976127320954907,1885,5,65
FOODS_3_150,0.33483798781513546,2.2168859416445628,4.871618037135279,1885,5,118
FOODS_3_152,0.11013261556611355,2.6325071225071226,0.9358974358974359,702,4,91
FOODS_3_156,-0.05978741829235344,3.8576657824933687,5.812732095490716,1885,6,105
FOODS_3_160,0.2600485114001406,2.635633952254642,1.2021220159151194,1885,3,81
FOODS_3_168,-0.20143998346987668,3.77276923076923,0.6,1885,5,58
FOODS_3_173,-0.020553319385928963,11.288371005455964,0.2681215900233827,1283,4,51
FOODS_3_174,-0.05686067123924521,6.1201591511936355,0.6371352785145888,1885,4,59
FOODS_3_185,0.858778346969007,2.33940445026178,1.4005235602094241,1528,4,74
FOODS_3_195,0.2025252675685614,2.660346620450607,1.8087810514153668,1731,4,83
FOODS_3_196,-0.015213586472062586,4.459660477453582,0.8912466843501327,1885,4,72
FOODS_3_198,0.07624975511926599,5.921920152091255,0.5522813688212928,1052,4,62
FOODS_3_200,-0.6517534102281144,2.148466843501326,1.016976127320955,1885,4,91
FOODS_3_202,-0.4060567571482458,4.3142175066313,16.47320954907162,1885,6,116
FOODS_3_203,-0.40657605552164394,4.472732095490718,3.0488063660477454,1885,4,95
FOODS_3_205,-1.0721148730304229,1.1277886977886977,2.493857493857494,814,4,70
FOODS_3_213,-0.43462713486330795,2.196840958605665,0.6427015250544662,1836,4,67
FOODS_3_214,-0.6566105261286777,1.0513315649867372,2.33368700265252,1885,5,84
FOODS_3_215,0.6114818178575905,1.1678455512031338,1.7034135422495802,1787,3,50
FOODS_3_219,1.2081193663424674,1.3222493368700263,6.655702917771883,1885,4,57
FOODS_3_222,-0.13037769393575865,4.194281115879828,1.0853004291845494,1864,5,70
FOODS_3_224,-0.6387987275308912,3.9372944297082224,2.909814323607427,1885,7,88
FOODS_3_227,0.381140794617747,2.605358090185676,5.824403183023873,1885,4,101
FOODS_3_231,0.09733131256973032,5.363204244031832,4.378249336870026,1885,5,106
FOODS_3_232,-0.3856414984123423,3.040031830238726,2.8705570291777187,1885,4,55
FOODS_3_238,0.08434747057913607,3.6414641909814325,1.316180371352785,1885,4,71
FOODS_3_241,0.22338852219923633,2.79989350372737,3.0835995740149094,1878,4,100
FOODS_3_249,-0.5492501503794089,2.59648275862069,1.637135278514589,1885,9,100
FOODS_3_257,-0.40024161269622915,3.945761273209549,3.230238726790451,1885,7,74
FOODS_3_258,0.07875592917117005,1.7037412809131263,4.648700063411541,1577,4,67
FOODS_3_259,0.08401495103177357,1.7041851616994292,3.9993658845909956,1577,4,68
FOODS_3_266,0.06446656177566319,3.8009369951534735,0.4394184168012924,1857,6,51
FOODS_3_269,-0.17886808685715821,2.986610079575596,1.7183023872679044,1885,7,63
FOODS_3_271,-0.5157102956592199,4.518620689655174,1.7517241379310344,1885,4,88
FOODS_3_272,-0.070496654018926,9.515085324232084,0.6580204778156996,1465,4,68
FOODS_3_274,0.37431660884184526,1.378896551724138,3.876923076923077,1885,8,66
FOODS_3_276,-0.4333431094078189,4.516763925729445,1.4848806366047744,1885,4,70
FOODS_3_280,-0.010488151238269355,4.296042440318303,0.7172413793103448,1885,4,50
FOODS_3_281,-1.3161800519500404,1.2211128860489884,11.972843450479234,1878,5,120
FOODS_3_285,-0.5661275406598901,1.2211128860489884,4.937699680511182,1878,5,78
FOODS_3_287,-0.1155727101722854,6.298298572996709,0.6558726673984633,1822,7,57
FOODS_3_289,0.15699642209378478,2.7980371352785145,1.2986737400530504,1885,4,81
FOODS_3_295,-1.0390605875101244,0.8175278514588861,14.516710875331565,1885,4,90
FOODS_3_298,-0.1014404648393199,18.817267904509286,0.7161803713527851,1885,4,68
FOODS_3_304,-0.4209333834119984,4.348541114058357,2.7846153846153845,1885,3,113
FOODS_3_317,-0.8100821975501323,1.0513315649867372,2.9888594164456235,1885,5,82
FOODS_3_318,2.1928712381044217,1.3215809018567641,16.384615384615383,1885,4,102
FOODS_3_324,-0.3995426355376553,3.1495066312997344,7.5580901856763925,1885,5,111
FOODS_3_326,0.6032798971907808,1.317941644562334,1.8986737400530505,1885,5,75
FOODS_3_334,0.11248837468370515,2.801309904153355,2.0410010649627264,1878,5,94
FOODS_3_339,-0.5292185581322751,0.8185676392572946,3.782493368700265,1885,4,72
FOODS_3_342,0.015079573067986726,1.2211128860489884,4.9419595314164,1878,5,72
FOODS_3_347,0.16705495223067465,2.217034482758621,0.6838196286472149,1885,5,71
FOODS_3_348,-0.5239200866576617,0.8185676392572946,5.969761273209549,1885,4,81
FOODS_3_349,0.1848632044192712,1.5641379310344825,7.390981432360743,1885,4,80
FOODS_3_351,-0.3795040771687601,1.0506631299734748,10.124137931034483,1885,5,71
FOODS_3_352,-0.5900785615721328,4.115851458885941,1.162864721485411,1885,4,96
FOODS_3_355,-0.8685084348222715,1.0502917771883287,4.658885941644562,1885,5,73
FOODS_3_357,-0.3425453087472188,4.093941644562334,0.9755968169761273,1885,4,70
FOODS_3_360,-0.23328034480334847,2.196840958605665,0.3044662309368192,1836,4,59
FOODS_3_363,-0.430103270323153,2.441872679045093,5.884880636604774,1885,4,88
FOODS_3_365,-0.03506568751812661,4.228561403508772,0.8339181286549707,1710,6,64
FOODS_3_374,-0.30364269461226434,2.4191936339522546,0.880106100795756,1885,4,63
FOODS_3_378,-0.15341004833038915,4.619543766578247,2.042970822281167,1885,4,73
FOODS_3_379,-0.5661113809162405,2.205459039548023,0.632768361581921,1416,4,63
FOODS_3_383,1.0418555365944762,1.320838196286472,3.329442970822281,1885,4,64
FOODS_3_387,-0.07833456976354261,2.6274907161803713,1.3681697612732096,1885,6,81
FOODS_3_391,-0.23353999094973538,2.8038410596026493,1.2974111980734497,1661,4,101
FOODS_3_392,0.08458396822397653,3.875649867374005,1.2509283819628647,1885,4,64
FOODS_3_394,0.0895135439127922,2.806502145922747,0.7033261802575107,1864,3,57
FOODS_3_396,-0.2748667200670071,10.528573680063046,0.4854215918045705,1269,4,55
FOODS_3_398,-0.1535964468571,6.063320954907164,1.0647214854111406,1885,5,71
FOODS_3_405,-0.058352089112650274,3.868371352785145,1.3920424403183025,1885,5,63
FOODS_3_406,-0.720353794297775,0.8174535809018568,10.353846153846154,1885,4,101
FOODS_3_410,0.12222447551539337,2.6430132625994696,2.387267904509284,1885,4,59
FOODS_3_422,-0.5253204013189701,2.216923076923077,0.9050397877984084,1885,5,69
FOODS_3_432,-0.8755166083644775,3.9335809018567636,1.3098143236074271,1885,7,87
FOODS_3_434,-0.14447211434720095,2.842057522123894,3.4540929203539825,1808,3,71
FOODS_3_435,1.1694287512036756,1.3215809018567641,2.59946949602122,1885,4,78
FOODS_3_440,-0.1389076287535744,4.674036939313986,0.6358839050131926,758,4,69
FOODS_3_448,-0.5139696715909935,3.1532201591511937,1.9623342175066314,1885,5,84
FOODS_3_450,-0.27846491437172244,3.040031830238726,1.726790450928382,1885,4,77
FOODS_3_461,0.06845545146853269,1.4507267904509282,1.3596816976127322,1885,4,53
FOODS_3_463,-0.13882322739421804,6.05666908037654,1.603910209992759,1381,4,104
FOODS_3_464,0.09289578269962986,3.503784072688401,0.772314270443613,1871,4,91
FOODS_3_469,-0.05121163467909464,6.1541432360742725,3.103978779840849,1885,4,98
FOODS_3_473,-0.25114752606278234,3.857294429708223,8.778779840848806,1885,6,118
FOODS_3_480,0.004417059042412093,2.668063660477454,1.4986737400530503,1885,5,52
FOODS_3_485,-0.0010404839019108702,3.867702917771883,2.470026525198939,1885,5,63
FOODS_3_488,-0.2945258925496868,4.25517911353977,0.864602307225258,1647,5,58
FOODS_3_490,0.08788782812903512,3.488476394849785,1.1593347639484979,1864,4,63
FOODS_3_491,1.2843189110617665,1.3814217506631297,15.205305039787799,1885,8,75
FOODS_3_494,-0.12571557725892912,2.9895066312997343,1.5342175066312997,1885,7,72
FOODS_3_501,-1.02182612421991,0.8171564986737402,14.643501326259948,1885,4,120
FOODS_3_504,0.6370746687438679,1.3229920424403183,1.3257294429708222,1885,4,51
FOODS_3_513,-0.09630657637014432,4.426238726790452,1.8588859416445624,1885,4,80
FOODS_3_534,-0.11974559985618789,4.800381962864722,5.463660477453581,1885,6,94
FOODS_3_535,-0.20341171552707762,6.148944297082229,1.179840848806366,1885,4,64
FOODS_3_536,0.02138661419853349,2.706684350132626,1.0371352785145889,1885,4,53
FOODS_3_539,-0.07557135938799756,2.755695284159613,0.49274486094316805,1654,4,52
FOODS_3_543,0.00933550409796882,3.806214324178783,0.4518039849219171,1857,5,56
FOODS_3_551,-0.08284126537617786,4.612477453580901,1.526259946949602,1885,4,57
FOODS_3_554,-0.043296070333762454,3.804329563812601,0.38449111470113084,1857,5,44
FOODS_3_556,0.05359009220309907,2.5254641909814324,0.483289124668435,1885,4,78
FOODS_3_559,-0.01919124013991985,2.873368700265252,1.2339522546419097,1885,7,50
FOODS_3_565,-0.10091055257715047,2.628710875331565,1.1124668435013263,1885,4,60
FOODS_3_570,-0.4801014120088834,1.7032828282828283,6.346590909090909,1584,4,70
FOODS_3_571,-0.3604419854658256,8.53904117315285,0.6068809926677947,1773,7,102
FOODS_3_578,-0.47402929605366945,3.15084350132626,2.446684350132626,1885,5,107
FOODS_3_581,-0.34013682210894003,3.0696551724137926,1.0461538461538462,1885,4,67
FOODS_3_588,-0.07367217150796038,3.8694042553191483,1.922340425531915,940,4,75
FOODS_3_589,-0.5373344395051638,1.0884145261293179,1.0593445527015057,1129,4,52
FOODS_3_590,0.059687694610988835,2.5960742705570294,1.5989389920424404,1885,7,97
FOODS_3_591,-0.023623435379100995,2.8666631299734746,1.3819628647214854,1885,8,61
FOODS_3_593,0.05090363201651251,6.543986135181978,0.6042749855574813,1731,6,69
FOODS_3_596,-0.2951869945952463,2.873368700265252,1.9957559681697612,1885,7,68
FOODS_3_605,-0.029565991137943913,2.599637912673056,0.44515441959531415,1878,6,53
FOODS_3_612,-0.24497597269665916,4.21006045949214,1.2684401451027811,1654,4,89
FOODS_3_615,-0.11878370291637734,4.309464190981432,2.495490716180371,1885,7,72
FOODS_3_617,-0.18002220577308284,2.5174535809018566,2.136870026525199,1885,4,68
FOODS_3_620,-0.0697276661767373,6.586803130644193,0.6465984346779049,1661,5,63
FOODS_3_625,-0.03561198271713239,2.9818671926364235,1.9750164365548981,1521,3,71
FOODS_3_627,0.043061405382817546,2.8172787610619476,0.5873893805309734,1808,3,62
FOODS_3_645,-0.29664210458538376,2.400445623342175,1.1978779840848806,1885,4,73
FOODS_3_646,0.2836421535928219,2.5922864721485412,1.2148541114058355,1885,7,103
FOODS_3_649,-0.00046805336229264934,5.759116847826087,0.38790760869565216,1472,4,49
FOODS_3_651,0.4015501759702936,4.31404774535809,1.026525198938992,1885,8,71
FOODS_3_654,0.09675897820386335,1.5641379310344825,4.388328912466844,1885,4,74
FOODS_3_656,0.22384046732732343,3.4997424892703854,1.0697424892703862,1864,4,66
FOODS_3_657,0.6539798548626878,3.1794376657824928,2.029177718832891,1885,4,84
FOODS_3_664,-0.25373104756925996,2.216923076923077,1.606896551724138,1885,5,97
FOODS_3_672,0.7414026237064334,2.409538461538461,2.4307692307692306,1885,5,99
FOODS_3_679,-0.1851186011521437,3.852148541114059,1.2371352785145888,1885,5,64
FOODS_3_681,-1.667787689392781,1.1047214854111407,17.314588859416446,1885,5,110
FOODS_3_687,-0.26866018383495377,2.873294429708223,1.1448275862068966,1885,7,47
FOODS_3_692,-0.5734567922216118,0.8186419098143238,3.7527851458885944,1885,4,77
FOODS_3_697,-0.40546831846284104,3.040031830238726,8.013793103448275,1885,4,81
FOODS_3_700,-0.08444208556863117,2.5911724137931036,0.6641909814323608,1885,7,86
FOODS_3_704,-0.3368117814042528,4.312732095490716,4.623872679045093,1885,6,85
FOODS_3_707,-0.4618977968806234,1.134622057001239,1.600991325898389,807,4,60
FOODS_3_709,-0.15828203814324704,2.2318658280922437,0.720125786163522,954,5,52
FOODS_3_712,0.24276325334431068,3.5638938992042433,0.9984084880636604,1885,6,61
FOODS_3_718,0.6781891936415948,1.3226206896551722,1.6896551724137931,1885,4,58
FOODS_3_720,0.07135800232995011,4.390679094540612,1.2609853528628496,751,5,75
FOODS_3_723,1.201671322436057,1.3795278514588858,15.017506631299735,1885,8,81
FOODS_3_725,-0.17279932677427354,2.842057522123894,4.625553097345133,1808,3,70
FOODS_3_727,-0.6668611177079143,3.9359204244031827,3.319363395225464,1885,8,77
FOODS_3_732,1.563117847501558,2.036954907161804,4.390450928381963,1885,5,71
FOODS_3_734,0.23733134019310564,1.6375490716180372,4.503978779840849,1885,7,76
FOODS_3_738,0.9420599069035407,1.3814217506631297,5.150132625994695,1885,8,65
FOODS_3_741,-0.2936902938756276,1.3264562334217507,18.316180371352786,1885,4,67
FOODS_3_742,-0.36251298302606905,1.2211128860489884,3.634185303514377,1878,5,66
FOODS_3_750,-0.9651066394665043,2.2619224555735054,2.4378029079159935,1857,7,57
FOODS_3_753,-0.14424769405578594,5.361198938992045,4.337931034482758,1885,5,117
FOODS_3_755,-0.7020858573286216,1.0506631299734748,11.893368700265253,1885,5,82
FOODS_3_756,-0.18865685498225232,2.627151193633952,4.616976127320955,1885,4,65
FOODS_3_757,-0.4222334589064006,2.597336870026525,3.2578249336870027,1885,6,111
FOODS_3_765,0.48940518508567266,2.8802069716775596,1.4079520697167756,1836,6,57
FOODS_3_766,0.08677761993446334,2.8084350132625997,0.86684350132626,1885,3,53
FOODS_3_769,-0.6654400250250163,1.2211128860489884,5.763045793397231,1878,5,102
FOODS_3_772,-0.5323843054353508,5.372339522546421,2.7761273209549073,1885,5,134
FOODS_3_774,-0.16253588462446839,6.323010033444818,0.7603121516164995,1794,8,68
FOODS_3_782,0.23974362750703895,2.605358090185676,3.8848806366047746,1885,4,72
FOODS_3_783,0.1417048044423841,5.364912466843504,4.945358090185676,1885,5,107
FOODS_3_784,0.5478542241058886,1.3204668435013263,1.2875331564986738,1885,4,72
FOODS_3_785,-1.1472956558511285,3.15084350132626,13.43342175066313,1885,5,140
FOODS_3_788,0.06919417110675269,3.8058373721055467,1.5201938610662358,1857,5,67
FOODS_3_794,0.1259750841043554,2.7980371352785145,1.393633952254642,1885,4,74
FOODS_3_800,-0.08351445339757342,2.2178434504792337,1.6033013844515442,1878,5,92
FOODS_3_812,-0.11144523684549011,2.83074801061008,1.7771883289124668,1885,4,71
FOODS_3_817,-0.03484317915837463,2.830302387267905,0.9612732095490716,1885,4,45
FOODS_3_822,-0.5672128399414649,3.9383342175066316,4.280106100795756,1885,7,80
FOODS_3_823,0.12359288424343023,2.747087087087087,0.7815315315315315,1332,5,74
HOBBIES_1_005,0.05428997506614376,2.9423801466441057,1.014664410603497,1773,4,66
HOBBIES_1_008,-0.4614554467256919,0.4765835543766579,7.269496021220159,1885,4,79
HOBBIES_1_020,-0.11578525843877417,12.159208979155535,0.32175307322287544,1871,3,47
HOBBIES_1_021,0.05219676759815788,11.832810278840896,0.6582832148715145,1829,4,72
HOBBIES_1_028,0.036887865133996244,7.671034482758623,0.7082228116710876,1885,3,63
HOBBIES_1_032,0.05082677958716655,0.5659522546419098,5.481697612732096,1885,4,90
HOBBIES_1_035,-0.1624998125346074,2.0271114962449457,0.15251299826689774,1731,4,30
HOBBIES_1_067,0.2755686763322266,0.5656923076923076,5.109283819628647,1885,4,84
HOBBIES_1_077,-0.073386277263125,9.872771739130437,0.3070652173913043,1472,4,55
HOBBIES_1_078,0.20802218388565336,12.455623342175066,1.9649867374005305,1885,4,92
HOBBIES_1_080,0.41153530343981226,0.5659522546419098,3.476923076923077,1885,4,81
HOBBIES_1_084,0.006010499368997775,4.231289124668436,0.8546419098143236,1885,3,63
HOBBIES_1_098,-0.14304123052051862,14.946259946949601,0.44297082228116713,1885,6,65
HOBBIES_1_099,-0.3620028840199567,14.944031830238726,0.9448275862068966,1885,6,82
HOBBIES_1_100,0.01222232947990546,11.214047745358089,0.6944297082228117,1885,4,66
HOBBIES_1_112,0.07920220598034335,2.691309012875536,0.10193133047210301,1864,4,22
HOBBIES_1_117,0.08494795753621974,12.166753315649869,0.20106100795755968,1885,4,38
HOBBIES_1_134,-0.4334274340902209,3.669259032455603,4.781383955909369,1633,3,89
HOBBIES_1_137,-0.06020686584044284,9.480435013262602,0.5946949602122016,1885,4,70
HOBBIES_1_141,-0.3934823746323082,14.944031830238726,0.9962864721485412,1885,6,93
HOBBIES_1_144,-0.03191642009383389,11.212190981432359,0.9029177718832891,1885,4,76
HOBBIES_1_157,-0.09939196785751414,11.219618037135277,0.7013262599469496,1885,4,68
HOBBIES_1_169,-0.5552673490882025,0.5655437665782493,4.641379310344828,1885,4,90
HOBBIES_1_172,-0.07429364607614743,2.9351034482758616,0.7283819628647215,1885,4,51
HOBBIES_1_176,0.08781161189162782,5.733316210045662,0.182648401826484,1752,4,38
HOBBIES_1_178,-0.7367630093539771,0.4762864721485411,8.248806366047745,1885,4,89
HOBBIES_1_189,-0.22887603879761442,0.4762864721485411,6.412732095490716,1885,4,92
HOBBIES_1_192,0.026553200004406197,3.4820324324324328,0.07621621621621621,1850,3,23
HOBBIES_1_201,0.0236826673479587,5.7788381962864745,1.2885941644562333,1885,5,64
HOBBIES_1_207,-0.008452193657188268,2.7100371352785144,0.176657824933687,1885,4,32
HOBBIES_1_215,0.046282704095259,10.92189030883919,0.9158679446219382,1878,5,64
HOBBIES_1_226,-0.4078102867748141,14.882758620689655,0.7591511936339522,1885,6,96
HOBBIES_1_236,-0.052127433568195644,11.806125881714594,4.1828540423223,1843,4,128
HOBBIES_1_240,-0.26725275339039595,2.946302367941712,0.6108075288403157,1647,4,56
HOBBIES_1_244,-0.7569177347332485,0.4762864721485411,5.927851458885941,1885,4,88
HOBBIES_1_256,-0.8786410517803162,0.4765835543766579,7.983554376657825,1885,4,97
HOBBIES_1_258,-0.16426992502865564,11.470591054313099,1.4164004259850904,1878,6,88
HOBBIES_1_261,0.5282925972446033,0.46648275862068966,5.26472148541114,1885,4,79
HOBBIES_1_268,-0.49643017909402,0.4762864721485411,9.840318302387267,1885,4,70
HOBBIES_1_273,0.0022564254637856087,12.166790450928385,0.2440318302387268,1885,3,39
HOBBIES_1_276,0.029244793638806266,7.670291777188331,0.7517241379310344,1885,3,52
HOBBIES_1_278,0.09474284785756036,0.5645782493368701,6.749602122015915,1885,5,98
HOBBIES_1_280,0.02196060083144496,10.925671087533157,0.8806366047745358,1885,5,62
HOBBIES_1_287,-0.334586420723199,5.676919402985077,0.9414925373134329,1675,4,66
HOBBIES_1_288,-0.3001812642731928,0.565840848806366,4.109283819628647,1885,4,72
HOBBIES_1_295,-0.03649398174610004,0.4753209549071618,6.546949602122016,1885,5,95
HOBBIES_1_296,-0.09462249908839644,7.186896551724137,0.5612732095490717,1885,3,60
HOBBIES_1_298,-0.07429076570534938,4.231289124668436,0.8180371352785146,1885,3,63
HOBBIES_1_300,-0.06801809115052325,9.473899204244033,1.3363395225464192,1885,4,71
HOBBIES_1_310,0.05302776532442923,5.328742705570292,0.5437665782493368,1885,5,54
HOBBIES_1_312,0.5366793747789484,0.5656923076923076,4.175066312997347,1885,4,73
HOBBIES_1_315,-0.0895119026589102,4.324960212201592,0.223342175066313,1885,5,39
HOBBIES_1_317,0.18187188679961155,7.671034482758623,0.8848806366047746,1885,3,77
HOBBIES_1_328,-0.0767014455613716,6.478546419098144,0.7559681697612732,1885,5,61
HOBBIES_1_330,-0.03176526481816219,7.668923076923077,0.9840848806366048,1885,4,72
HOBBIES_1_341,-0.5439283661134512,0.4765835543766579,7.2403183023872675,1885,4,107
HOBBIES_1_342,0.018964050561816097,20.24645208485735,0.4301389904901244,1367,4,67
HOBBIES_1_345,-0.07064465229409422,7.668923076923077,1.7628647214854112,1885,4,98
HOBBIES_1_348,-1.0337578878995093,0.4762864721485411,12.004244031830238,1885,4,82
HOBBIES_1_355,0.011484206847548384,4.231289124668436,0.6885941644562334,1885,3,55
HOBBIES_1_356,0.034866193722147304,5.532806366047748,0.5559681697612732,1885,5,53
HOBBIES_1_363,-0.00048281571936898473,2.8559211927582533,0.22044728434504793,1878,4,30
HOBBIES_1_364,0.1781719471080274,12.448938992042441,1.049336870026525,1885,5,88
HOBBIES_1_370,-1.385160964165302,0.4762864721485411,7.644031830238727,1885,4,99
HOBBIES_1_371,-0.5655354221775597,0.4762864721485411,11.692838196286472,1885,4,94
HOBBIES_1_377,-0.06557909681540022,9.746827586206896,0.19946949602122016,1885,5,39
HOBBIES_1_387,2.40666198475723,1.0131188118811882,8.504950495049505,1010,4,89
HOBBIES_1_388,0.0448427073386699,2.9407162842753216,0.8153329602686066,1787,4,56
HOBBIES_1_398,0.004187649761296003,0.5659522546419098,5.538992042440318,1885,4,88
HOBBIES_1_403,0.02648555637277249,13.33769230769231,0.25676392572944295,1885,4,60
HOBBIES_1_405,0.030740352275698296,12.176793158738644,0.1822554783538215,1871,3,39
HOBBIES_1_409,-0.16272372771310573,5.693230769230771,0.9358090185676392,1885,5,68
HOBBIES_1_417,1.8884858328900158,0.5655809018567639,3.6254641909814325,1885,4,106
HOBBIES_1_421,-0.21753079552376806,8.350603674540682,1.063867016622922,1143,3,93
HOBBIES_2_009,0.012178564216874322,5.300673740053051,0.3183023872679045,1885,4,63
HOBBIES_2_029,0.0647115753121825,2.768583645109567,0.38482095136290756,1871,4,47
HOBBIES_2_048,-0.04023542639692705,2.771464457509353,0.21004810261892037,1871,3,43
HOBBIES_2_072,0.28861297170543515,7.239338303821063,0.23485554520037277,1073,4,47
HOBBIES_2_075,0.3040864226395674,2.760876536611438,0.7830037413148049,1871,4,53
HOBBIES_2_078,-0.176864850490069,6.402848806366048,0.1946949602122016,1885,4,44
HOBBIES_2_083,0.002647501727401389,2.7710568669527897,0.31759656652360513,1864,3,48
HOBBIES_2_113,0.05674728823902518,5.6647284345047915,0.17784877529286475,1878,4,50
HOBBIES_2_117,0.05163126634672706,2.770454302512026,0.3361838588989845,1871,3,51
HOBBIES_2_133,0.019473452477318597,2.7657776590058796,0.2346338856226617,1871,3,38
HOBBIES_2_136,0.019455860772361954,2.7695189738107966,0.19347942276857297,1871,4,34
HOBBIES_2_143,-0.29861325267488514,1.0298209441128594,0.16115029842647857,1843,4,30
HOBBIES_2_145,0.05731755546583248,2.7700429184549358,0.29506437768240346,1864,3,42
HOUSEHOLD_1_001,0.04218051132693181,6.097559681697613,0.3458885941644562,1885,4,50
HOUSEHOLD_1_002,0.06563216070134015,6.109071618037135,0.2647214854111406,1885,4,53
HOUSEHOLD_1_015,0.015245705882763921,5.288992042440318,0.1649867374005305,1885,4,49
HOUSEHOLD_1_027,-0.3059921547272204,5.669055702917772,2.6917771883289126,1885,3,82
HOUSEHOLD_1_028,0.32178141773231594,2.883657736468015,1.3581191908146528,1829,6,63
HOUSEHOLD_1_029,-0.18510205443357336,7.027557932263815,1.0588235294117647,1122,4,79
HOUSEHOLD_1_039,-0.3398697309286254,2.884040459267359,1.2722799343903772,1829,6,67
HOUSEHOLD_1_040,0.18954670827976194,4.507906839622641,2.8142688679245285,1696,4,80
HOUSEHOLD_1_043,-0.17022418598242886,2.8556628477905073,0.734860883797054,611,5,57
HOUSEHOLD_1_045,0.12699219499499467,2.6843713527851465,2.1612732095490714,1885,6,81
HOUSEHOLD_1_055,0.007070843007872742,3.954827586206896,2.09867374005305,1885,5,60
HOUSEHOLD_1_071,0.09655254994281155,2.096637323943662,3.0651408450704225,1136,4,63
HOUSEHOLD_1_073,0.04785610464418964,8.41506631299735,0.3050397877984085,1885,4,40
HOUSEHOLD_1_077,0.1989293276225217,6.462322801024767,0.6695132365499573,1171,4,59
HOUSEHOLD_1_086,0.03119485635039209,4.935856763925729,1.6360742705570293,1885,5,71
HOUSEHOLD_1_087,-0.08175011804691902,4.324318302387268,1.5442970822281168,1885,3,68
HOUSEHOLD_1_095,-0.32368615403306505,6.163289124668435,0.3793103448275862,1885,4,50
HOUSEHOLD_1_105,0.026306703380206048,4.033840848806366,0.6535809018567639,1885,4,60
HOUSEHOLD_1_119,-1.1243909402400247,3.557498622589532,1.640771349862259,1815,5,73
HOUSEHOLD_1_128,-0.13785042749819504,2.6872782369146004,1.3388429752066116,1815,6,64
HOUSEHOLD_1_147,-0.3217639791275944,1.201453580901857,2.09920424403183,1885,5,46
HOUSEHOLD_1_162,-0.06746098212193549,5.670281167108753,0.9368700265251989,1885,3,76
HOUSEHOLD_1_174,-0.19418766815415756,5.8187847642079795,0.32285368802902054,1654,4,66
HOUSEHOLD_1_175,-0.0369942143516281,4.863487752928648,0.6682641107561236,1878,4,57
HOUSEHOLD_1_180,-0.15312720725471143,2.9384412153236457,2.0250990752972258,1514,4,72
HOUSEHOLD_1_181,-0.06886403611274337,4.046503978779841,0.9442970822281167,1885,4,60
HOUSEHOLD_1_189,-0.0873209652202791,5.423119913185025,0.16169289202387413,1843,4,55
HOUSEHOLD_1_206,-0.08457578839063903,4.884201591511938,0.20583554376657826,1885,4,37
HOUSEHOLD_1_212,-0.03593745020399994,4.614309551208286,1.0218642117376295,1738,4,62
HOUSEHOLD_1_235,0.06856474009652645,3.588599469496021,1.3925729442970822,1885,6,92
HOUSEHOLD_1_245,-0.2600811245953262,2.590737913486005,1.227735368956743,786,4,72
HOUSEHOLD_1_259,-0.5614359082091199,9.696938992042442,0.8673740053050398,1885,4,75
HOUSEHOLD_1_278,-0.050711523214615944,6.105172413793103,0.5915119363395226,1885,3,52
HOUSEHOLD_1_304,-0.2491911054154146,2.0967605633802817,5.70862676056338,1136,4,74
HOUSEHOLD_1_309,0.09312259100995951,6.824705570291777,0.8217506631299735,1885,4,62
HOUSEHOLD_1_318,-0.43648028064663086,2.9384412153236457,2.2450462351387053,1514,4,82
HOUSEHOLD_1_323,-0.0676061182766988,5.075623003194888,0.09158679446219382,1878,5,30
HOUSEHOLD_1_325,-0.036790400440410986,3.588042440318302,0.9713527851458886,1885,6,74
HOUSEHOLD_1_326,-0.01629625413616007,4.862183173588925,0.3349307774227902,1878,4,55
HOUSEHOLD_1_343,0.13311582334044206,4.935336870026526,1.1262599469496022,1885,5,83
HOUSEHOLD_1_359,-0.10737608842626564,6.814366290643665,0.9024552090245521,1507,5,57
HOUSEHOLD_1_365,-0.16886259526318767,4.035384615384615,0.7915119363395225,1885,4,58
HOUSEHOLD_1_376,-0.14006531564222074,5.058843501326261,1.5989389920424404,1885,4,71
HOUSEHOLD_1_381,-0.02995368330141339,4.844259946949602,1.2938992042440318,1885,3,68
HOUSEHOLD_1_403,-0.14125648871454274,3.9968457538994806,0.49740034662045063,1731,4,50
HOUSEHOLD_1_404,-0.1906390348926891,2.6883581267217633,1.7426997245179063,1815,6,75
HOUSEHOLD_1_407,-0.1728450320256647,5.179797535211269,0.6813380281690141,1136,4,53
HOUSEHOLD_1_416,-0.035030909040226745,3.588339522546419,1.6106100795755969,1885,6,100
HOUSEHOLD_1_421,-0.009685860658329846,6.204173855341739,0.7299270072992701,1507,4,67
HOUSEHOLD_1_431,-0.01760990567787648,7.38574954296161,0.8107861060329068,1094,4,77
HOUSEHOLD_1_434,-0.07292426646416816,3.9331989389920423,2.0970822281167107,1885,3,72
HOUSEHOLD_1_436,-0.35123978425833374,10.93923076923077,0.5358090185676393,1885,4,84
HOUSEHOLD_1_438,0.05566560067338412,7.341883289124671,1.009549071618037,1885,5,76
HOUSEHOLD_1_443,-0.10249466545469862,2.5229130901287555,1.5515021459227467,1864,4,48
HOUSEHOLD_1_453,0.00031404316223625087,2.0967605633802817,3.4110915492957745,1136,4,66
HOUSEHOLD_1_473,0.031673668224827554,2.0967605633802817,4.866197183098592,1136,4,62
HOUSEHOLD_1_477,0.009536077618640488,13.074222811671085,0.40742705570291776,1885,4,62
HOUSEHOLD_1_491,-0.14228686112838168,6.376659877800408,0.6262729124236253,982,4,52
HOUSEHOLD_1_492,0.043248149656385154,3.987814323607427,0.37612732095490714,1885,4,44
HOUSEHOLD_1_506,0.030982932609040316,3.5870769230769226,1.790450928381963,1885,6,87
HOUSEHOLD_1_531,-0.3275565029624711,8.365696489241223,0.4150622876557191,1766,4,54
HOUSEHOLD_2_012,0.03911557916638253,4.663022974607013,0.33978234582829503,1654,4,44
HOUSEHOLD_2_032,0.022573591158816204,8.248460918614022,0.2602739726027397,1241,4,45
HOUSEHOLD_2_034,0.05909198877607262,11.309745358090185,0.08541114058355438,1885,6,31
HOUSEHOLD_2_047,-0.12360277216268352,3.2863925729442975,0.5283819628647215,1885,4,46
HOUSEHOLD_2_050,-0.10641384164890985,7.244655264564404,0.3570283270978087,1871,4,47
HOUSEHOLD_2_062,-0.04777066323843597,2.9232891246684347,0.43713527851458883,1885,4,52
HOUSEHOLD_2_063,-0.07037801415679486,4.672694960212202,0.1649867374005305,1885,5,36
HOUSEHOLD_2_078,-0.1298286390610028,5.753289124668436,0.3050397877984085,1885,5,56
HOUSEHOLD_2_105,-0.028628425971391938,4.967863192182411,0.2045602605863192,1535,4,34
HOUSEHOLD_2_117,-0.08839937830871802,2.2829389920424403,0.3013262599469496,1885,4,39
HOUSEHOLD_2_156,-0.0034279992121073045,7.048126550868485,0.16501240694789082,1612,4,45
HOUSEHOLD_2_195,0.22368846320445054,14.806592119275825,0.32215122470713525,1878,4,55
HOUSEHOLD_2_227,-0.035788057997490956,3.952870026525199,0.129973474801061,1885,5,35
HOUSEHOLD_2_229,-0.001789479421545519,4.660399032648126,0.3162031438935913,1654,4,48
HOUSEHOLD_2_232,0.0007063815775600117,4.662853688029021,0.39600967351874244,1654,4,56
HOUSEHOLD_2_256,0.179723790291535,5.770923076923077,0.9639257294429708,1885,5,71
HOUSEHOLD_2_270,-0.022370931326809104,5.723482428115017,0.2050053248136315,1878,5,45
HOUSEHOLD_2_282,-0.10679253819589786,5.738175066312999,0.45411140583554377,1885,5,63
HOUSEHOLD_2_283,-0.06653587371396366,5.722541114058356,0.2323607427055703,1885,5,50
HOUSEHOLD_2_296,-0.015340091646935883,4.662684401451028,0.2623941958887545,1654,4,42
HOUSEHOLD_2_353,0.06346511115161901,4.660399032648126,0.6336154776299879,1654,4,49
HOUSEHOLD_2_357,0.008244791544989355,8.027633952254641,0.21114058355437665,1885,4,52
HOUSEHOLD_2_366,-0.10689853090080408,3.8365251989389915,0.49389920424403183,1885,5,48
HOUSEHOLD_2_383,-0.014730307274262265,3.9379310344827587,0.2026525198938992,1885,4,40
HOUSEHOLD_2_384,0.027662849831566156,5.676419098143238,0.22281167108753316,1885,6,49
HOUSEHOLD_2_387,0.21659966494352845,5.82307961504812,0.20822397200349957,1143,4,46
HOUSEHOLD_2_408,-0.052468075433437775,7.242513312034079,0.31895633652822153,1878,4,44
HOUSEHOLD_2_427,-0.13102454630736843,3.28407427055703,0.45039787798408487,1885,5,42
HOUSEHOLD_2_439,-0.18014063776271771,5.723952254641911,0.49018567639257293,1885,5,62
HOUSEHOLD_2_445,-0.3730676355850238,5.632440318302388,0.21061007957559683,1885,4,45
HOUSEHOLD_2_446,-0.008880220199847187,25.092324959914485,0.06413682522715125,1871,6,30
HOUSEHOLD_2_450,0.21365568224204223,9.572175066313,0.6546419098143236,1885,4,66
HOUSEHOLD_2_472,0.08576912649520542,7.244767504008552,0.3778727952966328,1871,4,47
HOUSEHOLD_2_488,-0.07122460263645278,4.921464190981432,0.41644562334217505,1885,4,43
HOUSEHOLD_2_495,0.03921223746659898,5.641103448275863,0.30875331564986735,1885,5,63
HOUSEHOLD_2_497,-0.22375784380115726,5.774466843501328,0.17612732095490716,1885,4,36
FOODS_1_009,-0.10866692017490345,2.398654104979812,0.5847913862718708,1486,4,61
FOODS_1_010,0.05191811591473074,5.3689372325249645,0.2225392296718973,1402,10,39
FOODS_1_011,0.1552015449001952,2.519389920424403,0.6137931034482759,1885,4,73
FOODS_1_012,-1.5932499315044963,5.487381092190253,3.0563711098062245,1703,10,84
FOODS_1_013,-0.11626510655663555,1.4739681697612734,1.3294429708222812,1885,4,56
FOODS_1_015,-0.32340212874574714,3.2045644040619994,0.6937466595403528,1871,6,107
FOODS_1_017,0.005854958173196575,2.359364435429344,0.5625422582826234,1479,4,61
FOODS_1_022,-6.501869071315859e-06,4.597058823529411,0.12362911266201396,1003,9,27
FOODS_1_023,-0.7179353845020184,5.485531415149736,1.4674104521432765,1703,9,90
FOODS_1_030,-0.23384595073280895,3.189190628328009,0.536741214057508,1878,6,74
FOODS_1_033,0.03094277500538097,5.380984793627806,0.4112961622013034,1381,9,69
FOODS_1_034,-0.0017883449941200201,5.522743801652892,0.3212121212121212,1815,8,40
FOODS_1_035,0.12208046424127102,2.518647214854111,0.7082228116710876,1885,4,75
FOODS_1_037,-0.21671514439343895,3.2214696485623002,1.0479233226837061,1878,5,102
FOODS_1_038,-0.13063848055362434,9.194302449414272,0.5399361022364217,1878,5,76
FOODS_1_044,0.4127315858083719,2.815713527851459,1.9421750663129973,1885,4,119
FOODS_1_049,-0.45480114919067544,2.2405198938992044,0.979840848806366,1885,4,54
FOODS_1_053,-0.08994334072041929,5.548636604774536,0.3750663129973475,1885,6,55
FOODS_1_055,-0.3212133883244793,3.9165517241379306,2.743236074270557,1885,5,169
FOODS_1_059,0.013579386713538992,4.708763102725367,0.4790356394129979,954,7,52
FOODS_1_061,-0.2310856256101641,2.168159871244636,1.6824034334763949,1864,4,67
FOODS_1_065,-0.18914171290041842,3.3024827586206897,0.6509283819628647,1885,4,54
FOODS_1_072,0.04400911756324982,4.88785400658617,0.4110867178924259,1822,4,55
FOODS_1_073,0.06463142921922296,1.9872785145888596,1.1570291777188328,1885,4,61
FOODS_1_076,-0.008007494331257232,5.502366047745357,0.7893899204244031,1885,7,66
FOODS_1_081,-0.8715307585611911,5.4883264826776275,0.9788608338226659,1703,10,72
FOODS_1_087,-1.2692322055234357,5.48557251908397,1.925425719318849,1703,11,67
FOODS_1_088,-0.368173413656268,4.875411140583555,1.529973474801061,1885,4,108
FOODS_1_093,-0.2569504957417123,5.487093364650617,0.2178508514386377,1703,10,49
FOODS_1_094,0.0861736043552331,3.311246684350133,0.810079575596817,1885,4,50
FOODS_1_095,0.0027009937080982606,3.0270291777188327,0.20212201591511936,1885,16,39
FOODS_1_096,0.037506360375296845,5.909782493368699,0.31087533156498676,1885,13,46
FOODS_1_103,-0.36548524645462965,3.961702917771882,1.3883289124668434,1885,4,116
FOODS_1_106,0.09266571040735656,3.3188965517241384,1.2960212201591512,1885,4,58
FOODS_1_107,-0.07669514993279047,5.452878787878787,0.20707070707070707,1584,10,44
FOODS_1_128,-0.4252180632782697,3.9521786492374718,0.721677559912854,1836,5,55
FOODS_1_129,-0.032139696275503594,5.9742493368700265,0.4116710875331565,1885,14,52
FOODS_1_130,0.0014017150594317794,1.7547851458885944,1.7220159151193635,1885,4,60
FOODS_1_133,-0.7563415825504167,3.186222811671088,0.8153846153846154,1885,8,99
FOODS_1_141,0.13847663561488563,3.3247639257294432,0.6716180371352786,1885,4,60
FOODS_1_142,-0.15474645064898487,1.4748029818956339,0.8173588924387647,1878,4,51
FOODS_1_147,-0.5389786905510747,4.728708987161198,0.42296718972895864,1402,10,57
FOODS_1_148,-0.38586540777264955,4.725763195435093,0.231811697574893,1402,10,41
FOODS_1_150,-0.2863588185354943,4.878047745358091,1.1994694960212202,1885,4,73
FOODS_1_154,-0.5357678768801303,1.4746737400530505,2.4652519893899205,1885,4,78
FOODS_1_156,0.03205076537018365,2.364172274562584,0.6493943472409152,1486,4,56
FOODS_1_157,0.003493472074037875,4.695772681954138,0.26321036889332006,1003,9,42
FOODS_1_159,-0.007233984545577493,4.717128614157527,0.2123629112662014,1003,8,34
FOODS_1_164,0.024646843242400927,5.3616559139784945,0.13333333333333333,1395,9,37
FOODS_1_166,-0.06176648004790961,2.166286472148542,2.1342175066312996,1885,4,68
FOODS_1_168,0.013295411689146917,2.1635013262599476,0.7023872679045093,1885,4,54
FOODS_1_170,-1.1793383725228812,5.48590135055784,2.8120963006459188,1703,11,64
FOODS_1_171,0.03310624273109995,4.700169491525424,0.46859421734795614,1003,7,63
FOODS_1_174,-0.15680082033300236,4.871660477453582,0.9671087533156498,1885,5,68
FOODS_1_176,-0.5587659860641544,3.2291480298189565,0.5122470713525027,1878,5,86
FOODS_1_187,-0.21229175602950448,9.185893899204245,1.106631299734748,1885,5,93
FOODS_1_189,-0.17760186949035803,2.365465505693235,0.4333556597454789,1493,4,54
FOODS_1_191,-0.23773535995130116,5.487627715795655,0.20551967116852612,1703,10,40
FOODS_1_192,-0.22766455282053322,2.347098143236074,0.8774535809018568,1885,4,56
FOODS_1_193,0.016933868746936823,4.699820538384846,0.6440677966101694,1003,7,69
FOODS_1_197,-0.25878467641166103,4.875633952254643,1.1108753315649866,1885,4,59
FOODS_1_199,-0.45975983562487294,5.481092190252495,0.48502642395772166,1703,10,55
FOODS_1_201,-0.045461135126250544,2.1646896551724146,2.0419098143236076,1885,4,68
FOODS_1_206,0.3064581069103047,1.9932997347480108,2.80053050397878,1885,5,86
FOODS_1_211,-0.12260583396362877,5.4820786846741045,0.17968291250733998,1703,10,41
FOODS_1_219,-0.2410640075752335,2.165618037135279,2.4450928381962864,1885,4,75
FOODS_2_002,-0.40093680648207086,2.0557305336832896,1.3875765529308837,1143,4,67
FOODS_2_005,0.16950437819472378,3.7937241379310342,0.3931034482758621,1885,6,46
FOODS_2_006,-0.02078517675520374,10.302322536181945,0.23638869745003446,1451,5,39
FOODS_2_010,-0.0323481388062888,2.50404774535809,0.6557029177718833,1885,4,58
FOODS_2_011,-0.3734213266294262,2.8393050397877984,0.5501326259946949,1885,5,49
FOODS_2_014,-0.03343219625511169,2.9331883289124665,2.2344827586206897,1885,4,78
FOODS_2_016,0.04402828092351562,1.1790919811320757,5.111438679245283,1696,3,64
FOODS_2_017,-0.010563637971799147,3.720153846153846,0.4480769230769231,520,4,56
FOODS_2_019,0.14197079519404507,3.2297188328912467,18.511405835543766,1885,5,124
FOODS_2_020,-0.11138962980445571,2.543708222811671,0.7262599469496022,1885,4,60
FOODS_2_021,0.7350086330428769,0.860604774535809,6.347480106100796,1885,5,66
FOODS_2_025,-0.11022982854933357,3.8085782493368696,0.7984084880636605,1885,6,61
FOODS_2_027,0.24820131850300933,2.229329971181556,0.8537463976945245,1388,5,74
FOODS_2_029,-1.2951288623574275,10.911055702917771,2.848806366047745,1885,4,146
FOODS_2_030,-0.1712319680622742,4.464068965517243,3.349602122015915,1885,4,75
FOODS_2_034,0.0025574555232748607,2.5428912466843503,0.9310344827586207,1885,4,51
FOODS_2_036,0.40424408577386983,3.4890362087326943,2.5681576144834932,1878,7,97
FOODS_2_037,-0.025613770994089922,7.3478832891246695,0.3925729442970822,1885,6,52
FOODS_2_041,0.04407588146766816,3.76226525198939,0.3830238726790451,1885,6,50
FOODS_2_042,0.22820014004177522,2.174132625994695,0.8074270557029177,1885,4,70
FOODS_2_043,-0.4021961808941469,2.8393050397877984,0.8620689655172413,1885,5,54
FOODS_2_044,-0.10642317572560905,2.5440053050397875,0.8079575596816976,1885,4,44
FOODS_2_045,0.20351532692426394,6.899408695652175,0.7852173913043479,1150,4,69
FOODS_2_047,-0.09274400253719756,2.9390557029177717,2.1824933687002654,1885,5,76
FOODS_2_049,-0.7346212156966101,2.60363925729443,0.6053050397877984,1885,3,50
FOODS_2_052,-0.09158236235323827,12.938344827586207,1.6944297082228117,1885,8,90
FOODS_2_054,-0.10072540404748039,2.7361591511936343,3.212732095490716,1885,4,69
FOODS_2_055,-0.17390005805063713,2.5459110867178922,0.8309549945115258,1822,4,58
FOODS_2_058,0.022055415871267237,4.881127450980392,0.5419389978213508,1836,4,52
FOODS_2_060,-0.02724103677264848,7.350631299734749,1.6827586206896552,1885,6,84
FOODS_2_061,0.011827167989968301,1.9808010610079576,2.083819628647215,1885,5,67
FOODS_2_062,-0.02343547170858013,5.453458885941644,0.8705570291777188,1885,6,67
FOODS_2_063,0.004794709878665264,2.9386100795755965,1.8583554376657825,1885,5,72
FOODS_2_064,-0.10378871691870074,2.3061432360742704,0.34641909814323607,1885,3,38
FOODS_2_067,-0.09990133886438765,2.174132625994695,0.8673740053050398,1885,4,69
FOODS_2_068,0.049357126743836466,7.364668435013264,0.1909814323607427,1885,5,44
FOODS_2_070,-0.1498703457816599,6.024417887432538,0.5535851966075559,1297,4,74
FOODS_2_072,-0.56767796914623,2.839007957559681,0.8254641909814323,1885,5,58
FOODS_2_075,0.17428707157165513,2.372664298401421,2.2273534635879217,1689,4,77
FOODS_2_076,-0.020433857969512963,10.172705570291779,0.26419098143236075,1885,5,58
FOODS_2_079,-0.10296805255169643,3.80583023872679,0.6435013262599469,1885,6,57
FOODS_2_080,0.0011627726466279197,2.174132625994695,1.26684350132626,1885,4,67
FOODS_2_083,-0.03737626330220308,6.9858359957401515,0.8237486687965921,1878,5,69
FOODS_2_085,-0.4402374093673753,3.5753909240021873,0.7561509021323127,1829,7,68
FOODS_2_086,-0.9933115951208229,2.60363925729443,1.303448275862069,1885,3,61
FOODS_2_087,0.012994520460102299,10.175045092838197,0.2312997347480106,1885,5,49
FOODS_2_088,0.028304737097951095,7.0219257294429696,0.3363395225464191,1885,7,49
FOODS_2_092,0.07865336399243786,3.4868370607028747,0.7907348242811502,1878,7,67
FOODS_2_100,-0.1345138444941733,2.5431511936339524,0.7358090185676393,1885,4,54
FOODS_2_104,-0.16939521651587205,7.294620689655174,1.0721485411140583,1885,7,73
FOODS_2_105,0.21837943472549762,3.098362235067438,0.8651252408477842,1038,4,63
FOODS_2_106,-0.013188524800055607,5.330946327683615,0.6129943502824858,1416,4,53
FOODS_2_107,0.014089323867988408,2.0002228116710876,1.0392572944297083,1885,4,63
FOODS_2_108,-0.16753646027025285,3.0937511353315172,0.701180744777475,1101,4,63
FOODS_2_111,-0.04242125920602693,6.032046481601034,0.3098773402194964,1549,4,42
FOODS_2_112,-0.15012061551519146,3.3301025163094136,2.8275862068965516,1073,4,90
FOODS_2_113,-0.056389691984309646,2.8652377762893497,0.46483590087073007,1493,4,47
FOODS_2_116,-0.25626266078188703,1.966206896551724,2.5920424403183024,1885,4,74
FOODS_2_119,-1.099706323386544,2.632604774535809,1.9183023872679046,1885,4,46
FOODS_2_121,-0.1825425753647965,1.6425284339457566,0.7839020122484689,1143,5,75
FOODS_2_124,-0.5352186573296448,2.788841634023503,1.0285394515948516,1787,4,50
FOODS_2_126,-0.3921619639124149,4.655034482758621,0.7496021220159151,1885,8,77
FOODS_2_128,-0.7428671797830604,0.860604774535809,7.587798408488064,1885,5,82
FOODS_2_132,-0.1782058859657422,2.8259269469331496,0.5947622329427981,1451,5,50
FOODS_2_133,-0.4372360016633358,2.838970822281167,0.5453580901856764,1885,5,57
FOODS_2_134,-0.02625624415535149,2.9779204244031825,1.016445623342175,1885,6,57
FOODS_2_137,-0.18043592004970155,2.543708222811671,0.5352785145888594,1885,4,38
FOODS_2_138,-0.2636636697303136,1.9162015915119368,1.719893899204244,1885,5,66
FOODS_2_139,-0.21329401906063336,2.980148541114058,2.136870026525199,1885,6,75
FOODS_2_141,-0.4296455720567272,7.093374005305042,0.8822281167108753,1885,4,65
FOODS_2_143,-0.04221827645439184,4.051856763925729,0.7416445623342175,1885,4,51
FOODS_2_146,-0.18134595611567764,1.9665039787798406,1.483289124668435,1885,4,66
FOODS_2_147,-0.15956968078388467,3.7249335863377606,0.6869070208728653,527,4,58
FOODS_2_148,0.08270081067431094,2.847734478203434,0.39696169088507266,1514,5,43
FOODS_2_150,0.20487461682940836,2.933559681697613,2.9262599469496022,1885,4,79
FOODS_2_151,-0.005211337770730207,2.0555809859154928,1.1892605633802817,1136,4,63
FOODS_2_152,0.13754755094388374,2.389918918918919,2.0681081081081083,1850,6,86
FOODS_2_153,0.03345356081146208,2.933559681697613,1.783554376657825,1885,4,74
FOODS_2_154,-0.10879485220323992,12.956058355437666,0.23289124668435013,1885,8,48
FOODS_2_157,0.024284655543940013,3.8052360742705567,0.9151193633952255,1885,6,63
FOODS_2_163,-0.38993811385443095,2.8372254641909813,0.45411140583554377,1885,5,48
FOODS_2_165,-0.043224284911111945,3.9502133850630448,0.3006789524733269,1031,5,48
FOODS_2_166,-0.09962916933178742,2.175023872679045,1.2037135278514588,1885,4,69
FOODS_2_167,-0.12454047835776504,2.542779840848806,0.5405835543766578,1885,4,43
FOODS_2_169,0.15403893446573047,5.919869706840391,0.44104234527687297,1535,3,67
FOODS_2_171,0.0028002004028838657,2.938546419098143,0.6610079575596817,1885,5,45
FOODS_2_173,0.019511965916243927,8.747570291777189,0.8259946949602122,1885,5,77
FOODS_2_174,-0.5569726668644749,2.792838196286472,1.3888594164456234,1885,5,69
FOODS_2_176,-0.3153994481853689,2.7872307692307694,1.0779840848806366,1885,6,73
FOODS_2_177,-0.13460189523951446,3.2796036988110955,0.7424042272126816,1514,5,59
FOODS_2_182,0.050071850322480925,2.000668435013263,1.257294429708223,1885,4,65
FOODS_2_183,0.05607766610381065,8.753920424403185,1.6180371352785146,1885,5,107
FOODS_2_184,-0.25626127886996847,5.053519619500596,1.665873959571938,1682,5,71
FOODS_2_188,-0.418391157445782,2.8393050397877984,0.6015915119363395,1885,5,55
FOODS_2_190,-0.48303370399451756,2.838970822281167,0.5278514588859416,1885,5,54
FOODS_2_192,0.17924167412394307,1.932084880636605,2.1188328912466843,1885,5,65
FOODS_2_194,-0.2306113693473008,6.987326943556978,2.0575079872204474,1878,5,82
FOODS_2_195,-0.06925991619760698,3.28168700265252,0.22015915119363394,1885,7,40
FOODS_2_196,0.19690933811018113,3.802785145888594,0.6164456233421751,1885,6,56
FOODS_2_197,0.08386058465281987,3.2294217506631306,21.32944297082228,1885,5,115
FOODS_2_198,-0.3594591032657634,9.518164456233423,0.6318302387267904,1885,4,81
FOODS_2_203,-0.20008006778724421,3.340651162790697,0.7534883720930232,1290,4,62
FOODS_2_205,0.057412964818463426,2.86560157790927,0.5601577909270217,1521,4,45
FOODS_2_207,0.04177356303447635,7.37402652519894,0.2816976127320955,1885,5,45
FOODS_2_211,-0.23146518325511198,2.301352785145889,0.9342175066312998,1885,4,49
FOODS_2_212,-1.5184770197128525,4.656891246684351,2.3485411140583556,1885,8,126
FOODS_2_213,-0.07391252951609502,3.9498848538529674,0.5137289636846767,1129,5,56
FOODS_2_216,0.007589345376545499,5.970580575149215,0.6825827455236029,1843,3,54
FOODS_2_218,0.03556867683453674,3.8016710875331565,0.5830238726790451,1885,7,51
FOODS_2_219,-0.058360508696189216,2.838636604774536,0.6509283819628647,1885,5,55
FOODS_2_220,0.07152112438979585,2.000816976127321,1.3877984084880637,1885,4,64
FOODS_2_223,-0.17773275457816062,2.1703526858383073,0.5002712967986978,1843,4,50
FOODS_2_224,-0.003944603389474229,5.728845315904139,0.6802832244008714,1836,6,61
FOODS_2_226,0.008461890297072875,7.529935897435899,0.19391025641025642,1248,4,35
FOODS_2_227,-0.14627031086146572,4.413046296296296,0.49444444444444446,1080,4,55
FOODS_2_229,0.007647055552603613,2.174132625994695,0.459946949602122,1885,4,50
FOODS_2_230,-0.034968770355421466,2.175023872679045,0.48381962864721484,1885,4,47
FOODS_2_231,-0.14133565800109255,2.5441167108753313,0.63342175066313,1885,4,61
FOODS_2_233,-0.08670149991966768,4.447320954907164,2.616976127320955,1885,4,68
FOODS_2_234,-0.17214925319104235,2.8518324607329846,0.6132198952879581,1528,4,53
FOODS_2_235,-0.09483584464741339,2.8261594202898546,0.5451505016722408,1794,5,52
FOODS_2_237,0.019906059012179254,2.50404774535809,0.9278514588859417,1885,4,58
FOODS_2_238,-0.2051968212968785,1.642895888013998,0.8075240594925635,1143,5,53
FOODS_2_240,-0.06770769458701519,2.174132625994695,1.8047745358090186,1885,4,69
FOODS_2_243,-0.006113361776760857,7.378631299734749,0.3092838196286472,1885,5,44
FOODS_2_245,-0.3843116801731913,2.976472148541114,0.870026525198939,1885,7,62
FOODS_2_251,-0.06571520261646724,7.583427055702919,0.48753315649867374,1885,4,80
FOODS_2_252,-0.21038809347986295,3.918389121338911,0.3682008368200837,478,4,55
FOODS_2_258,-0.03045397709128529,3.0121538461538457,0.8864721485411141,1885,4,60
FOODS_2_260,-0.29995060028489823,2.8255039637599095,0.4297848244620612,1766,5,46
FOODS_2_262,0.0419195669973892,2.0000742705570294,0.8753315649867374,1885,4,58
FOODS_2_263,-0.12612561241816647,5.934458154506439,0.5552575107296137,1864,8,77
FOODS_2_264,-0.012196347565462843,3.760557029177719,0.596816976127321,1885,5,67
FOODS_2_265,-0.18844980938707723,3.628799355358582,0.5858178887993554,1241,5,57
FOODS_2_267,0.07725129900099352,1.932901856763926,1.742705570291777,1885,5,63
FOODS_2_268,-0.15205488231682326,3.6290249798549548,0.44480257856567285,1241,5,47
FOODS_2_269,0.18398815741917698,2.864538818845388,0.528865295288653,1507,4,53
FOODS_2_270,-0.03286230385590338,3.4547829937998227,0.6191319751992914,1129,5,68
FOODS_2_272,-0.11404636485677727,2.0551181102362204,0.7060367454068242,1143,4,57
FOODS_2_273,0.250644895838988,2.840425392670157,0.5222513089005235,1528,6,50
FOODS_2_274,-0.5656819832361943,7.093374005305042,1.2159151193633952,1885,4,96
FOODS_2_276,-0.23630291453450844,3.2297188328912467,13.724137931034482,1885,5,107
FOODS_2_280,0.20614189896184365,3.732705570291777,0.32148541114058354,1885,6,61
FOODS_2_281,0.06023527910072037,7.3725411140583565,0.2323607427055703,1885,5,44
FOODS_2_282,-0.09307480268800052,6.988221512247073,0.9132055378061767,1878,5,76
FOODS_2_285,-0.16306898299803319,3.6999257294429704,1.0779840848806366,1885,4,67
FOODS_2_288,-0.04656030325365012,2.828944297082228,0.7204244031830239,1885,5,57
FOODS_2_293,0.26964511559166715,3.935283819628647,4.5564986737400535,1885,6,93
FOODS_2_294,-0.5919377146312198,1.1809602122015916,2.646684350132626,1885,4,67
FOODS_2_295,-0.31443656822456467,12.952419098143237,0.5018567639257294,1885,8,91
FOODS_2_296,0.04405270892611078,3.0937592592592593,0.45740740740740743,1080,4,48
FOODS_2_297,0.13738784903800907,3.4882534611288603,0.7784877529286475,1878,7,73
FOODS_2_298,-0.21644975383569573,12.941241379310343,0.2620689655172414,1885,8,81
FOODS_2_299,-0.6137701722892622,2.0142546419098144,5.3283819628647215,1885,4,89
FOODS_2_300,-0.18053348433118696,6.308846416382255,0.23822525597269625,1465,4,62
FOODS_2_302,-0.1442009035817905,10.891358447488587,0.4126712328767123,1752,4,83
FOODS_2_303,0.03269452196509218,2.171273920174959,0.5937670858392564,1829,3,61
FOODS_2_305,-0.31434862979465855,8.855687002652525,0.4026525198938992,1885,4,58
FOODS_2_308,-0.31946714504861307,2.793580901856764,0.956498673740053,1885,5,61
FOODS_2_309,-0.00393557535492149,2.6213420195439743,1.6143322475570032,1535,3,67
FOODS_2_310,-0.11582778151503703,3.9375415676959618,0.35748218527315917,842,6,45
FOODS_2_311,-0.10947474117034252,2.938684350132626,2.180371352785146,1885,5,77
FOODS_2_314,0.10236405216511883,4.864841449603625,0.5,1766,4,58
FOODS_2_317,-0.14776527786480065,12.936376657824933,0.2843501326259947,1885,8,56
FOODS_2_319,-0.2917404413144397,2.789867374005305,0.5957559681697613,1885,5,51
FOODS_2_322,0.07976478290444178,2.9395862068965513,0.7140583554376658,1885,5,60
FOODS_2_323,-0.05895763254623528,3.758774535809018,0.2663129973474801,1885,6,44
FOODS_2_325,0.2769181987915635,1.180331557134399,6.229129662522203,1689,4,72
FOODS_2_329,-0.014812414707659809,3.5682334217506626,0.7198938992042441,1885,6,52
FOODS_2_330,-0.09709232764966608,4.051262599469495,0.7602122015915119,1885,4,50
FOODS_2_331,0.12957504462641695,2.8641207697412074,0.6735235567352356,1507,4,50
FOODS_2_333,0.11577521396780202,3.240408488063661,0.9023872679045093,1885,4,64
FOODS_2_336,-0.17874549391928937,2.608453802639849,0.47454431175361406,1591,5,61
FOODS_2_339,0.13048728643466848,3.4891107561235355,0.7736954206602769,1878,7,64
FOODS_2_340,-0.22619627545462923,3.0027639257294427,0.8058355437665783,1885,6,63
FOODS_2_343,-0.0017359697303386528,3.767389920424403,0.28488063660477453,1885,6,45
FOODS_2_344,-0.15429222979846646,2.833846153846154,1.120424403183024,1885,5,52
FOODS_2_347,-0.45684185481352885,2.0142546419098144,13.16498673740053,1885,4,103
FOODS_2_351,-0.25171514940628625,3.00751724137931,0.7713527851458886,1885,5,52
FOODS_2_353,-0.2561701062046617,2.9240742705570293,1.2376657824933688,1885,5,80
FOODS_2_358,-0.08842634104396768,2.6487267904509286,0.496551724137931,1885,5,49
FOODS_2_359,0.24335982768332431,2.013289124668435,3.8413793103448275,1885,4,84
FOODS_2_360,2.170288460208134,0.860604774535809,12.659416445623343,1885,5,96
FOODS_2_361,0.08196923313655383,3.798885941644562,0.7437665782493369,1885,6,81
FOODS_2_364,-0.023085935277702835,2.6615331564986735,1.0657824933687003,1885,4,58
FOODS_2_366,-0.4555044813206281,2.8126752767527674,0.3837638376383764,1626,5,41
FOODS_2_367,0.16805998093180716,4.880631808278867,0.7745098039215687,1836,4,67
FOODS_2_368,0.7070441385947069,7.498164456233423,1.0074270557029177,1885,4,86
FOODS_2_373,-0.19657958483137358,5.736332067281606,0.8361367335865437,1843,6,76
FOODS_2_376,-0.3958115585998665,1.9668753315649867,2.390450928381963,1885,4,63
FOODS_2_378,-0.03660342170004309,3.4859840848806365,0.329973474801061,1885,4,41
FOODS_2_380,0.21016280803605478,5.0220648648648645,2.097297297297297,1850,4,97
FOODS_2_381,-0.08590091596518053,2.542779840848806,1.2779840848806365,1885,4,67
FOODS_2_382,-0.01888887158760178,3.581172413793103,1.1283819628647216,1885,9,64
FOODS_2_383,-0.44572472224837395,2.0722405431619784,1.3695441319107662,1031,4,63
FOODS_2_386,-0.05519953148196511,2.8451933333333335,0.51,1500,4,52
FOODS_2_388,-0.21610996908213556,2.980148541114058,1.9374005305039788,1885,6,61
FOODS_2_389,0.029342338680706553,12.945140583554378,0.32891246684350134,1885,9,65
FOODS_2_391,0.03890613697959134,2.000668435013263,1.4355437665782493,1885,4,69
FOODS_2_394,-0.23654577427187665,2.7361591511936343,0.560212201591512,1885,4,43
FOODS_2_395,-0.021363799833092043,3.944335937499999,0.3017578125,1024,6,46
FOODS_2_399,-0.0072345612462752455,2.000668435013263,1.4625994694960212,1885,4,66
FOODS_3_012,-0.5329786118956686,2.2619224555735054,1.5971997845988153,1857,7,68
FOODS_3_020,-1.5494458104633302,1.0506631299734748,6.031830238726791,1885,5,84
FOODS_3_029,-0.12494693726717367,1.3798620689655172,1.2355437665782494,1885,8,58
FOODS_3_030,1.8100837584254463,1.3229920424403183,8.570291777188329,1885,4,99
FOODS_3_035,0.02167509844162728,3.857294429708223,1.6286472148541113,1885,6,71
FOODS_3_054,1.3497721712983741,2.036806366047746,5.071618037135279,1885,5,74
FOODS_3_057,-0.24649185975041715,2.7579129129129125,0.5765765765765766,1332,5,62
FOODS_3_059,0.0911426553654385,2.2169973474801066,0.9421750663129973,1885,5,71
FOODS_3_062,-0.007145946223011639,2.845896226415094,1.0913915094339623,1696,4,60
FOODS_3_064,-3.6152522205565125,1.1310872027180068,14.998867497168742,1766,4,87
FOODS_3_066,0.06450813627323454,2.997024456521739,2.822690217391304,1472,4,112
FOODS_3_068,-0.40825365447447237,2.407501326259947,0.6620689655172414,1885,4,58
FOODS_3_073,1.8050892818037716,2.94876168224299,2.5911214953271027,856,4,166
FOODS_3_076,-1.30968233230317,1.1030875331564984,3.815915119363395,1885,5,79
FOODS_3_081,0.0916045571331446,4.602822281167108,0.6031830238726791,1885,5,58
FOODS_3_083,-0.1410407155558593,18.817267904509286,1.2694960212201591,1885,4,90
FOODS_3_086,-1.6767968454846567,1.1028275862068966,7.849336870026526,1885,5,77
FOODS_3_090,2.1640968347620575,1.3837612732095488,66.98355437665782,1885,8,81
FOODS_3_091,-0.016647550531691625,6.080636604774538,1.0408488063660477,1885,4,73
FOODS_3_092,-0.17710948428419498,3.706684350132626,2.463129973474801,1885,5,68
FOODS_3_093,-0.10761065515809871,2.2178434504792337,0.7795527156549521,1878,5,73
FOODS_3_096,-0.18881866213162543,4.315702917771882,1.2588859416445624,1885,5,77
FOODS_3_098,-0.27797851003333046,4.3142175066313,1.5352785145888594,1885,5,83
FOODS_3_110,-0.11069952966451574,10.36587352625938,0.6816720257234726,933,4,79
FOODS_3_113,-0.6760372012423628,1.1534429708222813,5.212201591511937,1885,4,65
FOODS_3_115,-0.31864539380646273,4.311618037135278,1.830238726790451,1885,6,87
FOODS_3_117,-0.28134625601091,2.216923076923077,1.2042440318302388,1885,5,66
FOODS_3_124,-0.022289427735029295,5.366769230769233,5.651989389920424,1885,5,90
FOODS_3_132,-0.035926554992014546,2.655160065111232,2.187194791101465,1843,4,74
FOODS_3_133,-0.9462615163414263,0.8185676392572946,6.186737400530504,1885,4,98
FOODS_3_136,-0.3198353773433612,4.31236074270557,3.7803713527851457,1885,6,89
FOODS_3_140,-0.07430957594153995,2.981775147928994,3.21827744904668,1521,3,77
FOODS_3_141,0.12977070508983546,2.7980371352785154,0.6891246684350133,1885,4,46
FOODS_3_146,-0.04213184680820184,5.366769230769233,1.4275862068965517,1885,5,81
FOODS_3_148,-0.08566951780044205,1.0506631299734748,2.976127320954907,1885,5,65
FOODS_3_150,0.33483798781513546,2.2168859416445628,4.871618037135279,1885,5,118
FOODS_3_152,0.11013261556611355,2.6325071225071226,0.9358974358974359,702,4,91
FOODS_3_156,-0.05978741829235344,3.8576657824933687,5.812732095490716,1885,6,105
FOODS_3_160,0.2600485114001406,2.635633952254642,1.2021220159151194,1885,3,81
FOODS_3_168,-0.20143998346987668,3.77276923076923,0.6,1885,5,58
FOODS_3_173,-0.020553319385928963,11.288371005455964,0.2681215900233827,1283,4,51
FOODS_3_174,-0.05686067123924521,6.1201591511936355,0.6371352785145888,1885,4,59
FOODS_3_185,0.858778346969007,2.33940445026178,1.4005235602094241,1528,4,74
FOODS_3_195,0.2025252675685614,2.660346620450607,1.8087810514153668,1731,4,83
FOODS_3_196,-0.015213586472062586,4.459660477453582,0.8912466843501327,1885,4,72
FOODS_3_198,0.07624975511926599,5.921920152091255,0.5522813688212928,1052,4,62
FOODS_3_200,-0.6517534102281144,2.148466843501326,1.016976127320955,1885,4,91
FOODS_3_202,-0.4060567571482458,4.3142175066313,16.47320954907162,1885,6,116
FOODS_3_203,-0.40657605552164394,4.472732095490718,3.0488063660477454,1885,4,95
FOODS_3_205,-1.0721148730304229,1.1277886977886977,2.493857493857494,814,4,70
FOODS_3_213,-0.43462713486330795,2.196840958605665,0.6427015250544662,1836,4,67
FOODS_3_214,-0.6566105261286777,1.0513315649867372,2.33368700265252,1885,5,84
FOODS_3_215,0.6114818178575905,1.1678455512031338,1.7034135422495802,1787,3,50
FOODS_3_219,1.2081193663424674,1.3222493368700263,6.655702917771883,1885,4,57
FOODS_3_222,-0.13037769393575865,4.194281115879828,1.0853004291845494,1864,5,70
FOODS_3_224,-0.6387987275308912,3.9372944297082224,2.909814323607427,1885,7,88
FOODS_3_227,0.381140794617747,2.605358090185676,5.824403183023873,1885,4,101
FOODS_3_231,0.09733131256973032,5.363204244031832,4.378249336870026,1885,5,106
FOODS_3_232,-0.3856414984123423,3.040031830238726,2.8705570291777187,1885,4,55
FOODS_3_238,0.08434747057913607,3.6414641909814325,1.316180371352785,1885,4,71
FOODS_3_241,0.22338852219923633,2.79989350372737,3.0835995740149094,1878,4,100
FOODS_3_249,-0.5492501503794089,2.59648275862069,1.637135278514589,1885,9,100
FOODS_3_257,-0.40024161269622915,3.945761273209549,3.230238726790451,1885,7,74
FOODS_3_258,0.07875592917117005,1.7037412809131263,4.648700063411541,1577,4,67
FOODS_3_259,0.08401495103177357,1.7041851616994292,3.9993658845909956,1577,4,68
FOODS_3_266,0.06446656177566319,3.8009369951534735,0.4394184168012924,1857,6,51
FOODS_3_269,-0.17886808685715821,2.986610079575596,1.7183023872679044,1885,7,63
FOODS_3_271,-0.5157102956592199,4.518620689655174,1.7517241379310344,1885,4,88
FOODS_3_272,-0.070496654018926,9.515085324232084,0.6580204778156996,1465,4,68
FOODS_3_274,0.37431660884184526,1.378896551724138,3.876923076923077,1885,8,66
FOODS_3_276,-0.4333431094078189,4.516763925729445,1.4848806366047744,1885,4,70
FOODS_3_280,-0.010488151238269355,4.296042440318303,0.7172413793103448,1885,4,50
FOODS_3_281,-1.3161800519500404,1.2211128860489884,11.972843450479234,1878,5,120
FOODS_3_285,-0.5661275406598901,1.2211128860489884,4.937699680511182,1878,5,78
FOODS_3_287,-0.1155727101722854,6.298298572996709,0.6558726673984633,1822,7,57
FOODS_3_289,0.15699642209378478,2.7980371352785145,1.2986737400530504,1885,4,81
FOODS_3_295,-1.0390605875101244,0.8175278514588861,14.516710875331565,1885,4,90
FOODS_3_298,-0.1014404648393199,18.817267904509286,0.7161803713527851,1885,4,68
FOODS_3_304,-0.4209333834119984,4.348541114058357,2.7846153846153845,1885,3,113
FOODS_3_317,-0.8100821975501323,1.0513315649867372,2.9888594164456235,1885,5,82
FOODS_3_318,2.1928712381044217,1.3215809018567641,16.384615384615383,1885,4,102
FOODS_3_324,-0.3995426355376553,3.1495066312997344,7.5580901856763925,1885,5,111
FOODS_3_326,0.6032798971907808,1.317941644562334,1.8986737400530505,1885,5,75
FOODS_3_334,0.11248837468370515,2.801309904153355,2.0410010649627264,1878,5,94
FOODS_3_339,-0.5292185581322751,0.8185676392572946,3.782493368700265,1885,4,72
FOODS_3_342,0.015079573067986726,1.2211128860489884,4.9419595314164,1878,5,72
FOODS_3_347,0.16705495223067465,2.217034482758621,0.6838196286472149,1885,5,71
FOODS_3_348,-0.5239200866576617,0.8185676392572946,5.969761273209549,1885,4,81
FOODS_3_349,0.1848632044192712,1.5641379310344825,7.390981432360743,1885,4,80
FOODS_3_351,-0.3795040771687601,1.0506631299734748,10.124137931034483,1885,5,71
FOODS_3_352,-0.5900785615721328,4.115851458885941,1.162864721485411,1885,4,96
FOODS_3_355,-0.8685084348222715,1.0502917771883287,4.658885941644562,1885,5,73
FOODS_3_357,-0.3425453087472188,4.093941644562334,0.9755968169761273,1885,4,70
FOODS_3_360,-0.23328034480334847,2.196840958605665,0.3044662309368192,1836,4,59
FOODS_3_363,-0.430103270323153,2.441872679045093,5.884880636604774,1885,4,88
FOODS_3_365,-0.03506568751812661,4.228561403508772,0.8339181286549707,1710,6,64
FOODS_3_374,-0.30364269461226434,2.4191936339522546,0.880106100795756,1885,4,63
FOODS_3_378,-0.15341004833038915,4.619543766578247,2.042970822281167,1885,4,73
FOODS_3_379,-0.5661113809162405,2.205459039548023,0.632768361581921,1416,4,63
FOODS_3_383,1.0418555365944762,1.320838196286472,3.329442970822281,1885,4,64
FOODS_3_387,-0.07833456976354261,2.6274907161803713,1.3681697612732096,1885,6,81
FOODS_3_391,-0.23353999094973538,2.8038410596026493,1.2974111980734497,1661,4,101
FOODS_3_392,0.08458396822397653,3.875649867374005,1.2509283819628647,1885,4,64
FOODS_3_394,0.0895135439127922,2.806502145922747,0.7033261802575107,1864,3,57
FOODS_3_396,-0.2748667200670071,10.528573680063046,0.4854215918045705,1269,4,55
FOODS_3_398,-0.1535964468571,6.063320954907164,1.0647214854111406,1885,5,71
FOODS_3_405,-0.058352089112650274,3.868371352785145,1.3920424403183025,1885,5,63
FOODS_3_406,-0.720353794297775,0.8174535809018568,10.353846153846154,1885,4,101
FOODS_3_410,0.12222447551539337,2.6430132625994696,2.387267904509284,1885,4,59
FOODS_3_422,-0.5253204013189701,2.216923076923077,0.9050397877984084,1885,5,69
FOODS_3_432,-0.8755166083644775,3.9335809018567636,1.3098143236074271,1885,7,87
FOODS_3_434,-0.14447211434720095,2.842057522123894,3.4540929203539825,1808,3,71
FOODS_3_435,1.1694287512036756,1.3215809018567641,2.59946949602122,1885,4,78
FOODS_3_440,-0.1389076287535744,4.674036939313986,0.6358839050131926,758,4,69
FOODS_3_448,-0.5139696715909935,3.1532201591511937,1.9623342175066314,1885,5,84
FOODS_3_450,-0.27846491437172244,3.040031830238726,1.726790450928382,1885,4,77
FOODS_3_461,0.06845545146853269,1.4507267904509282,1.3596816976127322,1885,4,53
FOODS_3_463,-0.13882322739421804,6.05666908037654,1.603910209992759,1381,4,104
FOODS_3_464,0.09289578269962986,3.503784072688401,0.772314270443613,1871,4,91
FOODS_3_469,-0.05121163467909464,6.1541432360742725,3.103978779840849,1885,4,98
FOODS_3_473,-0.25114752606278234,3.857294429708223,8.778779840848806,1885,6,118
FOODS_3_480,0.004417059042412093,2.668063660477454,1.4986737400530503,1885,5,52
FOODS_3_485,-0.0010404839019108702,3.867702917771883,2.470026525198939,1885,5,63
FOODS_3_488,-0.2945258925496868,4.25517911353977,0.864602307225258,1647,5,58
FOODS_3_490,0.08788782812903512,3.488476394849785,1.1593347639484979,1864,4,63
FOODS_3_491,1.2843189110617665,1.3814217506631297,15.205305039787799,1885,8,75
FOODS_3_494,-0.12571557725892912,2.9895066312997343,1.5342175066312997,1885,7,72
FOODS_3_501,-1.02182612421991,0.8171564986737402,14.643501326259948,1885,4,120
FOODS_3_504,0.6370746687438679,1.3229920424403183,1.3257294429708222,1885,4,51
FOODS_3_513,-0.09630657637014432,4.426238726790452,1.8588859416445624,1885,4,80
FOODS_3_534,-0.11974559985618789,4.800381962864722,5.463660477453581,1885,6,94
FOODS_3_535,-0.20341171552707762,6.148944297082229,1.179840848806366,1885,4,64
FOODS_3_536,0.02138661419853349,2.706684350132626,1.0371352785145889,1885,4,53
FOODS_3_539,-0.07557135938799756,2.755695284159613,0.49274486094316805,1654,4,52
FOODS_3_543,0.00933550409796882,3.806214324178783,0.4518039849219171,1857,5,56
FOODS_3_551,-0.08284126537617786,4.612477453580901,1.526259946949602,1885,4,57
FOODS_3_554,-0.043296070333762454,3.804329563812601,0.38449111470113084,1857,5,44
FOODS_3_556,0.05359009220309907,2.5254641909814324,0.483289124668435,1885,4,78
FOODS_3_559,-0.01919124013991985,2.873368700265252,1.2339522546419097,1885,7,50
FOODS_3_565,-0.10091055257715047,2.628710875331565,1.1124668435013263,1885,4,60
FOODS_3_570,-0.4801014120088834,1.7032828282828283,6.346590909090909,1584,4,70
FOODS_3_571,-0.3604419854658256,8.53904117315285,0.6068809926677947,1773,7,102
FOODS_3_578,-0.47402929605366945,3.15084350132626,2.446684350132626,1885,5,107
FOODS_3_581,-0.34013682210894003,3.0696551724137926,1.0461538461538462,1885,4,67
FOODS_3_588,-0.07367217150796038,3.8694042553191483,1.922340425531915,940,4,75
FOODS_3_589,-0.5373344395051638,1.0884145261293179,1.0593445527015057,1129,4,52
FOODS_3_590,0.059687694610988835,2.5960742705570294,1.5989389920424404,1885,7,97
FOODS_3_591,-0.023623435379100995,2.8666631299734746,1.3819628647214854,1885,8,61
FOODS_3_593,0.05090363201651251,6.543986135181978,0.6042749855574813,1731,6,69
FOODS_3_596,-0.2951869945952463,2.873368700265252,1.9957559681697612,1885,7,68
FOODS_3_605,-0.029565991137943913,2.599637912673056,0.44515441959531415,1878,6,53
FOODS_3_612,-0.24497597269665916,4.21006045949214,1.2684401451027811,1654,4,89
FOODS_3_615,-0.11878370291637734,4.309464190981432,2.495490716180371,1885,7,72
FOODS_3_617,-0.18002220577308284,2.5174535809018566,2.136870026525199,1885,4,68
FOODS_3_620,-0.0697276661767373,6.586803130644193,0.6465984346779049,1661,5,63
FOODS_3_625,-0.03561198271713239,2.9818671926364235,1.9750164365548981,1521,3,71
FOODS_3_627,0.043061405382817546,2.8172787610619476,0.5873893805309734,1808,3,62
FOODS_3_645,-0.29664210458538376,2.400445623342175,1.1978779840848806,1885,4,73
FOODS_3_646,0.2836421535928219,2.5922864721485412,1.2148541114058355,1885,7,103
FOODS_3_649,-0.00046805336229264934,5.759116847826087,0.38790760869565216,1472,4,49
FOODS_3_651,0.4015501759702936,4.31404774535809,1.026525198938992,1885,8,71
FOODS_3_654,0.09675897820386335,1.5641379310344825,4.388328912466844,1885,4,74
FOODS_3_656,0.22384046732732343,3.4997424892703854,1.0697424892703862,1864,4,66
FOODS_3_657,0.6539798548626878,3.1794376657824928,2.029177718832891,1885,4,84
FOODS_3_664,-0.25373104756925996,2.216923076923077,1.606896551724138,1885,5,97
FOODS_3_672,0.7414026237064334,2.409538461538461,2.4307692307692306,1885,5,99
FOODS_3_679,-0.1851186011521437,3.852148541114059,1.2371352785145888,1885,5,64
FOODS_3_681,-1.667787689392781,1.1047214854111407,17.314588859416446,1885,5,110
FOODS_3_687,-0.26866018383495377,2.873294429708223,1.1448275862068966,1885,7,47
FOODS_3_692,-0.5734567922216118,0.8186419098143238,3.7527851458885944,1885,4,77
FOODS_3_697,-0.40546831846284104,3.040031830238726,8.013793103448275,1885,4,81
FOODS_3_700,-0.08444208556863117,2.5911724137931036,0.6641909814323608,1885,7,86
FOODS_3_704,-0.3368117814042528,4.312732095490716,4.623872679045093,1885,6,85
FOODS_3_707,-0.4618977968806234,1.134622057001239,1.600991325898389,807,4,60
FOODS_3_709,-0.15828203814324704,2.2318658280922437,0.720125786163522,954,5,52
FOODS_3_712,0.24276325334431068,3.5638938992042433,0.9984084880636604,1885,6,61
FOODS_3_718,0.6781891936415948,1.3226206896551722,1.6896551724137931,1885,4,58
FOODS_3_720,0.07135800232995011,4.390679094540612,1.2609853528628496,751,5,75
FOODS_3_723,1.201671322436057,1.3795278514588858,15.017506631299735,1885,8,81
FOODS_3_725,-0.17279932677427354,2.842057522123894,4.625553097345133,1808,3,70
FOODS_3_727,-0.6668611177079143,3.9359204244031827,3.319363395225464,1885,8,77
FOODS_3_732,1.563117847501558,2.036954907161804,4.390450928381963,1885,5,71
FOODS_3_734,0.23733134019310564,1.6375490716180372,4.503978779840849,1885,7,76
FOODS_3_738,0.9420599069035407,1.3814217506631297,5.150132625994695,1885,8,65
FOODS_3_741,-0.2936902938756276,1.3264562334217507,18.316180371352786,1885,4,67
FOODS_3_742,-0.36251298302606905,1.2211128860489884,3.634185303514377,1878,5,66
FOODS_3_750,-0.9651066394665043,2.2619224555735054,2.4378029079159935,1857,7,57
FOODS_3_753,-0.14424769405578594,5.361198938992045,4.337931034482758,1885,5,117
FOODS_3_755,-0.7020858573286216,1.0506631299734748,11.893368700265253,1885,5,82
FOODS_3_756,-0.18865685498225232,2.627151193633952,4.616976127320955,1885,4,65
FOODS_3_757,-0.4222334589064006,2.597336870026525,3.2578249336870027,1885,6,111
FOODS_3_765,0.48940518508567266,2.8802069716775596,1.4079520697167756,1836,6,57
FOODS_3_766,0.08677761993446334,2.8084350132625997,0.86684350132626,1885,3,53
FOODS_3_769,-0.6654400250250163,1.2211128860489884,5.763045793397231,1878,5,102
FOODS_3_772,-0.5323843054353508,5.372339522546421,2.7761273209549073,1885,5,134
FOODS_3_774,-0.16253588462446839,6.323010033444818,0.7603121516164995,1794,8,68
FOODS_3_782,0.23974362750703895,2.605358090185676,3.8848806366047746,1885,4,72
FOODS_3_783,0.1417048044423841,5.364912466843504,4.945358090185676,1885,5,107
FOODS_3_784,0.5478542241058886,1.3204668435013263,1.2875331564986738,1885,4,72
FOODS_3_785,-1.1472956558511285,3.15084350132626,13.43342175066313,1885,5,140
FOODS_3_788,0.06919417110675269,3.8058373721055467,1.5201938610662358,1857,5,67
FOODS_3_794,0.1259750841043554,2.7980371352785145,1.393633952254642,1885,4,74
FOODS_3_800,-0.08351445339757342,2.2178434504792337,1.6033013844515442,1878,5,92
FOODS_3_812,-0.11144523684549011,2.83074801061008,1.7771883289124668,1885,4,71
FOODS_3_817,-0.03484317915837463,2.830302387267905,0.9612732095490716,1885,4,45
FOODS_3_822,-0.5672128399414649,3.9383342175066316,4.280106100795756,1885,7,80
FOODS_3_823,0.12359288424343023,2.747087087087087,0.7815315315315315,1332,5,74
HOBBIES_1_005,0.05428997506614376,2.9423801466441057,1.014664410603497,1773,4,66
HOBBIES_1_008,-0.4614554467256919,0.4765835543766579,7.269496021220159,1885,4,79
HOBBIES_1_020,-0.11578525843877417,12.159208979155535,0.32175307322287544,1871,3,47
HOBBIES_1_021,0.05219676759815788,11.832810278840896,0.6582832148715145,1829,4,72
HOBBIES_1_028,0.036887865133996244,7.671034482758623,0.7082228116710876,1885,3,63
HOBBIES_1_032,0.05082677958716655,0.5659522546419098,5.481697612732096,1885,4,90
HOBBIES_1_035,-0.1624998125346074,2.0271114962449457,0.15251299826689774,1731,4,30
HOBBIES_1_067,0.2755686763322266,0.5656923076923076,5.109283819628647,1885,4,84
HOBBIES_1_077,-0.073386277263125,9.872771739130437,0.3070652173913043,1472,4,55
HOBBIES_1_078,0.20802218388565336,12.455623342175066,1.9649867374005305,1885,4,92
HOBBIES_1_080,0.41153530343981226,0.5659522546419098,3.476923076923077,1885,4,81
HOBBIES_1_084,0.006010499368997775,4.231289124668436,0.8546419098143236,1885,3,63
HOBBIES_1_098,-0.14304123052051862,14.946259946949601,0.44297082228116713,1885,6,65
HOBBIES_1_099,-0.3620028840199567,14.944031830238726,0.9448275862068966,1885,6,82
HOBBIES_1_100,0.01222232947990546,11.214047745358089,0.6944297082228117,1885,4,66
HOBBIES_1_112,0.07920220598034335,2.691309012875536,0.10193133047210301,1864,4,22
HOBBIES_1_117,0.08494795753621974,12.166753315649869,0.20106100795755968,1885,4,38
HOBBIES_1_134,-0.4334274340902209,3.669259032455603,4.781383955909369,1633,3,89
HOBBIES_1_137,-0.06020686584044284,9.480435013262602,0.5946949602122016,1885,4,70
HOBBIES_1_141,-0.3934823746323082,14.944031830238726,0.9962864721485412,1885,6,93
HOBBIES_1_144,-0.03191642009383389,11.212190981432359,0.9029177718832891,1885,4,76
HOBBIES_1_157,-0.09939196785751414,11.219618037135277,0.7013262599469496,1885,4,68
HOBBIES_1_169,-0.5552673490882025,0.5655437665782493,4.641379310344828,1885,4,90
HOBBIES_1_172,-0.07429364607614743,2.9351034482758616,0.7283819628647215,1885,4,51
HOBBIES_1_176,0.08781161189162782,5.733316210045662,0.182648401826484,1752,4,38
HOBBIES_1_178,-0.7367630093539771,0.4762864721485411,8.248806366047745,1885,4,89
HOBBIES_1_189,-0.22887603879761442,0.4762864721485411,6.412732095490716,1885,4,92
HOBBIES_1_192,0.026553200004406197,3.4820324324324328,0.07621621621621621,1850,3,23
HOBBIES_1_201,0.0236826673479587,5.7788381962864745,1.2885941644562333,1885,5,64
HOBBIES_1_207,-0.008452193657188268,2.7100371352785144,0.176657824933687,1885,4,32
HOBBIES_1_215,0.046282704095259,10.92189030883919,0.9158679446219382,1878,5,64
HOBBIES_1_226,-0.4078102867748141,14.882758620689655,0.7591511936339522,1885,6,96
HOBBIES_1_236,-0.052127433568195644,11.806125881714594,4.1828540423223,1843,4,128
HOBBIES_1_240,-0.26725275339039595,2.946302367941712,0.6108075288403157,1647,4,56
HOBBIES_1_244,-0.7569177347332485,0.4762864721485411,5.927851458885941,1885,4,88
HOBBIES_1_256,-0.8786410517803162,0.4765835543766579,7.983554376657825,1885,4,97
HOBBIES_1_258,-0.16426992502865564,11.470591054313099,1.4164004259850904,1878,6,88
HOBBIES_1_261,0.5282925972446033,0.46648275862068966,5.26472148541114,1885,4,79
HOBBIES_1_268,-0.49643017909402,0.4762864721485411,9.840318302387267,1885,4,70
HOBBIES_1_273,0.0022564254637856087,12.166790450928385,0.2440318302387268,1885,3,39
HOBBIES_1_276,0.029244793638806266,7.670291777188331,0.7517241379310344,1885,3,52
HOBBIES_1_278,0.09474284785756036,0.5645782493368701,6.749602122015915,1885,5,98
HOBBIES_1_280,0.02196060083144496,10.925671087533157,0.8806366047745358,1885,5,62
HOBBIES_1_287,-0.334586420723199,5.676919402985077,0.9414925373134329,1675,4,66
HOBBIES_1_288,-0.3001812642731928,0.565840848806366,4.109283819628647,1885,4,72
HOBBIES_1_295,-0.03649398174610004,0.4753209549071618,6.546949602122016,1885,5,95
HOBBIES_1_296,-0.09462249908839644,7.186896551724137,0.5612732095490717,1885,3,60
HOBBIES_1_298,-0.07429076570534938,4.231289124668436,0.8180371352785146,1885,3,63
HOBBIES_1_300,-0.06801809115052325,9.473899204244033,1.3363395225464192,1885,4,71
HOBBIES_1_310,0.05302776532442923,5.328742705570292,0.5437665782493368,1885,5,54
HOBBIES_1_312,0.5366793747789484,0.5656923076923076,4.175066312997347,1885,4,73
HOBBIES_1_315,-0.0895119026589102,4.324960212201592,0.223342175066313,1885,5,39
HOBBIES_1_317,0.18187188679961155,7.671034482758623,0.8848806366047746,1885,3,77
HOBBIES_1_328,-0.0767014455613716,6.478546419098144,0.7559681697612732,1885,5,61
HOBBIES_1_330,-0.03176526481816219,7.668923076923077,0.9840848806366048,1885,4,72
HOBBIES_1_341,-0.5439283661134512,0.4765835543766579,7.2403183023872675,1885,4,107
HOBBIES_1_342,0.018964050561816097,20.24645208485735,0.4301389904901244,1367,4,67
HOBBIES_1_345,-0.07064465229409422,7.668923076923077,1.7628647214854112,1885,4,98
HOBBIES_1_348,-1.0337578878995093,0.4762864721485411,12.004244031830238,1885,4,82
HOBBIES_1_355,0.011484206847548384,4.231289124668436,0.6885941644562334,1885,3,55
HOBBIES_1_356,0.034866193722147304,5.532806366047748,0.5559681697612732,1885,5,53
HOBBIES_1_363,-0.00048281571936898473,2.8559211927582533,0.22044728434504793,1878,4,30
HOBBIES_1_364,0.1781719471080274,12.448938992042441,1.049336870026525,1885,5,88
HOBBIES_1_370,-1.385160964165302,0.4762864721485411,7.644031830238727,1885,4,99
HOBBIES_1_371,-0.5655354221775597,0.4762864721485411,11.692838196286472,1885,4,94
HOBBIES_1_377,-0.06557909681540022,9.746827586206896,0.19946949602122016,1885,5,39
HOBBIES_1_387,2.40666198475723,1.0131188118811882,8.504950495049505,1010,4,89
HOBBIES_1_388,0.0448427073386699,2.9407162842753216,0.8153329602686066,1787,4,56
HOBBIES_1_398,0.004187649761296003,0.5659522546419098,5.538992042440318,1885,4,88
HOBBIES_1_403,0.02648555637277249,13.33769230769231,0.25676392572944295,1885,4,60
HOBBIES_1_405,0.030740352275698296,12.176793158738644,0.1822554783538215,1871,3,39
HOBBIES_1_409,-0.16272372771310573,5.693230769230771,0.9358090185676392,1885,5,68
HOBBIES_1_417,1.8884858328900158,0.5655809018567639,3.6254641909814325,1885,4,106
HOBBIES_1_421,-0.21753079552376806,8.350603674540682,1.063867016622922,1143,3,93
HOBBIES_2_009,0.012178564216874322,5.300673740053051,0.3183023872679045,1885,4,63
HOBBIES_2_029,0.0647115753121825,2.768583645109567,0.38482095136290756,1871,4,47
HOBBIES_2_048,-0.04023542639692705,2.771464457509353,0.21004810261892037,1871,3,43
HOBBIES_2_072,0.28861297170543515,7.239338303821063,0.23485554520037277,1073,4,47
HOBBIES_2_075,0.3040864226395674,2.760876536611438,0.7830037413148049,1871,4,53
HOBBIES_2_078,-0.176864850490069,6.402848806366048,0.1946949602122016,1885,4,44
HOBBIES_2_083,0.002647501727401389,2.7710568669527897,0.31759656652360513,1864,3,48
HOBBIES_2_113,0.05674728823902518,5.6647284345047915,0.17784877529286475,1878,4,50
HOBBIES_2_117,0.05163126634672706,2.770454302512026,0.3361838588989845,1871,3,51
HOBBIES_2_133,0.019473452477318597,2.7657776590058796,0.2346338856226617,1871,3,38
HOBBIES_2_136,0.019455860772361954,2.7695189738107966,0.19347942276857297,1871,4,34
HOBBIES_2_143,-0.29861325267488514,1.0298209441128594,0.16115029842647857,1843,4,30
HOBBIES_2_145,0.05731755546583248,2.7700429184549358,0.29506437768240346,1864,3,42
HOUSEHOLD_1_001,0.04218051132693181,6.097559681697613,0.3458885941644562,1885,4,50
HOUSEHOLD_1_002,0.06563216070134015,6.109071618037135,0.2647214854111406,1885,4,53
HOUSEHOLD_1_015,0.015245705882763921,5.288992042440318,0.1649867374005305,1885,4,49
HOUSEHOLD_1_027,-0.3059921547272204,5.669055702917772,2.6917771883289126,1885,3,82
HOUSEHOLD_1_028,0.32178141773231594,2.883657736468015,1.3581191908146528,1829,6,63
HOUSEHOLD_1_029,-0.18510205443357336,7.027557932263815,1.0588235294117647,1122,4,79
HOUSEHOLD_1_039,-0.3398697309286254,2.884040459267359,1.2722799343903772,1829,6,67
HOUSEHOLD_1_040,0.18954670827976194,4.507906839622641,2.8142688679245285,1696,4,80
HOUSEHOLD_1_043,-0.17022418598242886,2.8556628477905073,0.734860883797054,611,5,57
HOUSEHOLD_1_045,0.12699219499499467,2.6843713527851465,2.1612732095490714,1885,6,81
HOUSEHOLD_1_055,0.007070843007872742,3.954827586206896,2.09867374005305,1885,5,60
HOUSEHOLD_1_071,0.09655254994281155,2.096637323943662,3.0651408450704225,1136,4,63
HOUSEHOLD_1_073,0.04785610464418964,8.41506631299735,0.3050397877984085,1885,4,40
HOUSEHOLD_1_077,0.1989293276225217,6.462322801024767,0.6695132365499573,1171,4,59
HOUSEHOLD_1_086,0.03119485635039209,4.935856763925729,1.6360742705570293,1885,5,71
HOUSEHOLD_1_087,-0.08175011804691902,4.324318302387268,1.5442970822281168,1885,3,68
HOUSEHOLD_1_095,-0.32368615403306505,6.163289124668435,0.3793103448275862,1885,4,50
HOUSEHOLD_1_105,0.026306703380206048,4.033840848806366,0.6535809018567639,1885,4,60
HOUSEHOLD_1_119,-1.1243909402400247,3.557498622589532,1.640771349862259,1815,5,73
HOUSEHOLD_1_128,-0.13785042749819504,2.6872782369146004,1.3388429752066116,1815,6,64
HOUSEHOLD_1_147,-0.3217639791275944,1.201453580901857,2.09920424403183,1885,5,46
HOUSEHOLD_1_162,-0.06746098212193549,5.670281167108753,0.9368700265251989,1885,3,76
HOUSEHOLD_1_174,-0.19418766815415756,5.8187847642079795,0.32285368802902054,1654,4,66
HOUSEHOLD_1_175,-0.0369942143516281,4.863487752928648,0.6682641107561236,1878,4,57
HOUSEHOLD_1_180,-0.15312720725471143,2.9384412153236457,2.0250990752972258,1514,4,72
HOUSEHOLD_1_181,-0.06886403611274337,4.046503978779841,0.9442970822281167,1885,4,60
HOUSEHOLD_1_189,-0.0873209652202791,5.423119913185025,0.16169289202387413,1843,4,55
HOUSEHOLD_1_206,-0.08457578839063903,4.884201591511938,0.20583554376657826,1885,4,37
HOUSEHOLD_1_212,-0.03593745020399994,4.614309551208286,1.0218642117376295,1738,4,62
HOUSEHOLD_1_235,0.06856474009652645,3.588599469496021,1.3925729442970822,1885,6,92
HOUSEHOLD_1_245,-0.2600811245953262,2.590737913486005,1.227735368956743,786,4,72
HOUSEHOLD_1_259,-0.5614359082091199,9.696938992042442,0.8673740053050398,1885,4,75
HOUSEHOLD_1_278,-0.050711523214615944,6.105172413793103,0.5915119363395226,1885,3,52
HOUSEHOLD_1_304,-0.2491911054154146,2.0967605633802817,5.70862676056338,1136,4,74
HOUSEHOLD_1_309,0.09312259100995951,6.824705570291777,0.8217506631299735,1885,4,62
HOUSEHOLD_1_318,-0.43648028064663086,2.9384412153236457,2.2450462351387053,1514,4,82
HOUSEHOLD_1_323,-0.0676061182766988,5.075623003194888,0.09158679446219382,1878,5,30
HOUSEHOLD_1_325,-0.036790400440410986,3.588042440318302,0.9713527851458886,1885,6,74
HOUSEHOLD_1_326,-0.01629625413616007,4.862183173588925,0.3349307774227902,1878,4,55
HOUSEHOLD_1_343,0.13311582334044206,4.935336870026526,1.1262599469496022,1885,5,83
HOUSEHOLD_1_359,-0.10737608842626564,6.814366290643665,0.9024552090245521,1507,5,57
HOUSEHOLD_1_365,-0.16886259526318767,4.035384615384615,0.7915119363395225,1885,4,58
HOUSEHOLD_1_376,-0.14006531564222074,5.058843501326261,1.5989389920424404,1885,4,71
HOUSEHOLD_1_381,-0.02995368330141339,4.844259946949602,1.2938992042440318,1885,3,68
HOUSEHOLD_1_403,-0.14125648871454274,3.9968457538994806,0.49740034662045063,1731,4,50
HOUSEHOLD_1_404,-0.1906390348926891,2.6883581267217633,1.7426997245179063,1815,6,75
HOUSEHOLD_1_407,-0.1728450320256647,5.179797535211269,0.6813380281690141,1136,4,53
HOUSEHOLD_1_416,-0.035030909040226745,3.588339522546419,1.6106100795755969,1885,6,100
HOUSEHOLD_1_421,-0.009685860658329846,6.204173855341739,0.7299270072992701,1507,4,67
HOUSEHOLD_1_431,-0.01760990567787648,7.38574954296161,0.8107861060329068,1094,4,77
HOUSEHOLD_1_434,-0.07292426646416816,3.9331989389920423,2.0970822281167107,1885,3,72
HOUSEHOLD_1_436,-0.35123978425833374,10.93923076923077,0.5358090185676393,1885,4,84
HOUSEHOLD_1_438,0.05566560067338412,7.341883289124671,1.009549071618037,1885,5,76
HOUSEHOLD_1_443,-0.10249466545469862,2.5229130901287555,1.5515021459227467,1864,4,48
HOUSEHOLD_1_453,0.00031404316223625087,2.0967605633802817,3.4110915492957745,1136,4,66
HOUSEHOLD_1_473,0.031673668224827554,2.0967605633802817,4.866197183098592,1136,4,62
HOUSEHOLD_1_477,0.009536077618640488,13.074222811671085,0.40742705570291776,1885,4,62
HOUSEHOLD_1_491,-0.14228686112838168,6.376659877800408,0.6262729124236253,982,4,52
HOUSEHOLD_1_492,0.043248149656385154,3.987814323607427,0.37612732095490714,1885,4,44
HOUSEHOLD_1_506,0.030982932609040316,3.5870769230769226,1.790450928381963,1885,6,87
HOUSEHOLD_1_531,-0.3275565029624711,8.365696489241223,0.4150622876557191,1766,4,54
HOUSEHOLD_2_012,0.03911557916638253,4.663022974607013,0.33978234582829503,1654,4,44
HOUSEHOLD_2_032,0.022573591158816204,8.248460918614022,0.2602739726027397,1241,4,45
HOUSEHOLD_2_034,0.05909198877607262,11.309745358090185,0.08541114058355438,1885,6,31
HOUSEHOLD_2_047,-0.12360277216268352,3.2863925729442975,0.5283819628647215,1885,4,46
HOUSEHOLD_2_050,-0.10641384164890985,7.244655264564404,0.3570283270978087,1871,4,47
HOUSEHOLD_2_062,-0.04777066323843597,2.9232891246684347,0.43713527851458883,1885,4,52
HOUSEHOLD_2_063,-0.07037801415679486,4.672694960212202,0.1649867374005305,1885,5,36
HOUSEHOLD_2_078,-0.1298286390610028,5.753289124668436,0.3050397877984085,1885,5,56
HOUSEHOLD_2_105,-0.028628425971391938,4.967863192182411,0.2045602605863192,1535,4,34
HOUSEHOLD_2_117,-0.08839937830871802,2.2829389920424403,0.3013262599469496,1885,4,39
HOUSEHOLD_2_156,-0.0034279992121073045,7.048126550868485,0.16501240694789082,1612,4,45
HOUSEHOLD_2_195,0.22368846320445054,14.806592119275825,0.32215122470713525,1878,4,55
HOUSEHOLD_2_227,-0.035788057997490956,3.952870026525199,0.129973474801061,1885,5,35
HOUSEHOLD_2_229,-0.001789479421545519,4.660399032648126,0.3162031438935913,1654,4,48
HOUSEHOLD_2_232,0.0007063815775600117,4.662853688029021,0.39600967351874244,1654,4,56
HOUSEHOLD_2_256,0.179723790291535,5.770923076923077,0.9639257294429708,1885,5,71
HOUSEHOLD_2_270,-0.022370931326809104,5.723482428115017,0.2050053248136315,1878,5,45
HOUSEHOLD_2_282,-0.10679253819589786,5.738175066312999,0.45411140583554377,1885,5,63
HOUSEHOLD_2_283,-0.06653587371396366,5.722541114058356,0.2323607427055703,1885,5,50
HOUSEHOLD_2_296,-0.015340091646935883,4.662684401451028,0.2623941958887545,1654,4,42
HOUSEHOLD_2_353,0.06346511115161901,4.660399032648126,0.6336154776299879,1654,4,49
HOUSEHOLD_2_357,0.008244791544989355,8.027633952254641,0.21114058355437665,1885,4,52
HOUSEHOLD_2_366,-0.10689853090080408,3.8365251989389915,0.49389920424403183,1885,5,48
HOUSEHOLD_2_383,-0.014730307274262265,3.9379310344827587,0.2026525198938992,1885,4,40
HOUSEHOLD_2_384,0.027662849831566156,5.676419098143238,0.22281167108753316,1885,6,49
HOUSEHOLD_2_387,0.21659966494352845,5.82307961504812,0.20822397200349957,1143,4,46
HOUSEHOLD_2_408,-0.052468075433437775,7.242513312034079,0.31895633652822153,1878,4,44
HOUSEHOLD_2_427,-0.13102454630736843,3.28407427055703,0.45039787798408487,1885,5,42
HOUSEHOLD_2_439,-0.18014063776271771,5.723952254641911,0.49018567639257293,1885,5,62
HOUSEHOLD_2_445,-0.3730676355850238,5.632440318302388,0.21061007957559683,1885,4,45
HOUSEHOLD_2_446,-0.008880220199847187,25.092324959914485,0.06413682522715125,1871,6,30
HOUSEHOLD_2_450,0.21365568224204223,9.572175066313,0.6546419098143236,1885,4,66
HOUSEHOLD_2_472,0.08576912649520542,7.244767504008552,0.3778727952966328,1871,4,47
HOUSEHOLD_2_488,-0.07122460263645278,4.921464190981432,0.41644562334217505,1885,4,43
HOUSEHOLD_2_495,0.03921223746659898,5.641103448275863,0.30875331564986735,1885,5,63
HOUSEHOLD_2_497,-0.22375784380115726,5.774466843501328,0.17612732095490716,1885,4,36
