item_id,date,sell_price,day_of_week,month,year,demand_lag_1,demand_lag_7,rolling_mean_7,rolling_mean_28
HOUSEHOLD_1_348,2016-05-22,1.86,6,5,2016,2.0,0.0,0.8571428571428571,2.25
HOBBIES_1_231,2016-05-22,6.87,6,5,2016,1.0,2.0,0.7142857142857143,0.7142857142857143
HOUSEHOLD_1_276,2016-05-22,17.97,6,5,2016,0.0,0.0,0.2857142857142857,0.14285714285714285
HOUSEHOLD_1_272,2016-05-22,9.97,6,5,2016,11.0,12.0,8.285714285714286,7.285714285714286
HOUSEHOLD_1_278,2016-05-22,5.97,6,5,2016,0.0,0.0,0.5714285714285714,0.5357142857142857
HOBBIES_1_230,2016-05-22,4.48,6,5,2016,1.0,0.0,0.14285714285714285,0.10714285714285714
HOBBIES_2_111,2016-05-22,3.97,6,5,2016,0.0,0.0,0.0,0.03571428571428571
HOBBIES_1_236,2016-05-22,11.88,6,5,2016,3.0,0.0,1.2857142857142858,0.32142857142857145
HOBBIES_1_153,2016-05-22,6.38,6,5,2016,1.0,3.0,1.2857142857142858,1.7142857142857142
HOUSEHOLD_1_471,2016-05-22,2.74,6,5,2016,2.0,2.0,1.5714285714285714,1.5714285714285714
HOBBIES_1_154,2016-05-22,2.88,6,5,2016,2.0,2.0,2.142857142857143,1.6785714285714286
HOUSEHOLD_1_004,2016-05-22,2.36,6,5,2016,7.0,4.0,3.0,1.8571428571428572
HOBBIES_1_227,2016-05-22,1.97,6,5,2016,1.0,0.0,0.5714285714285714,0.25
HOUSEHOLD_1_277,2016-05-22,0.97,6,5,2016,0.0,0.0,0.0,0.10714285714285714
HOBBIES_2_110,2016-05-22,5.97,6,5,2016,0.0,0.0,0.0,0.07142857142857142
HOUSEHOLD_2_026,2016-05-22,3.97,6,5,2016,0.0,0.0,0.0,0.14285714285714285
HOBBIES_1_237,2016-05-22,7.98,6,5,2016,0.0,0.0,0.7142857142857143,0.6428571428571429
HOUSEHOLD_1_014,2016-05-22,17.97,6,5,2016,1.0,1.0,0.7142857142857143,0.42857142857142855
HOUSEHOLD_1_457,2016-05-22,10.47,6,5,2016,8.0,2.0,2.7142857142857144,1.9285714285714286
HOUSEHOLD_1_331,2016-05-22,4.88,6,5,2016,0.0,2.0,0.42857142857142855,0.42857142857142855
HOUSEHOLD_2_048,2016-05-22,3.94,6,5,2016,0.0,0.0,0.14285714285714285,0.5
HOUSEHOLD_1_016,2016-05-22,4.88,6,5,2016,3.0,2.0,1.5714285714285714,1.1785714285714286
HOUSEHOLD_1_046,2016-05-22,3.78,6,5,2016,3.0,5.0,3.2857142857142856,1.6428571428571428
HOUSEHOLD_1_333,2016-05-22,2.97,6,5,2016,1.0,0.0,0.7142857142857143,0.5714285714285714
HOBBIES_2_112,2016-05-22,2.47,6,5,2016,0.0,0.0,0.2857142857142857,0.17857142857142858
HOUSEHOLD_1_366,2016-05-22,5.96,6,5,2016,0.0,0.0,0.0,0.0
HOUSEHOLD_1_451,2016-05-22,6.98,6,5,2016,0.0,0.0,0.14285714285714285,0.75
HOBBIES_1_152,2016-05-22,4.86,6,5,2016,0.0,0.0,0.14285714285714285,0.42857142857142855
HOUSEHOLD_1_015,2016-05-22,5.88,6,5,2016,0.0,1.0,0.2857142857142857,0.10714285714285714
HOBBIES_1_233,2016-05-22,0.7,6,5,2016,0.0,0.0,0.0,0.8928571428571429
HOUSEHOLD_2_027,2016-05-22,4.97,6,5,2016,0.0,0.0,0.0,0.10714285714285714
HOBBIES_2_109,2016-05-22,0.97,6,5,2016,3.0,0.0,0.42857142857142855,0.42857142857142855
HOBBIES_1_229,2016-05-22,6.47,6,5,2016,0.0,0.0,0.0,0.0
HOUSEHOLD_1_365,2016-05-22,4.17,6,5,2016,1.0,1.0,0.8571428571428571,0.8928571428571429
HOUSEHOLD_1_048,2016-05-22,2.84,6,5,2016,5.0,5.0,3.142857142857143,1.9285714285714286
HOUSEHOLD_1_045,2016-05-22,2.67,6,5,2016,3.0,3.0,2.0,1.75
HOUSEHOLD_1_275,2016-05-22,2.97,6,5,2016,5.0,3.0,3.142857142857143,2.642857142857143
HOUSEHOLD_1_334,2016-05-22,0.97,6,5,2016,9.0,3.0,5.857142857142857,4.0
HOBBIES_1_232,2016-05-22,0.48,6,5,2016,0.0,19.0,3.0,2.0714285714285716
HOUSEHOLD_2_047,2016-05-22,3.67,6,5,2016,1.0,1.0,1.0,0.7857142857142857
HOUSEHOLD_1_332,2016-05-22,9.74,6,5,2016,2.0,2.0,1.5714285714285714,1.3571428571428572
HOUSEHOLD_1_470,2016-05-22,2.98,6,5,2016,1.0,0.0,0.14285714285714285,0.39285714285714285
HOUSEHOLD_1_279,2016-05-22,0.97,6,5,2016,0.0,0.0,0.8571428571428571,1.1071428571428572
HOBBIES_1_155,2016-05-22,18.98,6,5,2016,2.0,9.0,3.0,3.2142857142857144
HOUSEHOLD_2_025,2016-05-22,5.47,6,5,2016,2.0,0.0,0.5714285714285714,0.42857142857142855
HOBBIES_2_108,2016-05-22,2.97,6,5,2016,0.0,0.0,0.0,0.17857142857142858
HOUSEHOLD_1_274,2016-05-22,4.94,6,5,2016,0.0,1.0,0.42857142857142855,0.4642857142857143
HOBBIES_1_228,2016-05-22,6.87,6,5,2016,1.0,1.0,0.7142857142857143,1.0357142857142858
HOUSEHOLD_1_003,2016-05-22,8.97,6,5,2016,2.0,1.0,0.5714285714285714,0.5
HOBBIES_1_151,2016-05-22,5.47,6,5,2016,0.0,1.0,0.7142857142857143,0.5357142857142857
HOUSEHOLD_1_439,2016-05-22,0.98,6,5,2016,10.0,5.0,4.857142857142857,2.107142857142857
HOUSEHOLD_1_002,2016-05-22,5.97,6,5,2016,2.0,0.0,0.7142857142857143,0.5
HOBBIES_1_235,2016-05-22,12.98,6,5,2016,5.0,0.0,0.7142857142857143,0.6071428571428571
HOUSEHOLD_1_047,2016-05-22,4.23,6,5,2016,2.0,1.0,0.7142857142857143,0.6428571428571429
HOUSEHOLD_1_347,2016-05-22,7.97,6,5,2016,0.0,0.0,0.0,0.8571428571428571
HOBBIES_1_234,2016-05-22,0.3,6,5,2016,6.0,0.0,0.8571428571428571,4.142857142857143
HOUSEHOLD_1_313,2016-05-22,3.97,6,5,2016,1.0,3.0,1.1428571428571428,0.8214285714285714
HOBBIES_2_107,2016-05-22,0.5,6,5,2016,1.0,0.0,0.2857142857142857,0.25
HOUSEHOLD_1_454,2016-05-22,2.97,6,5,2016,2.0,1.0,1.2857142857142858,0.6785714285714286
HOUSEHOLD_1_341,2016-05-22,4.88,6,5,2016,0.0,0.0,0.2857142857142857,0.35714285714285715
HOBBIES_2_098,2016-05-22,0.88,6,5,2016,0.0,0.0,0.14285714285714285,0.6071428571428571
HOBBIES_1_143,2016-05-22,7.98,6,5,2016,0.0,0.0,0.14285714285714285,0.25
HOUSEHOLD_1_260,2016-05-22,2.97,6,5,2016,0.0,0.0,0.0,0.10714285714285714
HOUSEHOLD_1_055,2016-05-22,3.88,6,5,2016,4.0,0.0,1.5714285714285714,1.5714285714285714
HOUSEHOLD_2_020,2016-05-22,8.47,6,5,2016,0.0,0.0,0.2857142857142857,0.14285714285714285
HOUSEHOLD_2_050,2016-05-22,8.48,6,5,2016,0.0,2.0,0.5714285714285714,0.39285714285714285
HOBBIES_1_251,2016-05-22,15.83,6,5,2016,0.0,0.0,0.0,0.42857142857142855
HOBBIES_2_099,2016-05-22,0.97,6,5,2016,0.0,0.0,0.14285714285714285,0.17857142857142858
HOUSEHOLD_1_261,2016-05-22,5.97,6,5,2016,2.0,0.0,0.7142857142857143,0.6785714285714286
HOBBIES_1_252,2016-05-22,0.68,6,5,2016,0.0,4.0,0.7142857142857143,1.1428571428571428
HOUSEHOLD_1_007,2016-05-22,1.48,6,5,2016,1.0,3.0,2.0,2.2142857142857144
HOUSEHOLD_1_011,2016-05-22,4.63,6,5,2016,4.0,1.0,1.1428571428571428,1.2142857142857142
HOBBIES_1_250,2016-05-22,4.88,6,5,2016,0.0,0.0,0.14285714285714285,0.21428571428571427
HOBBIES_2_100,2016-05-22,0.88,6,5,2016,1.0,0.0,0.42857142857142855,0.6785714285714286
HOUSEHOLD_1_262,2016-05-22,0.97,6,5,2016,8.0,8.0,5.714285714285714,6.928571428571429
HOUSEHOLD_1_054,2016-05-22,3.92,6,5,2016,0.0,0.0,0.2857142857142857,0.25
HOBBIES_1_249,2016-05-22,4.88,6,5,2016,1.0,2.0,0.8571428571428571,0.9285714285714286
HOUSEHOLD_1_369,2016-05-22,3.72,6,5,2016,3.0,0.0,1.0,0.9642857142857143
HOUSEHOLD_1_473,2016-05-22,2.36,6,5,2016,2.0,7.0,5.428571428571429,5.035714285714286
HOBBIES_1_248,2016-05-22,0.94,6,5,2016,0.0,0.0,1.4285714285714286,1.3928571428571428
HOBBIES_1_144,2016-05-22,11.28,6,5,2016,1.0,1.0,1.4285714285714286,1.2857142857142858
HOUSEHOLD_1_339,2016-05-22,0.97,6,5,2016,7.0,4.0,5.285714285714286,5.0
HOUSEHOLD_1_340,2016-05-22,4.98,6,5,2016,0.0,0.0,0.14285714285714285,0.17857142857142858
HOUSEHOLD_2_019,2016-05-22,9.47,6,5,2016,0.0,0.0,0.0,0.10714285714285714
HOUSEHOLD_1_259,2016-05-22,7.48,6,5,2016,1.0,2.0,1.4285714285714286,1.4642857142857142
HOUSEHOLD_1_345,2016-05-22,4.22,6,5,2016,0.0,0.0,0.0,0.8214285714285714
HOBBIES_2_095,2016-05-22,0.88,6,5,2016,1.0,2.0,0.42857142857142855,0.2857142857142857
HOUSEHOLD_1_256,2016-05-22,5.97,6,5,2016,2.0,3.0,1.5714285714285714,1.0357142857142858
HOUSEHOLD_1_343,2016-05-22,5.27,6,5,2016,0.0,2.0,1.5714285714285714,1.6071428571428572
HOUSEHOLD_2_018,2016-05-22,7.94,6,5,2016,0.0,0.0,0.0,0.03571428571428571
HOBBIES_1_257,2016-05-22,16.76,6,5,2016,0.0,0.0,0.14285714285714285,0.25
HOUSEHOLD_1_257,2016-05-22,5.24,6,5,2016,0.0,0.0,0.42857142857142855,0.8571428571428571
HOUSEHOLD_1_342,2016-05-22,17.97,6,5,2016,2.0,2.0,1.0,1.0714285714285714
HOBBIES_2_096,2016-05-22,2.77,6,5,2016,0.0,0.0,0.0,0.03571428571428571
HOBBIES_1_140,2016-05-22,1.12,6,5,2016,0.0,0.0,0.0,0.9642857142857143
HOBBIES_1_256,2016-05-22,0.48,6,5,2016,22.0,0.0,5.857142857142857,8.392857142857142
HOUSEHOLD_1_008,2016-05-22,5.47,6,5,2016,1.0,1.0,0.42857142857142855,0.32142857142857145
HOUSEHOLD_1_258,2016-05-22,2.97,6,5,2016,0.0,0.0,0.14285714285714285,0.10714285714285714
HOUSEHOLD_1_474,2016-05-22,0.97,6,5,2016,2.0,1.0,0.8571428571428571,1.3928571428571428
HOBBIES_1_255,2016-05-22,1.88,6,5,2016,0.0,0.0,0.0,0.5714285714285714
HOUSEHOLD_1_371,2016-05-22,4.94,6,5,2016,0.0,1.0,0.8571428571428571,1.0
HOUSEHOLD_1_437,2016-05-22,2.96,6,5,2016,9.0,5.0,4.571428571428571,4.25
HOBBIES_1_254,2016-05-22,0.7,6,5,2016,4.0,0.0,4.857142857142857,6.035714285714286
HOUSEHOLD_1_057,2016-05-22,1.77,6,5,2016,0.0,0.0,0.2857142857142857,0.17857142857142858
HOBBIES_1_141,2016-05-22,13.98,6,5,2016,1.0,4.0,2.4285714285714284,1.9642857142857142
HOUSEHOLD_1_370,2016-05-22,7.27,6,5,2016,2.0,4.0,1.4285714285714286,1.1785714285714286
HOBBIES_1_253,2016-05-22,11.98,6,5,2016,0.0,3.0,0.5714285714285714,0.5
HOUSEHOLD_1_010,2016-05-22,3.17,6,5,2016,2.0,0.0,1.1428571428571428,0.2857142857142857
HOBBIES_2_097,2016-05-22,1.97,6,5,2016,0.0,1.0,0.14285714285714285,0.21428571428571427
HOBBIES_1_142,2016-05-22,0.94,6,5,2016,1.0,5.0,2.142857142857143,1.1785714285714286
HOUSEHOLD_1_056,2016-05-22,11.97,6,5,2016,5.0,4.0,3.0,1.9285714285714286
HOUSEHOLD_1_263,2016-05-22,7.42,6,5,2016,0.0,0.0,0.14285714285714285,0.25
HOUSEHOLD_1_006,2016-05-22,6.97,6,5,2016,1.0,3.0,1.0,1.1428571428571428
HOBBIES_1_145,2016-05-22,1.28,6,5,2016,0.0,0.0,0.8571428571428571,1.4642857142857142
HOUSEHOLD_2_021,2016-05-22,4.47,6,5,2016,0.0,1.0,0.42857142857142855,0.42857142857142855
HOUSEHOLD_1_337,2016-05-22,4.97,6,5,2016,0.0,0.0,0.14285714285714285,0.5
HOUSEHOLD_2_051,2016-05-22,9.97,6,5,2016,0.0,1.0,0.8571428571428571,0.6785714285714286
HOBBIES_2_104,2016-05-22,2.97,6,5,2016,0.0,0.0,0.42857142857142855,0.25
HOUSEHOLD_1_051,2016-05-22,2.96,6,5,2016,3.0,10.0,4.285714285714286,3.7142857142857144
HOUSEHOLD_1_268,2016-05-22,8.37,6,5,2016,0.0,0.0,0.42857142857142855,0.6071428571428571
HOUSEHOLD_2_023,2016-05-22,3.97,6,5,2016,1.0,2.0,0.7142857142857143,0.42857142857142855
HOBBIES_1_148,2016-05-22,4.88,6,5,2016,1.0,5.0,1.5714285714285714,1.5714285714285714
HOBBIES_1_241,2016-05-22,19.94,6,5,2016,5.0,3.0,4.142857142857143,4.178571428571429
HOUSEHOLD_1_013,2016-05-22,4.94,6,5,2016,0.0,0.0,0.14285714285714285,0.8928571428571429
HOBBIES_1_240,2016-05-22,2.88,6,5,2016,1.0,1.0,1.1428571428571428,0.8928571428571429
HOUSEHOLD_1_336,2016-05-22,4.87,6,5,2016,0.0,2.0,1.0,0.8571428571428571
HOBBIES_2_105,2016-05-22,2.47,6,5,2016,0.0,0.0,0.0,0.21428571428571427
HOUSEHOLD_1_269,2016-05-22,3.12,6,5,2016,0.0,0.0,0.14285714285714285,0.10714285714285714
HOUSEHOLD_1_050,2016-05-22,3.97,6,5,2016,0.0,6.0,1.8571428571428572,1.5714285714285714
HOBBIES_1_149,2016-05-22,1.56,6,5,2016,0.0,1.0,0.7142857142857143,0.39285714285714285
HOBBIES_1_239,2016-05-22,2.97,6,5,2016,0.0,0.0,0.2857142857142857,0.35714285714285715
HOUSEHOLD_1_270,2016-05-22,9.92,6,5,2016,1.0,1.0,0.8571428571428571,0.42857142857142855
HOUSEHOLD_1_456,2016-05-22,6.97,6,5,2016,2.0,4.0,1.4285714285714286,1.25
HOUSEHOLD_1_367,2016-05-22,3.97,6,5,2016,1.0,3.0,0.5714285714285714,0.42857142857142855
HOUSEHOLD_1_335,2016-05-22,8.96,6,5,2016,0.0,0.0,0.14285714285714285,0.5357142857142857
HOBBIES_2_106,2016-05-22,0.97,6,5,2016,0.0,0.0,0.0,0.07142857142857142
HOUSEHOLD_2_024,2016-05-22,2.22,6,5,2016,1.0,1.0,0.42857142857142855,0.6785714285714286
HOBBIES_1_150,2016-05-22,1.77,6,5,2016,2.0,0.0,0.7142857142857143,1.25
HOBBIES_1_238,2016-05-22,5.94,6,5,2016,0.0,0.0,0.14285714285714285,0.42857142857142855
HOUSEHOLD_1_049,2016-05-22,5.97,6,5,2016,0.0,3.0,1.5714285714285714,0.8571428571428571
HOUSEHOLD_1_005,2016-05-22,9.97,6,5,2016,1.0,0.0,0.42857142857142855,0.8928571428571429
HOUSEHOLD_1_271,2016-05-22,2.98,6,5,2016,1.0,0.0,0.2857142857142857,0.39285714285714285
HOBBIES_1_242,2016-05-22,2.78,6,5,2016,2.0,1.0,1.7142857142857142,0.8928571428571429
HOUSEHOLD_1_001,2016-05-22,5.97,6,5,2016,1.0,1.0,0.42857142857142855,0.5
HOBBIES_1_247,2016-05-22,16.88,6,5,2016,1.0,5.0,2.0,2.1785714285714284
HOBBIES_2_101,2016-05-22,0.5,6,5,2016,0.0,0.0,0.2857142857142857,0.10714285714285714
HOUSEHOLD_1_012,2016-05-22,3.92,6,5,2016,0.0,0.0,1.0,0.75
HOUSEHOLD_1_438,2016-05-22,7.33,6,5,2016,0.0,0.0,0.0,0.5
HOUSEHOLD_1_264,2016-05-22,7.47,6,5,2016,3.0,0.0,0.7142857142857143,0.39285714285714285
HOUSEHOLD_1_452,2016-05-22,2.97,6,5,2016,0.0,0.0,0.0,0.0
HOBBIES_1_246,2016-05-22,10.98,6,5,2016,1.0,1.0,0.5714285714285714,0.5
HOBBIES_2_102,2016-05-22,5.97,6,5,2016,1.0,2.0,0.7142857142857143,0.42857142857142855
HOUSEHOLD_1_265,2016-05-22,4.74,6,5,2016,2.0,1.0,0.8571428571428571,0.5357142857142857
HOBBIES_1_146,2016-05-22,4.86,6,5,2016,0.0,1.0,0.5714285714285714,0.42857142857142855
HOBBIES_1_245,2016-05-22,4.97,6,5,2016,0.0,0.0,0.0,0.21428571428571427
HOUSEHOLD_1_053,2016-05-22,14.97,6,5,2016,7.0,3.0,3.142857142857143,2.892857142857143
HOUSEHOLD_1_368,2016-05-22,7.98,6,5,2016,0.0,0.0,0.14285714285714285,0.5357142857142857
HOUSEHOLD_1_346,2016-05-22,3.94,6,5,2016,5.0,0.0,0.7142857142857143,0.8928571428571429
HOUSEHOLD_1_338,2016-05-22,3.94,6,5,2016,12.0,0.0,4.714285714285714,4.535714285714286
HOBBIES_1_244,2016-05-22,0.48,6,5,2016,6.0,8.0,6.285714285714286,7.0
HOBBIES_1_147,2016-05-22,9.97,6,5,2016,9.0,2.0,7.714285714285714,6.964285714285714
HOUSEHOLD_1_052,2016-05-22,4.23,6,5,2016,1.0,2.0,0.7142857142857143,0.5
HOBBIES_2_103,2016-05-22,2.5,6,5,2016,1.0,0.0,0.42857142857142855,0.42857142857142855
HOUSEHOLD_1_472,2016-05-22,4.82,6,5,2016,0.0,0.0,0.0,0.21428571428571427
HOUSEHOLD_1_266,2016-05-22,1.0,6,5,2016,2.0,0.0,0.8571428571428571,0.7857142857142857
HOUSEHOLD_2_022,2016-05-22,5.64,6,5,2016,1.0,0.0,0.2857142857142857,0.32142857142857145
HOBBIES_1_243,2016-05-22,13.88,6,5,2016,0.0,0.0,0.7142857142857143,0.25
HOUSEHOLD_2_049,2016-05-22,3.42,6,5,2016,1.0,0.0,0.8571428571428571,0.4642857142857143
HOUSEHOLD_1_455,2016-05-22,2.97,6,5,2016,2.0,4.0,1.5714285714285714,1.4642857142857142
HOUSEHOLD_1_267,2016-05-22,9.74,6,5,2016,3.0,0.0,0.5714285714285714,1.2142857142857142
HOUSEHOLD_1_280,2016-05-22,4.97,6,5,2016,1.0,0.0,0.2857142857142857,0.32142857142857145
HOBBIES_2_116,2016-05-22,2.97,6,5,2016,0.0,2.0,0.2857142857142857,0.25
HOBBIES_1_226,2016-05-22,13.98,6,5,2016,1.0,0.0,1.0,1.1071428571428572
HOBBIES_1_197,2016-05-22,12.84,6,5,2016,1.0,0.0,0.2857142857142857,0.35714285714285715
HOUSEHOLD_1_464,2016-05-22,9.47,6,5,2016,1.0,0.0,0.2857142857142857,0.39285714285714285
HOBBIES_2_141,2016-05-22,0.5,6,5,2016,1.0,1.0,0.42857142857142855,0.39285714285714285
HOUSEHOLD_1_445,2016-05-22,1.97,6,5,2016,3.0,4.0,2.7142857142857144,2.5
HOBBIES_1_195,2016-05-22,11.28,6,5,2016,4.0,0.0,1.1428571428571428,0.8571428571428571
HOUSEHOLD_1_033,2016-05-22,3.97,6,5,2016,3.0,1.0,1.5714285714285714,1.9642857142857142
HOBBIES_1_171,2016-05-22,2.88,6,5,2016,0.0,1.0,0.2857142857142857,0.4642857142857143
HOUSEHOLD_1_303,2016-05-22,0.98,6,5,2016,1.0,1.0,2.0,3.642857142857143
HOUSEHOLD_1_358,2016-05-22,9.97,6,5,2016,6.0,3.0,2.857142857142857,2.25
HOBBIES_1_194,2016-05-22,2.88,6,5,2016,2.0,4.0,1.8571428571428572,1.75
HOUSEHOLD_1_023,2016-05-22,8.97,6,5,2016,0.0,0.0,0.0,0.5714285714285714
HOUSEHOLD_1_353,2016-05-22,3.44,6,5,2016,1.0,1.0,1.0,0.8928571428571429
HOUSEHOLD_1_302,2016-05-22,7.93,6,5,2016,0.0,1.0,0.2857142857142857,0.10714285714285714
HOUSEHOLD_1_319,2016-05-22,1.94,6,5,2016,0.0,1.0,1.8571428571428572,2.0357142857142856
HOBBIES_1_172,2016-05-22,2.98,6,5,2016,0.0,3.0,0.7142857142857143,0.8928571428571429
HOBBIES_2_129,2016-05-22,0.23,6,5,2016,8.0,1.0,2.857142857142857,1.3571428571428572
HOUSEHOLD_1_032,2016-05-22,9.98,6,5,2016,20.0,18.0,9.857142857142858,8.714285714285714
HOUSEHOLD_1_304,2016-05-22,2.36,6,5,2016,4.0,6.0,4.142857142857143,4.178571428571429
HOUSEHOLD_2_036,2016-05-22,3.97,6,5,2016,0.0,2.0,0.7142857142857143,0.8571428571428571
HOUSEHOLD_1_460,2016-05-22,3.88,6,5,2016,2.0,2.0,1.4285714285714286,1.5714285714285714
HOBBIES_2_130,2016-05-22,6.97,6,5,2016,0.0,2.0,0.2857142857142857,0.17857142857142858
HOBBIES_1_192,2016-05-22,3.54,6,5,2016,0.0,0.0,0.14285714285714285,0.14285714285714285
HOUSEHOLD_1_305,2016-05-22,2.97,6,5,2016,0.0,0.0,0.2857142857142857,0.75
HOBBIES_1_173,2016-05-22,10.97,6,5,2016,1.0,3.0,1.0,0.5357142857142857
HOUSEHOLD_1_030,2016-05-22,4.94,6,5,2016,1.0,1.0,1.1428571428571428,1.2142857142857142
HOBBIES_1_191,2016-05-22,8.97,6,5,2016,1.0,0.0,0.2857142857142857,0.21428571428571427
HOBBIES_1_193,2016-05-22,7.98,6,5,2016,0.0,0.0,0.5714285714285714,0.75
HOBBIES_2_140,2016-05-22,2.47,6,5,2016,0.0,2.0,0.7142857142857143,0.25
HOUSEHOLD_2_035,2016-05-22,5.94,6,5,2016,1.0,1.0,0.7142857142857143,0.42857142857142855
HOBBIES_2_128,2016-05-22,4.97,6,5,2016,0.0,0.0,0.0,0.21428571428571427
HOBBIES_2_143,2016-05-22,0.97,6,5,2016,0.0,0.0,0.0,0.2857142857142857
HOBBIES_1_202,2016-05-22,1.77,6,5,2016,0.0,0.0,0.0,0.35714285714285715
HOUSEHOLD_1_298,2016-05-22,3.72,6,5,2016,1.0,0.0,0.7142857142857143,0.6428571428571429
HOUSEHOLD_1_322,2016-05-22,2.97,6,5,2016,1.0,5.0,1.5714285714285714,2.0357142857142856
HOUSEHOLD_1_465,2016-05-22,0.97,6,5,2016,25.0,16.0,10.571428571428571,10.964285714285714
HOUSEHOLD_1_035,2016-05-22,4.63,6,5,2016,0.0,0.0,0.42857142857142855,0.7142857142857143
HOBBIES_1_168,2016-05-22,4.83,6,5,2016,1.0,0.0,0.42857142857142855,0.25
HOUSEHOLD_1_299,2016-05-22,5.27,6,5,2016,1.0,1.0,1.0,1.0
HOUSEHOLD_2_034,2016-05-22,11.84,6,5,2016,0.0,0.0,0.14285714285714285,0.10714285714285714
HOBBIES_1_201,2016-05-22,5.98,6,5,2016,1.0,2.0,1.0,0.7142857142857143
HOBBIES_2_126,2016-05-22,0.5,6,5,2016,2.0,2.0,1.1428571428571428,0.6785714285714286
HOBBIES_1_169,2016-05-22,0.57,6,5,2016,27.0,13.0,10.857142857142858,7.964285714285714
HOBBIES_1_170,2016-05-22,17.97,6,5,2016,0.0,1.0,0.14285714285714285,0.14285714285714285
HOBBIES_1_200,2016-05-22,7.88,6,5,2016,0.0,0.0,0.42857142857142855,0.5
HOUSEHOLD_1_300,2016-05-22,4.88,6,5,2016,0.0,0.0,0.14285714285714285,0.03571428571428571
HOUSEHOLD_1_359,2016-05-22,6.88,6,5,2016,1.0,3.0,0.8571428571428571,1.2142857142857142
HOUSEHOLD_1_034,2016-05-22,3.93,6,5,2016,0.0,1.0,0.8571428571428571,0.9642857142857143
HOUSEHOLD_2_042,2016-05-22,4.28,6,5,2016,0.0,0.0,0.14285714285714285,0.07142857142857142
HOBBIES_1_199,2016-05-22,3.98,6,5,2016,0.0,2.0,0.42857142857142855,0.42857142857142855
HOUSEHOLD_1_058,2016-05-22,6.48,6,5,2016,2.0,0.0,0.5714285714285714,0.4642857142857143
HOBBIES_2_142,2016-05-22,0.23,6,5,2016,0.0,0.0,0.0,0.0
HOBBIES_2_127,2016-05-22,3.97,6,5,2016,2.0,0.0,0.2857142857142857,0.21428571428571427
HOBBIES_1_198,2016-05-22,8.38,6,5,2016,0.0,0.0,0.5714285714285714,0.5
HOUSEHOLD_1_320,2016-05-22,4.47,6,5,2016,3.0,0.0,0.42857142857142855,0.6428571428571429
HOUSEHOLD_1_022,2016-05-22,4.84,6,5,2016,2.0,2.0,0.5714285714285714,0.39285714285714285
HOUSEHOLD_1_301,2016-05-22,4.94,6,5,2016,0.0,4.0,1.1428571428571428,1.5357142857142858
HOUSEHOLD_1_321,2016-05-22,2.97,6,5,2016,1.0,0.0,1.0,1.5714285714285714
HOBBIES_2_125,2016-05-22,0.97,6,5,2016,0.0,0.0,0.0,0.25
HOBBIES_2_131,2016-05-22,5.97,6,5,2016,0.0,0.0,0.0,0.32142857142857145
HOUSEHOLD_1_306,2016-05-22,1.97,6,5,2016,0.0,4.0,4.714285714285714,2.8214285714285716
HOBBIES_2_134,2016-05-22,4.97,6,5,2016,1.0,0.0,0.2857142857142857,0.17857142857142858
HOUSEHOLD_1_356,2016-05-22,5.96,6,5,2016,0.0,0.0,0.0,0.0
HOBBIES_1_184,2016-05-22,12.68,6,5,2016,0.0,0.0,0.2857142857142857,0.32142857142857145
HOUSEHOLD_1_462,2016-05-22,2.36,6,5,2016,2.0,0.0,0.7142857142857143,1.5357142857142858
HOUSEHOLD_1_446,2016-05-22,3.93,6,5,2016,1.0,1.0,0.7142857142857143,0.7142857142857143
HOBBIES_1_177,2016-05-22,4.24,6,5,2016,1.0,2.0,1.5714285714285714,1.2142857142857142
HOUSEHOLD_1_027,2016-05-22,5.97,6,5,2016,1.0,3.0,1.8571428571428572,2.0714285714285716
HOUSEHOLD_1_311,2016-05-22,3.88,6,5,2016,1.0,1.0,0.8571428571428571,0.8928571428571429
HOUSEHOLD_2_038,2016-05-22,5.94,6,5,2016,1.0,1.0,0.2857142857142857,0.17857142857142858
HOBBIES_1_183,2016-05-22,6.97,6,5,2016,0.0,0.0,0.0,0.39285714285714285
HOBBIES_2_137,2016-05-22,2.97,6,5,2016,0.0,1.0,0.14285714285714285,0.32142857142857145
HOBBIES_1_178,2016-05-22,0.48,6,5,2016,0.0,19.0,3.857142857142857,5.857142857142857
HOUSEHOLD_1_447,2016-05-22,0.97,6,5,2016,4.0,7.0,4.857142857142857,4.928571428571429
HOBBIES_1_181,2016-05-22,1.97,6,5,2016,0.0,1.0,0.2857142857142857,0.2857142857142857
HOBBIES_2_135,2016-05-22,0.5,6,5,2016,1.0,1.0,0.2857142857142857,0.14285714285714285
HOUSEHOLD_1_355,2016-05-22,7.98,6,5,2016,0.0,0.0,0.2857142857142857,0.39285714285714285
HOUSEHOLD_2_040,2016-05-22,3.97,6,5,2016,0.0,1.0,0.14285714285714285,0.25
HOUSEHOLD_1_026,2016-05-22,2.97,6,5,2016,0.0,1.0,0.7142857142857143,1.1428571428571428
HOUSEHOLD_1_354,2016-05-22,1.93,6,5,2016,1.0,0.0,1.5714285714285714,1.75
HOBBIES_1_180,2016-05-22,19.98,6,5,2016,0.0,0.0,0.2857142857142857,0.39285714285714285
HOBBIES_2_136,2016-05-22,2.88,6,5,2016,0.0,0.0,0.2857142857142857,0.21428571428571427
HOUSEHOLD_1_314,2016-05-22,7.98,6,5,2016,0.0,0.0,0.0,0.17857142857142858
HOUSEHOLD_1_461,2016-05-22,0.97,6,5,2016,2.0,4.0,1.7142857142857142,1.0
HOUSEHOLD_2_039,2016-05-22,10.72,6,5,2016,1.0,0.0,0.2857142857142857,0.42857142857142855
HOBBIES_1_179,2016-05-22,6.87,6,5,2016,1.0,2.0,0.8571428571428571,0.8928571428571429
HOUSEHOLD_1_025,2016-05-22,2.98,6,5,2016,1.0,0.0,0.7142857142857143,0.6785714285714286
HOUSEHOLD_1_312,2016-05-22,2.37,6,5,2016,0.0,1.0,0.2857142857142857,0.5
HOUSEHOLD_1_318,2016-05-22,2.88,6,5,2016,1.0,0.0,3.5714285714285716,2.7857142857142856
HOUSEHOLD_1_310,2016-05-22,6.97,6,5,2016,0.0,0.0,0.0,0.0
HOUSEHOLD_1_315,2016-05-22,9.48,6,5,2016,0.0,1.0,0.42857142857142855,0.5714285714285714
HOUSEHOLD_1_448,2016-05-22,0.97,6,5,2016,12.0,1.0,3.4285714285714284,4.535714285714286
HOBBIES_1_190,2016-05-22,9.97,6,5,2016,0.0,0.0,0.0,0.10714285714285714
HOBBIES_1_174,2016-05-22,4.88,6,5,2016,0.0,0.0,0.2857142857142857,0.07142857142857142
HOUSEHOLD_1_357,2016-05-22,11.97,6,5,2016,1.0,1.0,1.2857142857142858,2.142857142857143
HOBBIES_1_189,2016-05-22,0.48,6,5,2016,10.0,1.0,5.714285714285714,10.535714285714286
HOBBIES_2_132,2016-05-22,2.88,6,5,2016,0.0,4.0,0.5714285714285714,0.2857142857142857
HOUSEHOLD_1_029,2016-05-22,7.48,6,5,2016,2.0,0.0,0.7142857142857143,0.7142857142857143
HOUSEHOLD_2_041,2016-05-22,4.97,6,5,2016,1.0,0.0,0.14285714285714285,0.17857142857142858
HOUSEHOLD_1_463,2016-05-22,2.98,6,5,2016,0.0,0.0,0.2857142857142857,0.42857142857142855
HOUSEHOLD_1_307,2016-05-22,2.97,6,5,2016,1.0,2.0,1.2857142857142858,1.1785714285714286
HOUSEHOLD_1_317,2016-05-22,1.96,6,5,2016,0.0,0.0,0.8571428571428571,0.75
HOUSEHOLD_2_037,2016-05-22,11.84,6,5,2016,1.0,0.0,0.5714285714285714,0.6428571428571429
HOUSEHOLD_2_515,2016-05-22,1.97,6,5,2016,1.0,1.0,0.42857142857142855,0.14285714285714285
HOBBIES_1_188,2016-05-22,12.88,6,5,2016,0.0,0.0,0.14285714285714285,0.2857142857142857
HOUSEHOLD_1_316,2016-05-22,3.96,6,5,2016,1.0,1.0,1.8571428571428572,1.1428571428571428
HOUSEHOLD_1_308,2016-05-22,6.94,6,5,2016,0.0,1.0,0.42857142857142855,0.75
HOUSEHOLD_1_028,2016-05-22,2.97,6,5,2016,0.0,3.0,0.8571428571428571,1.0
HOBBIES_1_187,2016-05-22,7.0,6,5,2016,0.0,1.0,0.5714285714285714,0.7142857142857143
HOBBIES_1_175,2016-05-22,1.97,6,5,2016,0.0,1.0,0.14285714285714285,0.07142857142857142
HOBBIES_2_133,2016-05-22,2.88,6,5,2016,0.0,0.0,0.2857142857142857,0.7142857142857143
HOBBIES_1_186,2016-05-22,15.92,6,5,2016,1.0,3.0,1.2857142857142858,1.2857142857142858
HOUSEHOLD_1_309,2016-05-22,6.88,6,5,2016,1.0,1.0,0.5714285714285714,0.6428571428571429
HOUSEHOLD_1_024,2016-05-22,1.47,6,5,2016,1.0,3.0,0.8571428571428571,0.9285714285714286
HOBBIES_1_176,2016-05-22,5.94,6,5,2016,3.0,0.0,0.5714285714285714,0.6071428571428571
HOBBIES_2_138,2016-05-22,0.97,6,5,2016,0.0,0.0,0.0,0.07142857142857142
HOBBIES_1_185,2016-05-22,3.24,6,5,2016,0.0,1.0,0.42857142857142855,0.4642857142857143
HOBBIES_2_139,2016-05-22,4.97,6,5,2016,0.0,0.0,0.0,0.10714285714285714
HOBBIES_1_203,2016-05-22,12.98,6,5,2016,0.0,1.0,0.8571428571428571,0.6785714285714286
HOUSEHOLD_1_297,2016-05-22,7.94,6,5,2016,0.0,0.0,0.0,0.0
HOBBIES_1_167,2016-05-22,0.68,6,5,2016,0.0,0.0,0.7142857142857143,2.25
HOUSEHOLD_1_442,2016-05-22,8.97,6,5,2016,0.0,1.0,0.42857142857142855,0.42857142857142855
HOUSEHOLD_2_029,2016-05-22,10.43,6,5,2016,0.0,3.0,0.42857142857142855,0.21428571428571427
HOBBIES_1_219,2016-05-22,1.74,6,5,2016,0.0,0.0,0.14285714285714285,0.07142857142857142
HOUSEHOLD_1_018,2016-05-22,9.97,6,5,2016,4.0,4.0,2.4285714285714284,1.7857142857142858
HOUSEHOLD_1_286,2016-05-22,4.93,6,5,2016,1.0,1.0,0.42857142857142855,0.2857142857142857
HOUSEHOLD_1_043,2016-05-22,2.97,6,5,2016,2.0,0.0,1.0,1.25
HOBBIES_2_117,2016-05-22,2.88,6,5,2016,0.0,2.0,0.5714285714285714,0.32142857142857145
HOBBIES_1_160,2016-05-22,19.96,6,5,2016,0.0,1.0,0.2857142857142857,0.6785714285714286
HOBBIES_1_218,2016-05-22,10.58,6,5,2016,0.0,0.0,0.0,0.2857142857142857
HOUSEHOLD_1_287,2016-05-22,4.63,6,5,2016,1.0,5.0,1.8571428571428572,1.6785714285714286
HOUSEHOLD_1_468,2016-05-22,4.98,6,5,2016,0.0,1.0,1.1428571428571428,1.2142857142857142
HOUSEHOLD_1_363,2016-05-22,2.97,6,5,2016,0.0,1.0,0.2857142857142857,0.75
HOUSEHOLD_1_329,2016-05-22,4.94,6,5,2016,2.0,4.0,2.0,1.3571428571428572
HOBBIES_1_217,2016-05-22,3.47,6,5,2016,0.0,0.0,0.0,0.21428571428571427
HOUSEHOLD_2_045,2016-05-22,8.64,6,5,2016,0.0,0.0,0.0,0.32142857142857145
HOBBIES_1_216,2016-05-22,1.77,6,5,2016,2.0,2.0,1.7142857142857142,0.6785714285714286
HOUSEHOLD_1_458,2016-05-22,2.27,6,5,2016,5.0,12.0,6.142857142857143,5.285714285714286
HOUSEHOLD_1_042,2016-05-22,9.97,6,5,2016,2.0,7.0,2.0,1.9285714285714286
HOUSEHOLD_1_327,2016-05-22,0.98,6,5,2016,6.0,3.0,3.5714285714285716,4.142857142857143
HOBBIES_2_147,2016-05-22,0.97,6,5,2016,0.0,0.0,0.8571428571428571,0.6785714285714286
HOUSEHOLD_1_288,2016-05-22,7.93,6,5,2016,0.0,0.0,0.5714285714285714,0.5
HOBBIES_2_118,2016-05-22,3.97,6,5,2016,0.0,0.0,0.14285714285714285,0.17857142857142858
HOUSEHOLD_2_030,2016-05-22,3.97,6,5,2016,1.0,0.0,0.42857142857142855,0.6071428571428571
HOBBIES_1_215,2016-05-22,10.98,6,5,2016,0.0,3.0,0.7142857142857143,0.6428571428571429
HOBBIES_1_161,2016-05-22,0.7,6,5,2016,0.0,1.0,1.0,0.8214285714285714
HOUSEHOLD_1_289,2016-05-22,5.22,6,5,2016,2.0,0.0,0.7142857142857143,0.6071428571428571
HOUSEHOLD_1_328,2016-05-22,4.94,6,5,2016,2.0,2.0,1.4285714285714286,1.6785714285714286
HOUSEHOLD_1_019,2016-05-22,0.97,6,5,2016,0.0,0.0,0.0,0.7142857142857143
HOUSEHOLD_1_285,2016-05-22,2.76,6,5,2016,2.0,1.0,2.0,2.0
HOBBIES_2_148,2016-05-22,0.88,6,5,2016,1.0,0.0,0.14285714285714285,0.42857142857142855
HOBBIES_1_156,2016-05-22,1.77,6,5,2016,0.0,0.0,0.2857142857142857,1.1428571428571428
HOUSEHOLD_1_281,2016-05-22,4.94,6,5,2016,0.0,0.0,0.2857142857142857,0.7857142857142857
HOBBIES_1_225,2016-05-22,29.96,6,5,2016,0.0,0.0,0.2857142857142857,0.35714285714285715
HOUSEHOLD_1_469,2016-05-22,17.97,6,5,2016,2.0,5.0,2.142857142857143,1.5714285714285714
HOUSEHOLD_1_440,2016-05-22,14.97,6,5,2016,3.0,3.0,1.7142857142857142,2.2142857142857144
HOBBIES_1_157,2016-05-22,11.28,6,5,2016,0.0,2.0,0.8571428571428571,1.1428571428571428
HOUSEHOLD_1_282,2016-05-22,3.98,6,5,2016,6.0,1.0,2.5714285714285716,2.2142857142857144
HOBBIES_2_149,2016-05-22,0.97,6,5,2016,0.0,0.0,0.0,0.42857142857142855
FOODS_1_004,2016-05-22,1.96,6,5,2016,3.0,2.0,2.142857142857143,3.25
HOUSEHOLD_2_028,2016-05-22,5.94,6,5,2016,0.0,0.0,0.2857142857142857,0.32142857142857145
HOUSEHOLD_1_441,2016-05-22,2.77,6,5,2016,9.0,6.0,5.142857142857143,5.357142857142857
HOUSEHOLD_1_283,2016-05-22,1.48,6,5,2016,2.0,3.0,1.5714285714285714,2.4642857142857144
HOBBIES_1_159,2016-05-22,3.24,6,5,2016,2.0,1.0,0.8571428571428571,2.0
HOBBIES_1_224,2016-05-22,3.97,6,5,2016,0.0,1.0,0.2857142857142857,0.4642857142857143
HOBBIES_2_114,2016-05-22,1.97,6,5,2016,1.0,0.0,0.7142857142857143,0.5714285714285714
HOUSEHOLD_1_349,2016-05-22,2.94,6,5,2016,1.0,3.0,1.1428571428571428,1.4642857142857142
HOUSEHOLD_1_364,2016-05-22,7.48,6,5,2016,0.0,1.0,1.0,0.8571428571428571
HOBBIES_1_223,2016-05-22,1.12,6,5,2016,0.0,1.0,2.2857142857142856,0.9285714285714286
HOUSEHOLD_1_044,2016-05-22,17.97,6,5,2016,0.0,0.0,0.14285714285714285,0.5
HOUSEHOLD_1_017,2016-05-22,4.94,6,5,2016,2.0,1.0,0.8571428571428571,1.0
HOUSEHOLD_2_046,2016-05-22,6.94,6,5,2016,1.0,0.0,0.2857142857142857,0.32142857142857145
HOBBIES_1_221,2016-05-22,2.97,6,5,2016,0.0,0.0,0.14285714285714285,0.17857142857142858
HOUSEHOLD_1_330,2016-05-22,2.42,6,5,2016,4.0,0.0,1.1428571428571428,1.6785714285714286
HOBBIES_2_115,2016-05-22,2.47,6,5,2016,0.0,1.0,0.8571428571428571,1.6071428571428572
HOUSEHOLD_1_284,2016-05-22,4.94,6,5,2016,1.0,0.0,0.5714285714285714,0.7857142857142857
HOBBIES_1_220,2016-05-22,2.92,6,5,2016,0.0,0.0,0.42857142857142855,0.4642857142857143
HOBBIES_1_158,2016-05-22,22.98,6,5,2016,4.0,5.0,3.142857142857143,3.392857142857143
HOUSEHOLD_1_040,2016-05-22,4.94,6,5,2016,2.0,3.0,2.0,2.4285714285714284
HOUSEHOLD_1_362,2016-05-22,7.97,6,5,2016,1.0,1.0,0.42857142857142855,0.5357142857142857
HOUSEHOLD_1_450,2016-05-22,3.42,6,5,2016,0.0,1.0,0.5714285714285714,0.6785714285714286
HOBBIES_1_208,2016-05-22,3.24,6,5,2016,4.0,6.0,2.142857142857143,1.8571428571428572
HOUSEHOLD_1_020,2016-05-22,6.97,6,5,2016,0.0,0.0,0.2857142857142857,0.6071428571428571
HOUSEHOLD_1_324,2016-05-22,5.97,6,5,2016,2.0,1.0,1.0,0.8928571428571429
HOUSEHOLD_2_043,2016-05-22,4.97,6,5,2016,0.0,0.0,0.2857142857142857,0.35714285714285715
HOUSEHOLD_1_294,2016-05-22,2.27,6,5,2016,18.0,8.0,7.0,7.357142857142857
HOBBIES_2_123,2016-05-22,0.5,6,5,2016,0.0,0.0,0.14285714285714285,0.21428571428571427
HOBBIES_2_145,2016-05-22,2.88,6,5,2016,0.0,0.0,0.0,0.0
HOBBIES_1_207,2016-05-22,2.78,6,5,2016,0.0,0.0,0.14285714285714285,0.21428571428571427
HOUSEHOLD_1_466,2016-05-22,3.96,6,5,2016,1.0,0.0,0.5714285714285714,0.39285714285714285
HOUSEHOLD_1_295,2016-05-22,2.98,6,5,2016,0.0,1.0,0.8571428571428571,0.8571428571428571
HOUSEHOLD_2_033,2016-05-22,6.97,6,5,2016,3.0,0.0,0.7142857142857143,0.32142857142857145
HOUSEHOLD_1_444,2016-05-22,4.88,6,5,2016,0.0,2.0,0.7142857142857143,0.6428571428571429
HOUSEHOLD_1_038,2016-05-22,5.22,6,5,2016,2.0,1.0,1.7142857142857142,2.0
HOUSEHOLD_1_021,2016-05-22,1.94,6,5,2016,0.0,0.0,0.42857142857142855,0.7857142857142857
HOBBIES_1_206,2016-05-22,2.72,6,5,2016,1.0,4.0,1.7142857142857142,1.3214285714285714
HOUSEHOLD_1_037,2016-05-22,4.23,6,5,2016,1.0,0.0,0.42857142857142855,0.32142857142857145
HOUSEHOLD_1_351,2016-05-22,0.97,6,5,2016,6.0,3.0,3.5714285714285716,2.6785714285714284
HOUSEHOLD_1_296,2016-05-22,4.97,6,5,2016,0.0,0.0,0.5714285714285714,0.7142857142857143
HOUSEHOLD_1_360,2016-05-22,3.96,6,5,2016,0.0,0.0,0.2857142857142857,0.25
HOBBIES_1_205,2016-05-22,5.88,6,5,2016,0.0,1.0,0.14285714285714285,0.10714285714285714
HOBBIES_1_166,2016-05-22,9.98,6,5,2016,1.0,1.0,1.4285714285714286,2.0
HOBBIES_2_124,2016-05-22,0.23,6,5,2016,0.0,0.0,0.2857142857142857,0.7142857142857143
HOUSEHOLD_1_323,2016-05-22,5.24,6,5,2016,0.0,0.0,0.2857142857142857,0.21428571428571427
HOBBIES_1_204,2016-05-22,9.72,6,5,2016,1.0,0.0,0.5714285714285714,0.8928571428571429
HOUSEHOLD_1_036,2016-05-22,2.98,6,5,2016,1.0,0.0,0.14285714285714285,0.03571428571428571
HOUSEHOLD_1_449,2016-05-22,15.46,6,5,2016,0.0,2.0,0.5714285714285714,0.75
HOBBIES_2_144,2016-05-22,0.5,6,5,2016,2.0,1.0,0.8571428571428571,0.39285714285714285
HOBBIES_1_209,2016-05-22,0.7,6,5,2016,1.0,10.0,4.857142857142857,5.285714285714286
HOUSEHOLD_2_044,2016-05-22,3.48,6,5,2016,3.0,2.0,2.4285714285714284,2.9285714285714284
HOBBIES_1_165,2016-05-22,4.97,6,5,2016,0.0,3.0,0.5714285714285714,0.25
HOBBIES_1_214,2016-05-22,9.88,6,5,2016,0.0,0.0,0.0,0.10714285714285714
HOBBIES_2_119,2016-05-22,2.97,6,5,2016,0.0,0.0,0.0,0.0
HOBBIES_1_162,2016-05-22,3.98,6,5,2016,0.0,0.0,0.42857142857142855,0.32142857142857145
HOBBIES_1_213,2016-05-22,8.38,6,5,2016,0.0,0.0,0.5714285714285714,0.6785714285714286
HOBBIES_2_146,2016-05-22,1.97,6,5,2016,0.0,1.0,0.14285714285714285,0.10714285714285714
HOUSEHOLD_1_039,2016-05-22,2.97,6,5,2016,2.0,2.0,1.4285714285714286,1.2142857142857142
HOBBIES_2_120,2016-05-22,2.47,6,5,2016,1.0,2.0,1.2857142857142858,1.2142857142857142
HOUSEHOLD_1_350,2016-05-22,2.74,6,5,2016,0.0,2.0,1.2857142857142858,1.3928571428571428
HOUSEHOLD_1_290,2016-05-22,9.84,6,5,2016,1.0,4.0,1.7142857142857142,0.8928571428571429
HOUSEHOLD_2_031,2016-05-22,5.94,6,5,2016,0.0,1.0,0.2857142857142857,0.21428571428571427
HOBBIES_1_163,2016-05-22,9.42,6,5,2016,1.0,0.0,0.5714285714285714,0.35714285714285715
HOBBIES_1_212,2016-05-22,7.47,6,5,2016,0.0,0.0,0.0,0.03571428571428571
HOUSEHOLD_1_326,2016-05-22,4.88,6,5,2016,1.0,0.0,0.5714285714285714,0.6428571428571429
HOUSEHOLD_1_291,2016-05-22,3.72,6,5,2016,4.0,3.0,2.2857142857142856,1.8571428571428572
HOBBIES_2_121,2016-05-22,0.97,6,5,2016,0.0,1.0,0.14285714285714285,0.35714285714285715
HOBBIES_1_211,2016-05-22,4.72,6,5,2016,1.0,2.0,0.8571428571428571,0.9642857142857143
HOBBIES_1_164,2016-05-22,8.97,6,5,2016,2.0,1.0,1.5714285714285714,1.4642857142857142
HOUSEHOLD_1_292,2016-05-22,6.48,6,5,2016,2.0,0.0,1.4285714285714286,1.6071428571428572
HOBBIES_2_122,2016-05-22,0.88,6,5,2016,0.0,2.0,1.1428571428571428,0.5357142857142857
HOUSEHOLD_2_032,2016-05-22,9.43,6,5,2016,0.0,0.0,0.14285714285714285,0.17857142857142858
HOUSEHOLD_1_325,2016-05-22,3.88,6,5,2016,1.0,0.0,1.1428571428571428,0.75
HOUSEHOLD_1_459,2016-05-22,0.97,6,5,2016,6.0,3.0,6.428571428571429,6.107142857142857
HOUSEHOLD_1_443,2016-05-22,2.47,6,5,2016,2.0,2.0,1.4285714285714286,1.7142857142857142
HOUSEHOLD_1_293,2016-05-22,12.47,6,5,2016,1.0,3.0,2.5714285714285716,1.6071428571428572
HOBBIES_1_210,2016-05-22,5.47,6,5,2016,0.0,0.0,0.0,0.0
HOUSEHOLD_1_467,2016-05-22,11.98,6,5,2016,2.0,0.0,0.8571428571428571,0.7857142857142857
HOUSEHOLD_1_361,2016-05-22,1.88,6,5,2016,12.0,0.0,3.5714285714285716,4.857142857142857
HOBBIES_2_113,2016-05-22,5.97,6,5,2016,1.0,0.0,0.5714285714285714,0.17857142857142858
HOBBIES_2_002,2016-05-22,1.47,6,5,2016,0.0,1.0,0.14285714285714285,0.10714285714285714
HOUSEHOLD_2_010,2016-05-22,6.97,6,5,2016,0.0,0.0,0.14285714285714285,0.21428571428571427
HOUSEHOLD_1_255,2016-05-22,9.47,6,5,2016,1.0,0.0,0.14285714285714285,0.32142857142857145
HOUSEHOLD_1_105,2016-05-22,3.94,6,5,2016,0.0,1.0,0.2857142857142857,0.42857142857142855
HOBBIES_1_371,2016-05-22,0.48,6,5,2016,16.0,0.0,7.285714285714286,10.214285714285714
HOBBIES_2_033,2016-05-22,2.88,6,5,2016,0.0,1.0,0.2857142857142857,0.75
HOUSEHOLD_1_524,2016-05-22,3.97,6,5,2016,1.0,4.0,1.2857142857142858,1.4285714285714286
HOUSEHOLD_1_401,2016-05-22,9.47,6,5,2016,0.0,0.0,0.42857142857142855,0.32142857142857145
HOUSEHOLD_1_172,2016-05-22,1.96,6,5,2016,2.0,2.0,2.0,1.5714285714285714
HOUSEHOLD_1_494,2016-05-22,7.97,6,5,2016,6.0,2.0,2.7142857142857144,3.357142857142857
HOUSEHOLD_1_106,2016-05-22,9.46,6,5,2016,7.0,6.0,4.428571428571429,4.25
HOUSEHOLD_1_523,2016-05-22,20.53,6,5,2016,0.0,0.0,0.14285714285714285,0.10714285714285714
HOUSEHOLD_1_402,2016-05-22,6.97,6,5,2016,0.0,1.0,0.5714285714285714,0.39285714285714285
HOUSEHOLD_1_495,2016-05-22,2.74,6,5,2016,0.0,0.0,2.2857142857142856,1.5
HOUSEHOLD_1_171,2016-05-22,8.97,6,5,2016,2.0,3.0,1.7142857142857142,1.1071428571428572
HOBBIES_1_373,2016-05-22,14.72,6,5,2016,1.0,0.0,1.2857142857142858,1.1785714285714286
HOBBIES_2_032,2016-05-22,0.97,6,5,2016,1.0,0.0,0.2857142857142857,1.1785714285714286
HOBBIES_1_372,2016-05-22,6.68,6,5,2016,1.0,0.0,1.0,0.6428571428571429
HOBBIES_1_370,2016-05-22,0.48,6,5,2016,2.0,1.0,2.142857142857143,4.035714285714286
HOUSEHOLD_1_173,2016-05-22,0.97,6,5,2016,1.0,4.0,2.4285714285714284,3.892857142857143
HOBBIES_1_369,2016-05-22,1.08,6,5,2016,5.0,0.0,2.5714285714285716,6.285714285714286
HOUSEHOLD_1_453,2016-05-22,2.36,6,5,2016,1.0,3.0,2.0,2.1785714285714284
HOBBIES_1_366,2016-05-22,3.97,6,5,2016,0.0,1.0,0.14285714285714285,0.32142857142857145
HOBBIES_2_036,2016-05-22,0.97,6,5,2016,0.0,0.0,0.2857142857142857,0.9642857142857143
HOUSEHOLD_1_400,2016-05-22,6.97,6,5,2016,1.0,0.0,0.14285714285714285,0.39285714285714285
HOBBIES_1_367,2016-05-22,8.38,6,5,2016,5.0,3.0,1.8571428571428572,1.8214285714285714
HOUSEHOLD_1_176,2016-05-22,3.87,6,5,2016,1.0,2.0,1.0,0.5
HOUSEHOLD_1_526,2016-05-22,4.94,6,5,2016,0.0,0.0,0.5714285714285714,0.5357142857142857
HOBBIES_2_035,2016-05-22,4.47,6,5,2016,0.0,1.0,0.14285714285714285,0.03571428571428571
HOUSEHOLD_1_525,2016-05-22,4.23,6,5,2016,0.0,0.0,0.8571428571428571,0.75
HOUSEHOLD_1_104,2016-05-22,2.97,6,5,2016,0.0,0.0,0.0,0.07142857142857142
HOUSEHOLD_1_175,2016-05-22,4.88,6,5,2016,0.0,2.0,1.7142857142857142,1.3571428571428572
HOUSEHOLD_1_422,2016-05-22,3.62,6,5,2016,0.0,1.0,0.8571428571428571,0.9642857142857143
HOBBIES_2_034,2016-05-22,2.5,6,5,2016,0.0,1.0,0.2857142857142857,0.35714285714285715
HOUSEHOLD_1_174,2016-05-22,5.92,6,5,2016,0.0,1.0,0.42857142857142855,0.9285714285714286
HOBBIES_1_368,2016-05-22,4.22,6,5,2016,0.0,0.0,0.0,0.10714285714285714
HOUSEHOLD_1_522,2016-05-22,1.73,6,5,2016,1.0,1.0,0.2857142857142857,0.75
HOUSEHOLD_1_107,2016-05-22,3.48,6,5,2016,3.0,0.0,1.7142857142857142,1.5
HOUSEHOLD_1_170,2016-05-22,1.98,6,5,2016,2.0,0.0,1.0,1.0714285714285714
HOBBIES_1_374,2016-05-22,17.48,6,5,2016,0.0,2.0,1.4285714285714286,1.4285714285714286
HOBBIES_1_380,2016-05-22,1.77,6,5,2016,0.0,1.0,0.2857142857142857,0.8571428571428571
HOUSEHOLD_1_165,2016-05-22,17.97,6,5,2016,0.0,0.0,0.5714285714285714,0.32142857142857145
HOBBIES_1_381,2016-05-22,0.7,6,5,2016,0.0,0.0,3.4285714285714284,3.0
HOUSEHOLD_1_520,2016-05-22,5.48,6,5,2016,0.0,2.0,0.8571428571428571,0.8571428571428571
HOBBIES_2_028,2016-05-22,0.88,6,5,2016,2.0,0.0,0.7142857142857143,0.75
HOUSEHOLD_1_404,2016-05-22,2.67,6,5,2016,3.0,1.0,0.7142857142857143,1.3214285714285714
HOUSEHOLD_1_110,2016-05-22,3.97,6,5,2016,12.0,12.0,11.0,10.035714285714286
HOBBIES_1_382,2016-05-22,1.97,6,5,2016,2.0,1.0,1.0,0.75
HOUSEHOLD_1_164,2016-05-22,2.97,6,5,2016,4.0,0.0,1.0,0.7142857142857143
HOBBIES_2_027,2016-05-22,1.97,6,5,2016,1.0,0.0,0.8571428571428571,0.25
HOBBIES_1_383,2016-05-22,2.98,6,5,2016,0.0,2.0,0.42857142857142855,0.75
HOUSEHOLD_1_112,2016-05-22,2.97,6,5,2016,2.0,0.0,0.7142857142857143,1.1428571428571428
HOUSEHOLD_1_163,2016-05-22,9.98,6,5,2016,0.0,0.0,0.14285714285714285,0.07142857142857142
HOBBIES_1_384,2016-05-22,9.98,6,5,2016,1.0,2.0,1.1428571428571428,1.2142857142857142
HOBBIES_2_026,2016-05-22,0.23,6,5,2016,1.0,0.0,0.42857142857142855,0.42857142857142855
HOBBIES_2_029,2016-05-22,2.88,6,5,2016,0.0,2.0,0.2857142857142857,0.4642857142857143
HOUSEHOLD_1_423,2016-05-22,2.96,6,5,2016,0.0,0.0,0.0,0.10714285714285714
HOUSEHOLD_1_497,2016-05-22,15.46,6,5,2016,3.0,2.0,1.4285714285714286,1.1785714285714286
HOUSEHOLD_1_166,2016-05-22,4.94,6,5,2016,4.0,0.0,1.0,0.8571428571428571
HOUSEHOLD_1_496,2016-05-22,7.93,6,5,2016,0.0,1.0,0.2857142857142857,0.2857142857142857
HOUSEHOLD_1_169,2016-05-22,2.94,6,5,2016,1.0,4.0,1.5714285714285714,1.6785714285714286
HOUSEHOLD_1_108,2016-05-22,4.88,6,5,2016,3.0,0.0,0.42857142857142855,0.21428571428571427
HOBBIES_1_375,2016-05-22,9.88,6,5,2016,0.0,0.0,0.0,0.17857142857142858
HOBBIES_2_031,2016-05-22,6.97,6,5,2016,0.0,0.0,0.0,0.25
HOBBIES_1_376,2016-05-22,16.86,6,5,2016,1.0,1.0,0.7142857142857143,0.5357142857142857
HOUSEHOLD_1_403,2016-05-22,3.93,6,5,2016,0.0,0.0,0.42857142857142855,0.6428571428571429
HOUSEHOLD_1_421,2016-05-22,5.88,6,5,2016,2.0,0.0,0.7142857142857143,1.2857142857142858
HOBBIES_1_377,2016-05-22,9.98,6,5,2016,0.0,1.0,0.42857142857142855,0.32142857142857145
HOUSEHOLD_1_168,2016-05-22,2.97,6,5,2016,2.0,0.0,0.7142857142857143,0.39285714285714285
HOBBIES_2_030,2016-05-22,0.97,6,5,2016,0.0,0.0,0.2857142857142857,0.14285714285714285
HOUSEHOLD_1_521,2016-05-22,0.98,6,5,2016,3.0,11.0,4.428571428571429,5.107142857142857
HOUSEHOLD_1_167,2016-05-22,2.74,6,5,2016,0.0,0.0,0.0,0.5714285714285714
HOBBIES_1_378,2016-05-22,3.24,6,5,2016,4.0,1.0,2.5714285714285716,2.7857142857142856
HOUSEHOLD_1_109,2016-05-22,3.97,6,5,2016,4.0,0.0,1.0,1.3571428571428572
HOBBIES_1_379,2016-05-22,2.24,6,5,2016,1.0,2.0,1.1428571428571428,0.8928571428571429
HOUSEHOLD_1_177,2016-05-22,6.97,6,5,2016,0.0,0.0,0.0,0.0
HOUSEHOLD_1_527,2016-05-22,5.24,6,5,2016,1.0,1.0,1.0,1.2857142857142858
HOBBIES_2_037,2016-05-22,0.97,6,5,2016,1.0,0.0,0.2857142857142857,0.35714285714285715
HOUSEHOLD_1_189,2016-05-22,5.88,6,5,2016,0.0,0.0,0.0,0.10714285714285714
HOBBIES_1_351,2016-05-22,5.76,6,5,2016,0.0,0.0,0.2857142857142857,0.39285714285714285
HOUSEHOLD_1_188,2016-05-22,3.98,6,5,2016,2.0,0.0,0.7142857142857143,1.0
HOBBIES_2_045,2016-05-22,2.47,6,5,2016,0.0,1.0,0.14285714285714285,0.5
HOBBIES_1_352,2016-05-22,2.74,6,5,2016,1.0,3.0,1.1428571428571428,1.1071428571428572
HOUSEHOLD_1_097,2016-05-22,3.97,6,5,2016,0.0,0.0,0.14285714285714285,0.2857142857142857
HOUSEHOLD_1_531,2016-05-22,7.93,6,5,2016,0.0,0.0,0.5714285714285714,0.42857142857142855
HOUSEHOLD_1_187,2016-05-22,6.98,6,5,2016,1.0,0.0,0.14285714285714285,0.21428571428571427
HOBBIES_2_044,2016-05-22,4.47,6,5,2016,0.0,0.0,0.14285714285714285,0.21428571428571427
HOBBIES_1_353,2016-05-22,1.08,6,5,2016,17.0,5.0,7.571428571428571,5.892857142857143
HOUSEHOLD_1_098,2016-05-22,7.98,6,5,2016,0.0,0.0,0.2857142857142857,0.4642857142857143
HOUSEHOLD_1_397,2016-05-22,2.78,6,5,2016,2.0,2.0,1.0,1.3214285714285714
HOBBIES_1_354,2016-05-22,22.98,6,5,2016,8.0,7.0,4.142857142857143,6.214285714285714
HOBBIES_2_043,2016-05-22,0.97,6,5,2016,5.0,0.0,1.8571428571428572,1.8214285714285714
HOUSEHOLD_1_186,2016-05-22,2.97,6,5,2016,4.0,2.0,2.5714285714285716,1.8571428571428572
HOBBIES_1_350,2016-05-22,2.98,6,5,2016,0.0,0.0,0.2857142857142857,0.10714285714285714
HOBBIES_1_355,2016-05-22,3.94,6,5,2016,2.0,1.0,0.8571428571428571,0.9642857142857143
HOBBIES_2_046,2016-05-22,2.97,6,5,2016,1.0,0.0,0.14285714285714285,0.21428571428571427
HOUSEHOLD_1_491,2016-05-22,6.42,6,5,2016,5.0,0.0,1.4285714285714286,0.6428571428571429
HOUSEHOLD_1_192,2016-05-22,3.62,6,5,2016,1.0,0.0,0.2857142857142857,0.39285714285714285
HOUSEHOLD_1_490,2016-05-22,12.97,6,5,2016,0.0,0.0,0.14285714285714285,0.2857142857142857
HOBBIES_2_048,2016-05-22,2.88,6,5,2016,0.0,0.0,0.0,0.03571428571428571
HOUSEHOLD_1_095,2016-05-22,5.97,6,5,2016,1.0,0.0,0.5714285714285714,0.5714285714285714
HOUSEHOLD_1_395,2016-05-22,4.88,6,5,2016,2.0,1.0,1.0,0.8928571428571429
HOBBIES_1_346,2016-05-22,3.97,6,5,2016,3.0,0.0,0.5714285714285714,0.6428571428571429
HOUSEHOLD_1_425,2016-05-22,1.97,6,5,2016,3.0,3.0,2.857142857142857,2.2142857142857144
HOBBIES_1_347,2016-05-22,9.88,6,5,2016,0.0,0.0,0.0,0.0
HOUSEHOLD_1_191,2016-05-22,2.96,6,5,2016,12.0,10.0,9.285714285714286,9.642857142857142
HOBBIES_2_047,2016-05-22,0.5,6,5,2016,0.0,0.0,0.14285714285714285,0.25
HOBBIES_1_348,2016-05-22,0.48,6,5,2016,18.0,7.0,8.857142857142858,9.428571428571429
HOUSEHOLD_1_396,2016-05-22,3.97,6,5,2016,3.0,2.0,1.0,0.7142857142857143
HOBBIES_1_349,2016-05-22,9.98,6,5,2016,1.0,3.0,0.8571428571428571,0.9285714285714286
HOUSEHOLD_1_532,2016-05-22,2.48,6,5,2016,0.0,2.0,1.0,1.1785714285714286
HOUSEHOLD_1_190,2016-05-22,4.94,6,5,2016,0.0,1.0,0.2857142857142857,0.5
HOUSEHOLD_1_096,2016-05-22,3.97,6,5,2016,10.0,10.0,7.285714285714286,8.035714285714286
HOBBIES_1_385,2016-05-22,9.97,6,5,2016,0.0,0.0,0.2857142857142857,0.17857142857142858
HOUSEHOLD_1_099,2016-05-22,2.37,6,5,2016,1.0,1.0,0.8571428571428571,1.0714285714285714
HOBBIES_1_356,2016-05-22,5.76,6,5,2016,2.0,0.0,1.1428571428571428,1.1785714285714286
HOBBIES_2_039,2016-05-22,4.97,6,5,2016,0.0,1.0,0.14285714285714285,0.14285714285714285
HOUSEHOLD_1_528,2016-05-22,2.97,6,5,2016,0.0,0.0,0.5714285714285714,0.5714285714285714
HOUSEHOLD_1_180,2016-05-22,2.88,6,5,2016,2.0,5.0,1.8571428571428572,2.607142857142857
HOUSEHOLD_1_102,2016-05-22,17.97,6,5,2016,0.0,2.0,0.7142857142857143,0.9642857142857143
HOBBIES_1_362,2016-05-22,9.46,6,5,2016,1.0,0.0,0.14285714285714285,0.2857142857142857
HOUSEHOLD_1_399,2016-05-22,0.97,6,5,2016,11.0,10.0,9.142857142857142,9.464285714285714
HOUSEHOLD_1_493,2016-05-22,2.87,6,5,2016,0.0,0.0,0.2857142857142857,0.4642857142857143
HOBBIES_1_363,2016-05-22,2.88,6,5,2016,0.0,0.0,0.14285714285714285,0.35714285714285715
HOUSEHOLD_1_179,2016-05-22,0.98,6,5,2016,10.0,5.0,4.428571428571429,2.8214285714285716
HOBBIES_2_038,2016-05-22,0.97,6,5,2016,0.0,0.0,0.2857142857142857,0.32142857142857145
HOBBIES_1_364,2016-05-22,12.78,6,5,2016,0.0,0.0,0.5714285714285714,0.7142857142857143
HOUSEHOLD_1_103,2016-05-22,4.94,6,5,2016,1.0,2.0,0.8571428571428571,0.9642857142857143
HOUSEHOLD_1_178,2016-05-22,4.47,6,5,2016,0.0,2.0,0.42857142857142855,0.5357142857142857
HOBBIES_1_365,2016-05-22,3.97,6,5,2016,0.0,0.0,0.0,0.10714285714285714
FOODS_1_003,2016-05-22,3.23,6,5,2016,0.0,0.0,0.5714285714285714,0.6785714285714286
HOBBIES_1_361,2016-05-22,29.96,6,5,2016,0.0,0.0,0.14285714285714285,0.32142857142857145
HOUSEHOLD_1_185,2016-05-22,2.97,6,5,2016,5.0,0.0,1.4285714285714286,2.0357142857142856
HOUSEHOLD_1_101,2016-05-22,2.37,6,5,2016,0.0,4.0,0.7142857142857143,1.4285714285714286
HOUSEHOLD_1_181,2016-05-22,3.94,6,5,2016,0.0,2.0,0.5714285714285714,0.5357142857142857
HOUSEHOLD_1_530,2016-05-22,1.88,6,5,2016,4.0,0.0,1.2857142857142858,1.0714285714285714
HOUSEHOLD_1_424,2016-05-22,2.97,6,5,2016,0.0,0.0,0.14285714285714285,0.39285714285714285
HOUSEHOLD_1_492,2016-05-22,3.96,6,5,2016,0.0,1.0,0.42857142857142855,0.5
HOUSEHOLD_1_184,2016-05-22,11.97,6,5,2016,1.0,3.0,1.0,1.0357142857142858
HOBBIES_2_042,2016-05-22,0.74,6,5,2016,1.0,0.0,3.142857142857143,1.5714285714285714
HOBBIES_1_357,2016-05-22,14.48,6,5,2016,0.0,1.0,1.5714285714285714,0.9642857142857143
HOUSEHOLD_1_398,2016-05-22,2.87,6,5,2016,0.0,0.0,0.42857142857142855,0.8214285714285714
HOBBIES_1_358,2016-05-22,2.74,6,5,2016,1.0,1.0,0.5714285714285714,0.75
HOBBIES_2_041,2016-05-22,1.97,6,5,2016,3.0,1.0,0.8571428571428571,0.9285714285714286
HOUSEHOLD_1_183,2016-05-22,4.88,6,5,2016,0.0,0.0,0.14285714285714285,0.5357142857142857
HOBBIES_1_359,2016-05-22,1.47,6,5,2016,0.0,0.0,0.0,0.14285714285714285
HOUSEHOLD_1_529,2016-05-22,2.97,6,5,2016,0.0,1.0,0.8571428571428571,0.8928571428571429
HOUSEHOLD_1_100,2016-05-22,7.97,6,5,2016,2.0,5.0,1.7142857142857142,1.5714285714285714
HOUSEHOLD_1_182,2016-05-22,3.97,6,5,2016,2.0,3.0,1.1428571428571428,1.0357142857142858
HOBBIES_2_040,2016-05-22,0.88,6,5,2016,1.0,1.0,0.2857142857142857,0.10714285714285714
HOBBIES_1_360,2016-05-22,14.94,6,5,2016,0.0,0.0,0.14285714285714285,0.10714285714285714
HOUSEHOLD_1_533,2016-05-22,4.97,6,5,2016,2.0,1.0,0.8571428571428571,0.8571428571428571
HOUSEHOLD_1_113,2016-05-22,5.74,6,5,2016,1.0,3.0,1.5714285714285714,1.3214285714285714
HOBBIES_1_386,2016-05-22,5.86,6,5,2016,1.0,1.0,0.5714285714285714,0.4642857142857143
HOBBIES_1_411,2016-05-22,1.34,6,5,2016,2.0,0.0,0.42857142857142855,0.5714285714285714
HOUSEHOLD_1_411,2016-05-22,3.28,6,5,2016,0.0,4.0,1.1428571428571428,1.5714285714285714
HOUSEHOLD_1_141,2016-05-22,1.77,6,5,2016,0.0,0.0,1.2857142857142858,1.0357142857142858
HOBBIES_1_412,2016-05-22,1.98,6,5,2016,2.0,1.0,1.2857142857142858,0.8928571428571429
HOUSEHOLD_1_416,2016-05-22,3.88,6,5,2016,0.0,4.0,1.8571428571428572,1.4642857142857142
HOUSEHOLD_1_503,2016-05-22,1.28,6,5,2016,1.0,0.0,0.5714285714285714,1.0714285714285714
HOUSEHOLD_1_124,2016-05-22,3.98,6,5,2016,2.0,0.0,0.7142857142857143,1.0357142857142858
HOUSEHOLD_1_140,2016-05-22,14.97,6,5,2016,1.0,4.0,1.4285714285714286,1.6428571428571428
HOUSEHOLD_1_509,2016-05-22,3.17,6,5,2016,0.0,0.0,0.5714285714285714,1.3214285714285714
HOBBIES_2_010,2016-05-22,0.97,6,5,2016,0.0,0.0,0.0,0.07142857142857142
HOBBIES_2_009,2016-05-22,5.97,6,5,2016,0.0,0.0,0.42857142857142855,0.42857142857142855
HOBBIES_1_414,2016-05-22,7.22,6,5,2016,0.0,1.0,0.2857142857142857,0.42857142857142855
HOUSEHOLD_1_412,2016-05-22,18.96,6,5,2016,0.0,1.0,0.7142857142857143,0.8928571428571429
HOUSEHOLD_1_508,2016-05-22,4.88,6,5,2016,1.0,0.0,0.2857142857142857,0.6785714285714286
HOBBIES_1_413,2016-05-22,4.86,6,5,2016,0.0,1.0,0.42857142857142855,0.5357142857142857
HOBBIES_1_410,2016-05-22,28.96,6,5,2016,0.0,2.0,0.8571428571428571,0.7142857142857143
HOBBIES_2_011,2016-05-22,0.97,6,5,2016,1.0,2.0,0.8571428571428571,0.6428571428571429
HOUSEHOLD_1_142,2016-05-22,5.96,6,5,2016,0.0,3.0,0.5714285714285714,0.8214285714285714
HOBBIES_1_407,2016-05-22,2.88,6,5,2016,2.0,0.0,0.8571428571428571,1.4642857142857142
HOUSEHOLD_1_121,2016-05-22,2.48,6,5,2016,2.0,3.0,1.7142857142857142,1.2142857142857142
HOUSEHOLD_1_410,2016-05-22,3.97,6,5,2016,10.0,13.0,7.714285714285714,8.928571428571429
HOUSEHOLD_1_512,2016-05-22,1.87,6,5,2016,0.0,0.0,0.2857142857142857,0.4642857142857143
HOUSEHOLD_1_145,2016-05-22,2.24,6,5,2016,3.0,5.0,2.4285714285714284,2.1785714285714284
HOUSEHOLD_1_511,2016-05-22,5.96,6,5,2016,0.0,2.0,0.7142857142857143,0.5
HOUSEHOLD_1_144,2016-05-22,2.97,6,5,2016,0.0,1.0,0.7142857142857143,0.8214285714285714
HOBBIES_2_013,2016-05-22,6.97,6,5,2016,0.0,0.0,0.0,0.14285714285714285
HOUSEHOLD_1_122,2016-05-22,2.26,6,5,2016,0.0,2.0,1.0,1.3214285714285714
HOBBIES_1_408,2016-05-22,0.6,6,5,2016,1.0,1.0,2.0,1.3928571428571428
HOUSEHOLD_1_143,2016-05-22,1.97,6,5,2016,1.0,2.0,1.0,1.7142857142857142
HOBBIES_1_409,2016-05-22,5.76,6,5,2016,2.0,1.0,0.7142857142857143,0.9285714285714286
HOBBIES_2_012,2016-05-22,1.97,6,5,2016,0.0,0.0,0.0,0.0
HOUSEHOLD_1_510,2016-05-22,4.94,6,5,2016,0.0,2.0,1.2857142857142858,1.1785714285714286
HOUSEHOLD_1_123,2016-05-22,8.97,6,5,2016,0.0,1.0,0.14285714285714285,0.35714285714285715
HOUSEHOLD_1_139,2016-05-22,4.98,6,5,2016,0.0,0.0,0.0,0.2857142857142857
HOUSEHOLD_1_125,2016-05-22,5.72,6,5,2016,1.0,2.0,0.8571428571428571,0.6785714285714286
HOUSEHOLD_1_138,2016-05-22,4.94,6,5,2016,1.0,1.0,0.42857142857142855,0.5
HOBBIES_1_415,2016-05-22,6.68,6,5,2016,4.0,1.0,1.7142857142857142,1.1428571428571428
HOBBIES_2_005,2016-05-22,4.47,6,5,2016,0.0,0.0,0.0,0.14285714285714285
HOUSEHOLD_1_415,2016-05-22,12.58,6,5,2016,1.0,1.0,0.42857142857142855,0.9285714285714286
HOBBIES_1_422,2016-05-22,3.62,6,5,2016,0.0,0.0,0.0,0.0
HOUSEHOLD_1_133,2016-05-22,3.12,6,5,2016,0.0,1.0,0.5714285714285714,0.6785714285714286
HOUSEHOLD_1_506,2016-05-22,3.88,6,5,2016,2.0,0.0,1.2857142857142858,1.0714285714285714
HOBBIES_2_004,2016-05-22,2.47,6,5,2016,3.0,0.0,0.42857142857142855,0.5
HOUSEHOLD_1_414,2016-05-22,0.98,6,5,2016,8.0,7.0,5.571428571428571,5.5
HOBBIES_1_423,2016-05-22,7.78,6,5,2016,1.0,2.0,1.1428571428571428,1.6428571428571428
HOUSEHOLD_1_132,2016-05-22,1.97,6,5,2016,3.0,1.0,1.5714285714285714,1.3571428571428572
HOBBIES_2_003,2016-05-22,1.97,6,5,2016,0.0,1.0,0.2857142857142857,0.4642857142857143
HOBBIES_1_424,2016-05-22,1.77,6,5,2016,1.0,0.0,0.14285714285714285,1.4642857142857142
HOUSEHOLD_1_129,2016-05-22,3.88,6,5,2016,0.0,1.0,1.0,1.25
HOBBIES_2_001,2016-05-22,5.47,6,5,2016,0.0,0.0,0.0,0.14285714285714285
HOUSEHOLD_1_131,2016-05-22,4.94,6,5,2016,1.0,0.0,0.7142857142857143,0.4642857142857143
HOUSEHOLD_1_130,2016-05-22,6.42,6,5,2016,11.0,3.0,3.857142857142857,2.607142857142857
HOBBIES_1_421,2016-05-22,8.38,6,5,2016,2.0,0.0,0.8571428571428571,0.6785714285714286
HOBBIES_2_014,2016-05-22,0.97,6,5,2016,0.0,1.0,0.2857142857142857,0.21428571428571427
HOUSEHOLD_1_128,2016-05-22,2.67,6,5,2016,1.0,0.0,0.7142857142857143,0.8928571428571429
HOBBIES_1_420,2016-05-22,5.74,6,5,2016,1.0,3.0,1.0,0.8214285714285714
HOBBIES_2_008,2016-05-22,3.88,6,5,2016,0.0,0.0,0.14285714285714285,0.14285714285714285
HOUSEHOLD_1_126,2016-05-22,8.96,6,5,2016,0.0,2.0,0.7142857142857143,0.6785714285714286
HOBBIES_1_416,2016-05-22,4.97,6,5,2016,1.0,4.0,1.4285714285714286,1.6071428571428572
HOUSEHOLD_1_137,2016-05-22,12.98,6,5,2016,1.0,1.0,0.2857142857142857,0.2857142857142857
HOBBIES_2_007,2016-05-22,0.97,6,5,2016,1.0,2.0,0.42857142857142855,0.42857142857142855
HOBBIES_1_417,2016-05-22,0.57,6,5,2016,0.0,0.0,0.0,0.0
HOUSEHOLD_1_136,2016-05-22,3.97,6,5,2016,3.0,3.0,1.2857142857142858,1.6428571428571428
HOBBIES_1_418,2016-05-22,3.98,6,5,2016,0.0,0.0,1.1428571428571428,0.9285714285714286
HOUSEHOLD_1_507,2016-05-22,1.77,6,5,2016,0.0,0.0,1.7142857142857142,1.8571428571428572
HOUSEHOLD_1_127,2016-05-22,7.98,6,5,2016,4.0,0.0,1.1428571428571428,1.0714285714285714
HOUSEHOLD_1_504,2016-05-22,3.38,6,5,2016,0.0,2.0,0.7142857142857143,0.4642857142857143
HOUSEHOLD_1_413,2016-05-22,17.97,6,5,2016,1.0,0.0,0.5714285714285714,0.39285714285714285
HOBBIES_2_006,2016-05-22,3.97,6,5,2016,0.0,0.0,0.5714285714285714,0.35714285714285715
HOBBIES_1_419,2016-05-22,5.98,6,5,2016,0.0,0.0,0.14285714285714285,0.21428571428571427
HOUSEHOLD_1_135,2016-05-22,1.48,6,5,2016,0.0,0.0,0.5714285714285714,1.0714285714285714
HOUSEHOLD_1_134,2016-05-22,4.23,6,5,2016,1.0,0.0,0.5714285714285714,0.7142857142857143
HOUSEHOLD_1_502,2016-05-22,4.23,6,5,2016,0.0,1.0,0.42857142857142855,0.2857142857142857
HOBBIES_1_406,2016-05-22,3.88,6,5,2016,1.0,0.0,0.14285714285714285,0.21428571428571427
HOUSEHOLD_1_146,2016-05-22,5.98,6,5,2016,0.0,3.0,1.0,1.6071428571428572
HOBBIES_2_022,2016-05-22,4.97,6,5,2016,2.0,0.0,0.7142857142857143,0.7857142857142857
HOBBIES_1_391,2016-05-22,3.88,6,5,2016,0.0,0.0,0.42857142857142855,0.42857142857142855
HOUSEHOLD_1_517,2016-05-22,0.88,6,5,2016,7.0,0.0,6.0,7.392857142857143
HOUSEHOLD_1_157,2016-05-22,4.47,6,5,2016,1.0,1.0,1.5714285714285714,1.5
HOUSEHOLD_1_115,2016-05-22,4.94,6,5,2016,1.0,2.0,1.0,0.6428571428571429
HOUSEHOLD_1_499,2016-05-22,3.88,6,5,2016,3.0,0.0,0.5714285714285714,0.4642857142857143
HOBBIES_1_392,2016-05-22,12.98,6,5,2016,2.0,3.0,1.0,1.25
HOBBIES_1_393,2016-05-22,28.96,6,5,2016,0.0,0.0,0.42857142857142855,0.21428571428571427
HOUSEHOLD_1_407,2016-05-22,5.24,6,5,2016,1.0,3.0,1.4285714285714286,1.1428571428571428
HOUSEHOLD_1_516,2016-05-22,1.94,6,5,2016,8.0,3.0,2.7142857142857144,1.8928571428571428
HOBBIES_2_021,2016-05-22,0.97,6,5,2016,0.0,0.0,0.0,0.0
HOUSEHOLD_1_156,2016-05-22,2.73,6,5,2016,0.0,0.0,0.5714285714285714,2.107142857142857
HOUSEHOLD_1_116,2016-05-22,2.97,6,5,2016,0.0,1.0,0.2857142857142857,0.32142857142857145
HOUSEHOLD_1_155,2016-05-22,3.47,6,5,2016,0.0,0.0,0.5714285714285714,0.6071428571428571
HOBBIES_1_394,2016-05-22,7.88,6,5,2016,1.0,2.0,2.0,2.25
HOUSEHOLD_1_158,2016-05-22,3.97,6,5,2016,0.0,0.0,0.5714285714285714,0.75
HOBBIES_2_020,2016-05-22,3.88,6,5,2016,0.0,0.0,0.14285714285714285,0.14285714285714285
HOUSEHOLD_1_406,2016-05-22,4.97,6,5,2016,0.0,3.0,0.5714285714285714,0.6428571428571429
HOUSEHOLD_1_518,2016-05-22,6.97,6,5,2016,0.0,3.0,0.8571428571428571,0.9285714285714286
HOUSEHOLD_1_162,2016-05-22,5.97,6,5,2016,0.0,0.0,0.42857142857142855,1.0
HOBBIES_2_025,2016-05-22,0.5,6,5,2016,0.0,1.0,0.14285714285714285,0.25
HOUSEHOLD_1_519,2016-05-22,4.88,6,5,2016,0.0,4.0,2.0,1.1428571428571428
HOUSEHOLD_1_420,2016-05-22,6.42,6,5,2016,0.0,0.0,0.2857142857142857,0.4642857142857143
HOUSEHOLD_1_161,2016-05-22,11.93,6,5,2016,0.0,2.0,0.8571428571428571,0.6071428571428571
HOBBIES_1_387,2016-05-22,1.08,6,5,2016,10.0,9.0,6.285714285714286,9.5
HOUSEHOLD_1_498,2016-05-22,3.28,6,5,2016,2.0,3.0,2.4285714285714284,2.107142857142857
HOUSEHOLD_1_160,2016-05-22,9.97,6,5,2016,3.0,1.0,2.2857142857142856,2.357142857142857
HOBBIES_1_388,2016-05-22,2.88,6,5,2016,2.0,4.0,1.5714285714285714,1.2142857142857142
HOBBIES_2_024,2016-05-22,4.77,6,5,2016,0.0,1.0,0.5714285714285714,0.6071428571428571
HOBBIES_1_389,2016-05-22,11.97,6,5,2016,1.0,0.0,0.42857142857142855,0.25
HOUSEHOLD_1_159,2016-05-22,7.93,6,5,2016,0.0,0.0,0.0,0.07142857142857142
HOUSEHOLD_1_114,2016-05-22,0.97,6,5,2016,3.0,4.0,1.8571428571428572,1.9642857142857142
HOBBIES_2_023,2016-05-22,0.97,6,5,2016,0.0,0.0,0.2857142857142857,0.17857142857142858
HOBBIES_1_390,2016-05-22,11.73,6,5,2016,0.0,1.0,0.2857142857142857,0.17857142857142858
HOUSEHOLD_1_419,2016-05-22,8.94,6,5,2016,1.0,0.0,0.42857142857142855,0.75
HOUSEHOLD_1_405,2016-05-22,2.98,6,5,2016,1.0,1.0,0.42857142857142855,0.35714285714285715
HOBBIES_1_395,2016-05-22,7.48,6,5,2016,0.0,0.0,0.0,0.21428571428571427
HOUSEHOLD_1_117,2016-05-22,7.97,6,5,2016,0.0,2.0,0.7142857142857143,0.5
HOBBIES_1_401,2016-05-22,1.97,6,5,2016,0.0,1.0,0.5714285714285714,0.39285714285714285
HOUSEHOLD_1_150,2016-05-22,12.48,6,5,2016,0.0,1.0,0.2857142857142857,0.21428571428571427
HOBBIES_2_016,2016-05-22,4.97,6,5,2016,0.0,0.0,0.14285714285714285,0.10714285714285714
HOUSEHOLD_1_149,2016-05-22,0.97,6,5,2016,2.0,2.0,1.0,1.6785714285714286
HOBBIES_1_402,2016-05-22,9.94,6,5,2016,0.0,1.0,0.14285714285714285,0.21428571428571427
HOUSEHOLD_1_417,2016-05-22,5.48,6,5,2016,0.0,0.0,0.5714285714285714,0.2857142857142857
HOBBIES_1_403,2016-05-22,13.23,6,5,2016,0.0,0.0,0.5714285714285714,0.6428571428571429
HOUSEHOLD_1_513,2016-05-22,9.97,6,5,2016,2.0,2.0,0.8571428571428571,1.1071428571428572
HOUSEHOLD_1_148,2016-05-22,5.92,6,5,2016,1.0,1.0,0.5714285714285714,0.25
HOUSEHOLD_1_501,2016-05-22,3.96,6,5,2016,1.0,0.0,0.42857142857142855,0.4642857142857143
HOBBIES_2_015,2016-05-22,2.47,6,5,2016,1.0,0.0,0.14285714285714285,0.17857142857142858
HOBBIES_1_404,2016-05-22,0.48,6,5,2016,4.0,6.0,5.0,6.071428571428571
HOUSEHOLD_1_147,2016-05-22,0.96,6,5,2016,1.0,5.0,2.7142857142857144,2.607142857142857
HOUSEHOLD_1_120,2016-05-22,4.47,6,5,2016,0.0,0.0,0.14285714285714285,0.35714285714285715
HOBBIES_1_405,2016-05-22,12.68,6,5,2016,0.0,0.0,0.0,0.14285714285714285
HOUSEHOLD_1_119,2016-05-22,3.74,6,5,2016,3.0,1.0,1.8571428571428572,1.9285714285714286
HOUSEHOLD_1_154,2016-05-22,2.96,6,5,2016,1.0,1.0,0.5714285714285714,0.7857142857142857
HOUSEHOLD_1_409,2016-05-22,2.94,6,5,2016,9.0,5.0,6.142857142857143,6.642857142857143
HOBBIES_2_017,2016-05-22,0.5,6,5,2016,1.0,0.0,0.2857142857142857,0.35714285714285715
HOBBIES_1_396,2016-05-22,1.88,6,5,2016,0.0,0.0,0.0,0.0
HOUSEHOLD_1_153,2016-05-22,1.97,6,5,2016,3.0,2.0,1.2857142857142858,2.0714285714285716
HOUSEHOLD_1_500,2016-05-22,4.44,6,5,2016,0.0,3.0,0.7142857142857143,0.4642857142857143
HOBBIES_1_397,2016-05-22,3.98,6,5,2016,2.0,2.0,1.7142857142857142,1.5714285714285714
HOUSEHOLD_1_418,2016-05-22,0.97,6,5,2016,17.0,16.0,9.857142857142858,13.285714285714286
HOBBIES_2_019,2016-05-22,3.37,6,5,2016,0.0,0.0,0.2857142857142857,0.14285714285714285
HOBBIES_1_398,2016-05-22,0.57,6,5,2016,3.0,12.0,3.142857142857143,2.0
HOUSEHOLD_1_515,2016-05-22,2.47,6,5,2016,2.0,3.0,1.8571428571428572,1.4285714285714286
HOUSEHOLD_1_408,2016-05-22,5.48,6,5,2016,4.0,3.0,2.4285714285714284,2.0357142857142856
HOUSEHOLD_1_152,2016-05-22,9.98,6,5,2016,0.0,0.0,0.0,0.5
HOBBIES_2_018,2016-05-22,3.37,6,5,2016,0.0,0.0,0.2857142857142857,0.39285714285714285
HOBBIES_1_399,2016-05-22,1.97,6,5,2016,2.0,0.0,0.42857142857142855,0.5357142857142857
HOUSEHOLD_1_151,2016-05-22,0.88,6,5,2016,10.0,6.0,5.857142857142857,6.535714285714286
HOUSEHOLD_1_118,2016-05-22,0.97,6,5,2016,12.0,17.0,9.714285714285714,8.25
HOBBIES_1_400,2016-05-22,1.14,6,5,2016,0.0,1.0,0.14285714285714285,0.42857142857142855
HOUSEHOLD_1_514,2016-05-22,3.97,6,5,2016,5.0,12.0,6.285714285714286,7.5
HOUSEHOLD_1_094,2016-05-22,3.48,6,5,2016,5.0,2.0,1.7142857142857142,1.3928571428571428
HOUSEHOLD_1_534,2016-05-22,9.97,6,5,2016,1.0,0.0,0.42857142857142855,0.8214285714285714
HOBBIES_1_345,2016-05-22,7.88,6,5,2016,1.0,2.0,0.7142857142857143,0.6785714285714286
HOUSEHOLD_1_479,2016-05-22,7.56,6,5,2016,0.0,0.0,0.2857142857142857,0.4642857142857143
HOBBIES_1_286,2016-05-22,0.7,6,5,2016,0.0,6.0,6.428571428571429,4.571428571428571
HOBBIES_2_079,2016-05-22,2.47,6,5,2016,0.0,0.0,0.0,0.03571428571428571
HOUSEHOLD_1_232,2016-05-22,4.23,6,5,2016,1.0,1.0,0.8571428571428571,0.8571428571428571
HOUSEHOLD_1_070,2016-05-22,3.93,6,5,2016,2.0,0.0,0.7142857142857143,0.6785714285714286
HOBBIES_1_287,2016-05-22,5.76,6,5,2016,3.0,0.0,0.7142857142857143,0.5714285714285714
HOUSEHOLD_1_233,2016-05-22,11.52,6,5,2016,1.0,0.0,0.14285714285714285,0.39285714285714285
HOBBIES_1_288,2016-05-22,0.57,6,5,2016,0.0,13.0,2.2857142857142856,1.1785714285714286
HOUSEHOLD_1_071,2016-05-22,2.36,6,5,2016,4.0,4.0,3.7142857142857144,2.7857142857142856
HOBBIES_1_289,2016-05-22,4.97,6,5,2016,0.0,0.0,0.0,0.10714285714285714
HOUSEHOLD_1_480,2016-05-22,2.73,6,5,2016,0.0,0.0,0.5714285714285714,0.25
HOUSEHOLD_1_231,2016-05-22,2.97,6,5,2016,2.0,1.0,0.7142857142857143,0.8214285714285714
HOUSEHOLD_2_009,2016-05-22,5.73,6,5,2016,2.0,1.0,1.0,0.6071428571428571
HOUSEHOLD_1_433,2016-05-22,8.97,6,5,2016,0.0,2.0,0.7142857142857143,0.5357142857142857
HOUSEHOLD_1_377,2016-05-22,8.96,6,5,2016,0.0,0.0,0.0,0.42857142857142855
HOUSEHOLD_1_505,2016-05-22,2.47,6,5,2016,2.0,1.0,2.0,1.8571428571428572
HOUSEHOLD_1_069,2016-05-22,1.97,6,5,2016,0.0,0.0,0.7142857142857143,0.5357142857142857
HOUSEHOLD_1_234,2016-05-22,0.97,6,5,2016,9.0,3.0,3.4285714285714284,2.892857142857143
HOUSEHOLD_1_434,2016-05-22,3.97,6,5,2016,7.0,2.0,3.4285714285714284,2.5714285714285716
HOUSEHOLD_1_237,2016-05-22,5.88,6,5,2016,0.0,0.0,0.0,0.17857142857142858
HOBBIES_2_082,2016-05-22,0.88,6,5,2016,0.0,0.0,0.0,0.14285714285714285
HOBBIES_1_281,2016-05-22,4.24,6,5,2016,3.0,0.0,0.7142857142857143,0.7857142857142857
HOBBIES_1_282,2016-05-22,3.98,6,5,2016,3.0,1.0,1.2857142857142858,1.25
HOUSEHOLD_2_011,2016-05-22,5.62,6,5,2016,2.0,2.0,0.7142857142857143,0.9642857142857143
HOUSEHOLD_1_376,2016-05-22,5.44,6,5,2016,2.0,2.0,2.142857142857143,1.8571428571428572
HOBBIES_2_081,2016-05-22,1.97,6,5,2016,0.0,0.0,0.5714285714285714,0.32142857142857145
HOUSEHOLD_1_236,2016-05-22,2.47,6,5,2016,3.0,0.0,1.7142857142857142,1.8214285714285714
HOBBIES_1_283,2016-05-22,10.98,6,5,2016,0.0,1.0,0.5714285714285714,0.5
HOUSEHOLD_1_068,2016-05-22,6.97,6,5,2016,0.0,7.0,3.0,2.107142857142857
HOUSEHOLD_1_235,2016-05-22,3.88,6,5,2016,2.0,5.0,2.0,1.2857142857142858
HOBBIES_1_284,2016-05-22,4.88,6,5,2016,2.0,1.0,0.8571428571428571,0.2857142857142857
HOBBIES_2_080,2016-05-22,3.97,6,5,2016,0.0,0.0,0.14285714285714285,0.21428571428571427
HOBBIES_1_285,2016-05-22,10.88,6,5,2016,0.0,0.0,0.0,0.03571428571428571
HOBBIES_2_078,2016-05-22,5.97,6,5,2016,0.0,0.0,0.14285714285714285,0.10714285714285714
HOBBIES_1_290,2016-05-22,5.77,6,5,2016,0.0,0.0,0.14285714285714285,0.14285714285714285
HOUSEHOLD_1_378,2016-05-22,21.78,6,5,2016,0.0,1.0,0.14285714285714285,0.07142857142857142
HOBBIES_2_077,2016-05-22,9.97,6,5,2016,0.0,0.0,0.0,0.0
HOUSEHOLD_1_226,2016-05-22,2.88,6,5,2016,2.0,4.0,2.0,2.0714285714285716
HOUSEHOLD_1_481,2016-05-22,4.94,6,5,2016,3.0,5.0,1.8571428571428572,1.6428571428571428
HOBBIES_2_074,2016-05-22,3.97,6,5,2016,0.0,0.0,0.0,0.07142857142857142
HOBBIES_1_298,2016-05-22,3.94,6,5,2016,3.0,0.0,1.5714285714285714,1.4642857142857142
HOUSEHOLD_1_225,2016-05-22,1.88,6,5,2016,3.0,6.0,2.857142857142857,2.6785714285714284
HOUSEHOLD_1_074,2016-05-22,4.94,6,5,2016,0.0,0.0,0.2857142857142857,0.4642857142857143
HOBBIES_1_299,2016-05-22,1.27,6,5,2016,1.0,0.0,0.42857142857142855,0.5357142857142857
HOBBIES_2_073,2016-05-22,0.5,6,5,2016,0.0,0.0,0.0,0.32142857142857145
HOBBIES_1_300,2016-05-22,9.83,6,5,2016,4.0,2.0,1.2857142857142858,0.9642857142857143
HOUSEHOLD_1_380,2016-05-22,4.57,6,5,2016,0.0,0.0,0.14285714285714285,0.32142857142857145
HOUSEHOLD_1_224,2016-05-22,7.97,6,5,2016,0.0,3.0,0.7142857142857143,0.5
HOBBIES_1_301,2016-05-22,6.24,6,5,2016,2.0,0.0,1.2857142857142858,1.25
HOBBIES_2_072,2016-05-22,7.97,6,5,2016,1.0,0.0,0.14285714285714285,0.10714285714285714
HOUSEHOLD_2_006,2016-05-22,3.44,6,5,2016,0.0,0.0,0.0,0.0
HOUSEHOLD_1_075,2016-05-22,2.73,6,5,2016,1.0,0.0,0.42857142857142855,0.6071428571428571
HOUSEHOLD_1_073,2016-05-22,8.88,6,5,2016,0.0,0.0,0.2857142857142857,0.35714285714285715
HOBBIES_1_280,2016-05-22,10.98,6,5,2016,1.0,1.0,0.5714285714285714,0.4642857142857143
HOUSEHOLD_2_007,2016-05-22,2.58,6,5,2016,2.0,0.0,0.42857142857142855,0.6071428571428571
HOBBIES_1_297,2016-05-22,14.72,6,5,2016,3.0,3.0,1.7142857142857142,1.8214285714285714
HOBBIES_1_292,2016-05-22,6.58,6,5,2016,1.0,0.0,0.2857142857142857,0.32142857142857145
HOUSEHOLD_1_230,2016-05-22,3.28,6,5,2016,0.0,0.0,0.0,0.21428571428571427
HOBBIES_1_293,2016-05-22,3.68,6,5,2016,0.0,0.0,0.5714285714285714,0.4642857142857143
HOUSEHOLD_1_229,2016-05-22,2.96,6,5,2016,0.0,0.0,0.7142857142857143,0.42857142857142855
HOUSEHOLD_2_008,2016-05-22,2.46,6,5,2016,1.0,0.0,0.14285714285714285,0.03571428571428571
HOBBIES_2_076,2016-05-22,2.88,6,5,2016,0.0,0.0,0.0,0.17857142857142858
HOUSEHOLD_1_072,2016-05-22,7.98,6,5,2016,1.0,3.0,1.1428571428571428,1.7857142857142858
FOODS_1_002,2016-05-22,9.48,6,5,2016,1.0,0.0,0.7142857142857143,0.6428571428571429
HOUSEHOLD_1_228,2016-05-22,9.47,6,5,2016,0.0,0.0,0.7142857142857143,0.5357142857142857
HOBBIES_1_294,2016-05-22,3.88,6,5,2016,0.0,0.0,0.14285714285714285,0.10714285714285714
HOUSEHOLD_1_432,2016-05-22,3.88,6,5,2016,0.0,0.0,0.0,0.21428571428571427
HOBBIES_1_295,2016-05-22,0.48,6,5,2016,11.0,12.0,6.714285714285714,8.0
HOUSEHOLD_1_227,2016-05-22,2.73,6,5,2016,3.0,1.0,2.0,1.3928571428571428
HOBBIES_2_075,2016-05-22,2.88,6,5,2016,0.0,1.0,0.2857142857142857,0.7857142857142857
HOBBIES_1_296,2016-05-22,7.38,6,5,2016,2.0,0.0,0.7142857142857143,0.75
HOUSEHOLD_1_379,2016-05-22,0.97,6,5,2016,0.0,1.0,0.7142857142857143,0.8571428571428571
HOBBIES_2_083,2016-05-22,2.88,6,5,2016,0.0,0.0,0.2857142857142857,0.14285714285714285
HOUSEHOLD_1_238,2016-05-22,2.48,6,5,2016,2.0,1.0,0.8571428571428571,0.8928571428571429
HOBBIES_1_279,2016-05-22,3.78,6,5,2016,1.0,1.0,0.2857142857142857,1.1071428571428572
HOBBIES_2_092,2016-05-22,4.97,6,5,2016,0.0,0.0,0.14285714285714285,0.21428571428571427
HOUSEHOLD_1_436,2016-05-22,9.97,6,5,2016,0.0,0.0,0.5714285714285714,0.25
HOBBIES_1_264,2016-05-22,4.47,6,5,2016,1.0,1.0,0.7142857142857143,0.35714285714285715
HOUSEHOLD_1_250,2016-05-22,2.68,6,5,2016,0.0,1.0,0.42857142857142855,0.2857142857142857
HOBBIES_1_265,2016-05-22,3.97,6,5,2016,0.0,1.0,0.14285714285714285,0.21428571428571427
HOBBIES_2_091,2016-05-22,0.97,6,5,2016,0.0,0.0,0.14285714285714285,0.42857142857142855
HOBBIES_1_266,2016-05-22,4.86,6,5,2016,0.0,0.0,0.2857142857142857,0.75
HOUSEHOLD_2_015,2016-05-22,4.44,6,5,2016,1.0,1.0,0.7142857142857143,0.7857142857142857
HOUSEHOLD_1_373,2016-05-22,3.42,6,5,2016,3.0,5.0,1.4285714285714286,2.3214285714285716
HOUSEHOLD_1_249,2016-05-22,7.97,6,5,2016,0.0,2.0,0.5714285714285714,1.0
HOBBIES_2_090,2016-05-22,1.57,6,5,2016,0.0,0.0,0.0,0.0
HOUSEHOLD_1_062,2016-05-22,4.98,6,5,2016,1.0,3.0,1.8571428571428572,1.4642857142857142
HOBBIES_1_267,2016-05-22,2.88,6,5,2016,0.0,0.0,0.2857142857142857,0.17857142857142858
HOUSEHOLD_1_248,2016-05-22,8.97,6,5,2016,1.0,1.0,0.42857142857142855,0.6071428571428571
HOBBIES_1_268,2016-05-22,0.48,6,5,2016,1.0,2.0,3.4285714285714284,8.357142857142858
HOUSEHOLD_1_476,2016-05-22,4.84,6,5,2016,0.0,1.0,0.42857142857142855,0.42857142857142855
HOBBIES_2_089,2016-05-22,2.97,6,5,2016,0.0,1.0,0.42857142857142855,0.5357142857142857
HOBBIES_1_263,2016-05-22,4.97,6,5,2016,1.0,0.0,0.14285714285714285,0.5357142857142857
HOUSEHOLD_1_061,2016-05-22,1.88,6,5,2016,1.0,2.0,0.7142857142857143,0.8928571428571429
HOBBIES_2_094,2016-05-22,1.97,6,5,2016,0.0,0.0,0.14285714285714285,0.25
HOBBIES_1_259,2016-05-22,0.97,6,5,2016,1.0,1.0,0.2857142857142857,0.25
HOUSEHOLD_1_254,2016-05-22,0.97,6,5,2016,18.0,9.0,8.857142857142858,7.357142857142857
HOBBIES_1_260,2016-05-22,12.44,6,5,2016,0.0,1.0,0.5714285714285714,0.17857142857142858
HOUSEHOLD_1_059,2016-05-22,3.12,6,5,2016,1.0,3.0,2.2857142857142856,1.8928571428571428
HOBBIES_2_093,2016-05-22,1.97,6,5,2016,3.0,0.0,0.42857142857142855,0.32142857142857145
HOBBIES_1_261,2016-05-22,0.48,6,5,2016,47.0,31.0,11.714285714285714,6.821428571428571
HOUSEHOLD_2_017,2016-05-22,3.72,6,5,2016,0.0,0.0,0.2857142857142857,0.35714285714285715
HOUSEHOLD_1_372,2016-05-22,1.97,6,5,2016,0.0,4.0,0.7142857142857143,1.25
HOUSEHOLD_1_253,2016-05-22,3.47,6,5,2016,0.0,0.0,0.2857142857142857,0.07142857142857142
HOUSEHOLD_1_060,2016-05-22,29.97,6,5,2016,0.0,0.0,0.0,0.10714285714285714
HOBBIES_1_262,2016-05-22,8.98,6,5,2016,2.0,0.0,0.7142857142857143,0.75
HOUSEHOLD_1_475,2016-05-22,2.67,6,5,2016,2.0,0.0,0.5714285714285714,0.5
HOUSEHOLD_2_016,2016-05-22,1.62,6,5,2016,4.0,4.0,1.1428571428571428,0.8571428571428571
HOUSEHOLD_1_252,2016-05-22,9.47,6,5,2016,1.0,2.0,0.7142857142857143,0.6428571428571429
HOUSEHOLD_1_251,2016-05-22,1.98,6,5,2016,1.0,0.0,1.1428571428571428,0.9642857142857143
HOUSEHOLD_1_223,2016-05-22,9.47,6,5,2016,0.0,1.0,0.42857142857142855,0.9642857142857143
HOUSEHOLD_1_247,2016-05-22,0.97,6,5,2016,2.0,5.0,2.5714285714285716,1.75
HOUSEHOLD_1_063,2016-05-22,9.97,6,5,2016,0.0,3.0,1.7142857142857142,1.7142857142857142
HOBBIES_2_085,2016-05-22,0.97,6,5,2016,0.0,1.0,0.14285714285714285,0.5
HOUSEHOLD_1_242,2016-05-22,4.88,6,5,2016,1.0,0.0,0.2857142857142857,0.2857142857142857
HOBBIES_1_275,2016-05-22,12.88,6,5,2016,2.0,3.0,1.1428571428571428,1.0
HOUSEHOLD_1_066,2016-05-22,2.96,6,5,2016,8.0,6.0,6.571428571428571,6.75
HOBBIES_1_276,2016-05-22,7.98,6,5,2016,1.0,2.0,0.8571428571428571,0.6428571428571429
HOUSEHOLD_1_435,2016-05-22,7.93,6,5,2016,0.0,0.0,0.2857142857142857,0.25
HOBBIES_2_084,2016-05-22,5.97,6,5,2016,0.0,0.0,0.0,0.14285714285714285
HOUSEHOLD_1_375,2016-05-22,7.97,6,5,2016,0.0,0.0,0.0,0.17857142857142858
HOBBIES_1_277,2016-05-22,1.77,6,5,2016,0.0,0.0,1.1428571428571428,0.8571428571428571
HOUSEHOLD_1_241,2016-05-22,7.94,6,5,2016,1.0,0.0,0.2857142857142857,0.9285714285714286
HOBBIES_1_278,2016-05-22,0.57,6,5,2016,2.0,0.0,1.0,4.285714285714286
HOUSEHOLD_2_012,2016-05-22,4.78,6,5,2016,0.0,0.0,0.0,0.39285714285714285
HOUSEHOLD_1_239,2016-05-22,3.97,6,5,2016,0.0,2.0,0.2857142857142857,0.7142857142857143
HOUSEHOLD_1_478,2016-05-22,2.67,6,5,2016,0.0,0.0,1.4285714285714286,1.3571428571428572
HOUSEHOLD_1_067,2016-05-22,3.97,6,5,2016,1.0,3.0,1.4285714285714286,1.8928571428571428
HOUSEHOLD_2_013,2016-05-22,5.94,6,5,2016,0.0,1.0,0.14285714285714285,0.39285714285714285
HOBBIES_1_269,2016-05-22,11.73,6,5,2016,0.0,0.0,0.2857142857142857,0.10714285714285714
HOBBIES_2_086,2016-05-22,0.97,6,5,2016,0.0,0.0,0.2857142857142857,0.14285714285714285
HOBBIES_1_274,2016-05-22,9.88,6,5,2016,0.0,1.0,0.42857142857142855,0.2857142857142857
HOBBIES_2_088,2016-05-22,2.77,6,5,2016,0.0,0.0,0.14285714285714285,0.07142857142857142
HOBBIES_1_270,2016-05-22,4.88,6,5,2016,0.0,0.0,0.2857142857142857,0.4642857142857143
HOUSEHOLD_1_246,2016-05-22,3.98,6,5,2016,2.0,3.0,1.8571428571428572,2.642857142857143
HOUSEHOLD_2_014,2016-05-22,5.97,6,5,2016,1.0,0.0,0.42857142857142855,0.17857142857142858
HOUSEHOLD_1_064,2016-05-22,5.78,6,5,2016,0.0,3.0,0.5714285714285714,0.5
HOUSEHOLD_1_477,2016-05-22,13.48,6,5,2016,0.0,1.0,0.42857142857142855,0.17857142857142858
HOUSEHOLD_1_374,2016-05-22,3.97,6,5,2016,0.0,0.0,0.8571428571428571,0.7857142857142857
HOBBIES_1_271,2016-05-22,5.77,6,5,2016,0.0,0.0,0.0,0.07142857142857142
HOUSEHOLD_1_245,2016-05-22,2.67,6,5,2016,1.0,0.0,0.2857142857142857,0.9642857142857143
HOBBIES_1_272,2016-05-22,8.44,6,5,2016,0.0,0.0,0.0,0.17857142857142858
HOBBIES_2_087,2016-05-22,0.97,6,5,2016,0.0,0.0,0.14285714285714285,0.25
HOUSEHOLD_1_065,2016-05-22,0.98,6,5,2016,0.0,2.0,0.7142857142857143,1.1428571428571428
HOBBIES_1_273,2016-05-22,12.68,6,5,2016,1.0,0.0,0.14285714285714285,0.25
HOUSEHOLD_1_244,2016-05-22,2.96,6,5,2016,2.0,2.0,0.7142857142857143,1.2142857142857142
FOODS_1_001,2016-05-22,2.24,6,5,2016,0.0,1.0,0.2857142857142857,0.8214285714285714
HOUSEHOLD_1_243,2016-05-22,1.97,6,5,2016,2.0,5.0,2.0,2.7857142857142856
HOBBIES_2_071,2016-05-22,0.97,6,5,2016,0.0,0.0,0.42857142857142855,0.21428571428571427
HOBBIES_1_302,2016-05-22,2.88,6,5,2016,0.0,0.0,0.0,0.0
HOUSEHOLD_1_222,2016-05-22,9.97,6,5,2016,5.0,5.0,4.428571428571429,4.5
HOBBIES_1_330,2016-05-22,7.88,6,5,2016,0.0,1.0,0.42857142857142855,0.6071428571428571
HOUSEHOLD_1_203,2016-05-22,4.94,6,5,2016,0.0,0.0,0.0,0.21428571428571427
HOUSEHOLD_1_088,2016-05-22,5.97,6,5,2016,0.0,1.0,0.8571428571428571,1.1428571428571428
HOUSEHOLD_1_487,2016-05-22,1.84,6,5,2016,1.0,1.0,1.1428571428571428,1.6428571428571428
HOBBIES_1_331,2016-05-22,0.94,6,5,2016,0.0,1.0,0.2857142857142857,0.25
HOBBIES_2_056,2016-05-22,1.94,6,5,2016,1.0,1.0,0.5714285714285714,0.32142857142857145
HOBBIES_1_332,2016-05-22,7.88,6,5,2016,0.0,2.0,0.7142857142857143,0.6071428571428571
HOUSEHOLD_1_389,2016-05-22,0.98,6,5,2016,0.0,6.0,3.7142857142857144,3.1785714285714284
HOUSEHOLD_1_538,2016-05-22,3.48,6,5,2016,5.0,1.0,1.5714285714285714,1.3214285714285714
HOUSEHOLD_1_202,2016-05-22,1.98,6,5,2016,2.0,3.0,2.7142857142857144,2.142857142857143
HOUSEHOLD_1_089,2016-05-22,5.22,6,5,2016,0.0,0.0,0.2857142857142857,0.5357142857142857
HOBBIES_2_055,2016-05-22,2.5,6,5,2016,0.0,1.0,0.14285714285714285,0.25
HOUSEHOLD_1_427,2016-05-22,5.96,6,5,2016,0.0,0.0,0.0,0.0
HOBBIES_1_333,2016-05-22,4.97,6,5,2016,0.0,1.0,0.5714285714285714,0.21428571428571427
HOUSEHOLD_1_390,2016-05-22,1.88,6,5,2016,1.0,1.0,1.0,0.9285714285714286
HOUSEHOLD_1_204,2016-05-22,1.88,6,5,2016,4.0,9.0,3.857142857142857,3.7857142857142856
HOBBIES_2_054,2016-05-22,3.97,6,5,2016,0.0,0.0,0.2857142857142857,0.21428571428571427
HOUSEHOLD_1_539,2016-05-22,3.97,6,5,2016,1.0,2.0,2.2857142857142856,3.2857142857142856
HOBBIES_2_057,2016-05-22,1.97,6,5,2016,0.0,0.0,0.0,0.0
HOUSEHOLD_1_387,2016-05-22,2.88,6,5,2016,1.0,3.0,1.8571428571428572,2.2142857142857144
HOBBIES_1_325,2016-05-22,6.44,6,5,2016,0.0,1.0,0.14285714285714285,0.10714285714285714
HOUSEHOLD_1_085,2016-05-22,16.67,6,5,2016,0.0,0.0,0.0,0.07142857142857142
HOUSEHOLD_1_207,2016-05-22,7.97,6,5,2016,1.0,0.0,0.2857142857142857,0.17857142857142858
HOBBIES_1_326,2016-05-22,1.97,6,5,2016,0.0,3.0,1.2857142857142858,0.7857142857142857
HOUSEHOLD_1_540,2016-05-22,1.88,6,5,2016,2.0,4.0,2.0,2.5
HOBBIES_2_059,2016-05-22,0.23,6,5,2016,0.0,0.0,0.42857142857142855,1.0
HOUSEHOLD_1_086,2016-05-22,5.27,6,5,2016,3.0,2.0,1.8571428571428572,1.25
HOUSEHOLD_1_388,2016-05-22,3.47,6,5,2016,1.0,0.0,0.14285714285714285,0.03571428571428571
HOBBIES_1_327,2016-05-22,7.88,6,5,2016,2.0,0.0,1.0,0.6785714285714286
HOUSEHOLD_1_206,2016-05-22,4.92,6,5,2016,1.0,0.0,0.14285714285714285,0.21428571428571427
HOBBIES_2_058,2016-05-22,0.5,6,5,2016,0.0,0.0,0.14285714285714285,0.14285714285714285
HOBBIES_1_328,2016-05-22,6.72,6,5,2016,0.0,0.0,0.5714285714285714,0.6428571428571429
HOUSEHOLD_1_205,2016-05-22,5.94,6,5,2016,2.0,2.0,1.2857142857142858,0.8571428571428571
HOUSEHOLD_1_087,2016-05-22,4.47,6,5,2016,0.0,2.0,0.5714285714285714,0.8928571428571429
HOBBIES_1_329,2016-05-22,3.97,6,5,2016,2.0,8.0,2.4285714285714284,2.107142857142857
HOBBIES_2_060,2016-05-22,0.97,6,5,2016,0.0,0.0,0.14285714285714285,0.2857142857142857
HOBBIES_1_334,2016-05-22,5.98,6,5,2016,0.0,2.0,0.42857142857142855,0.7142857142857143
HOBBIES_1_335,2016-05-22,11.96,6,5,2016,2.0,0.0,0.5714285714285714,0.6071428571428571
HOUSEHOLD_1_426,2016-05-22,2.62,6,5,2016,1.0,0.0,0.42857142857142855,1.1071428571428572
HOUSEHOLD_1_196,2016-05-22,1.97,6,5,2016,2.0,5.0,2.0,1.7142857142857142
HOBBIES_1_341,2016-05-22,0.48,6,5,2016,0.0,17.0,3.0,5.857142857142857
HOBBIES_2_051,2016-05-22,1.97,6,5,2016,0.0,1.0,0.14285714285714285,0.25
HOUSEHOLD_1_535,2016-05-22,6.97,6,5,2016,9.0,6.0,6.142857142857143,6.892857142857143
HOUSEHOLD_1_394,2016-05-22,4.88,6,5,2016,0.0,0.0,0.7142857142857143,0.5357142857142857
HOBBIES_2_050,2016-05-22,1.97,6,5,2016,0.0,0.0,0.0,0.25
HOBBIES_1_342,2016-05-22,19.96,6,5,2016,0.0,1.0,0.8571428571428571,0.7142857142857143
HOUSEHOLD_1_195,2016-05-22,3.88,6,5,2016,1.0,1.0,0.5714285714285714,0.6071428571428571
HOBBIES_1_343,2016-05-22,5.32,6,5,2016,1.0,0.0,0.5714285714285714,0.9285714285714286
HOUSEHOLD_1_093,2016-05-22,3.94,6,5,2016,0.0,2.0,1.2857142857142858,1.8928571428571428
HOUSEHOLD_1_194,2016-05-22,4.98,6,5,2016,1.0,0.0,0.5714285714285714,0.8214285714285714
HOBBIES_1_344,2016-05-22,11.78,6,5,2016,1.0,1.0,0.8571428571428571,0.75
HOBBIES_2_049,2016-05-22,2.5,6,5,2016,0.0,0.0,0.0,0.0
HOUSEHOLD_1_193,2016-05-22,2.42,6,5,2016,1.0,4.0,1.8571428571428572,1.1785714285714286
HOUSEHOLD_1_092,2016-05-22,1.77,6,5,2016,0.0,0.0,0.0,0.0
HOUSEHOLD_1_201,2016-05-22,4.84,6,5,2016,4.0,1.0,1.4285714285714286,0.7857142857142857
HOBBIES_2_052,2016-05-22,2.47,6,5,2016,0.0,0.0,0.0,0.17857142857142858
HOBBIES_1_340,2016-05-22,6.97,6,5,2016,0.0,1.0,0.14285714285714285,0.25
HOUSEHOLD_1_537,2016-05-22,15.97,6,5,2016,0.0,4.0,1.0,1.25
HOBBIES_2_053,2016-05-22,4.97,6,5,2016,0.0,0.0,0.0,0.0
HOUSEHOLD_1_200,2016-05-22,2.08,6,5,2016,1.0,1.0,1.4285714285714286,1.0
HOUSEHOLD_1_090,2016-05-22,2.96,6,5,2016,1.0,3.0,0.7142857142857143,1.0714285714285714
HOBBIES_1_336,2016-05-22,1.88,6,5,2016,0.0,0.0,0.0,0.0
HOUSEHOLD_1_393,2016-05-22,1.98,6,5,2016,0.0,1.0,0.8571428571428571,0.9285714285714286
HOUSEHOLD_1_091,2016-05-22,6.88,6,5,2016,1.0,0.0,0.14285714285714285,0.21428571428571427
HOBBIES_1_337,2016-05-22,3.67,6,5,2016,4.0,7.0,3.142857142857143,2.5357142857142856
HOUSEHOLD_1_199,2016-05-22,1.77,6,5,2016,0.0,0.0,0.0,0.10714285714285714
HOUSEHOLD_1_488,2016-05-22,9.98,6,5,2016,1.0,0.0,1.1428571428571428,1.25
HOBBIES_1_338,2016-05-22,8.98,6,5,2016,1.0,1.0,0.7142857142857143,1.0714285714285714
HOUSEHOLD_1_198,2016-05-22,0.97,6,5,2016,5.0,6.0,2.5714285714285716,2.75
HOBBIES_1_339,2016-05-22,7.98,6,5,2016,8.0,2.0,2.7142857142857144,2.75
HOUSEHOLD_1_489,2016-05-22,9.97,6,5,2016,2.0,2.0,1.7142857142857142,1.6071428571428572
HOUSEHOLD_1_197,2016-05-22,4.97,6,5,2016,3.0,0.0,1.2857142857142858,1.5714285714285714
HOUSEHOLD_1_536,2016-05-22,2.88,6,5,2016,1.0,5.0,2.0,2.2857142857142856
HOBBIES_1_258,2016-05-22,11.78,6,5,2016,0.0,0.0,1.2857142857142858,1.2142857142857142
HOBBIES_1_324,2016-05-22,14.72,6,5,2016,0.0,0.0,1.2857142857142858,1.4642857142857142
HOBBIES_1_323,2016-05-22,5.24,6,5,2016,4.0,3.0,2.5714285714285716,1.4642857142857142
HOUSEHOLD_1_078,2016-05-22,2.84,6,5,2016,0.0,2.0,1.2857142857142858,0.75
HOBBIES_1_308,2016-05-22,9.98,6,5,2016,1.0,0.0,0.5714285714285714,0.5714285714285714
HOUSEHOLD_1_218,2016-05-22,1.94,6,5,2016,1.0,1.0,0.7142857142857143,0.9285714285714286
HOUSEHOLD_1_430,2016-05-22,0.98,6,5,2016,5.0,3.0,3.2857142857142856,3.857142857142857
HOBBIES_1_309,2016-05-22,5.12,6,5,2016,0.0,0.0,0.5714285714285714,0.7857142857142857
HOUSEHOLD_2_003,2016-05-22,8.94,6,5,2016,0.0,0.0,0.7142857142857143,0.32142857142857145
HOUSEHOLD_1_383,2016-05-22,3.48,6,5,2016,2.0,0.0,2.0,1.7857142857142858
HOUSEHOLD_1_483,2016-05-22,4.54,6,5,2016,0.0,1.0,0.2857142857142857,0.32142857142857145
HOUSEHOLD_1_217,2016-05-22,1.83,6,5,2016,0.0,0.0,0.8571428571428571,0.35714285714285715
HOBBIES_1_310,2016-05-22,5.72,6,5,2016,0.0,1.0,0.14285714285714285,0.4642857142857143
HOUSEHOLD_1_484,2016-05-22,9.97,6,5,2016,0.0,0.0,0.14285714285714285,0.6785714285714286
HOBBIES_1_311,2016-05-22,17.98,6,5,2016,0.0,0.0,0.5714285714285714,0.32142857142857145
HOUSEHOLD_1_079,2016-05-22,4.47,6,5,2016,1.0,3.0,1.7142857142857142,1.8571428571428572
HOBBIES_2_067,2016-05-22,2.97,6,5,2016,0.0,0.0,0.0,0.4642857142857143
HOUSEHOLD_1_384,2016-05-22,4.84,6,5,2016,0.0,0.0,0.5714285714285714,0.9285714285714286
HOBBIES_1_307,2016-05-22,3.97,6,5,2016,2.0,0.0,0.2857142857142857,0.17857142857142858
HOUSEHOLD_1_216,2016-05-22,11.97,6,5,2016,0.0,1.0,0.2857142857142857,0.25
HOBBIES_2_068,2016-05-22,1.97,6,5,2016,1.0,0.0,0.14285714285714285,0.42857142857142855
HOUSEHOLD_1_382,2016-05-22,2.28,6,5,2016,3.0,1.0,1.2857142857142858,1.2142857142857142
HOUSEHOLD_1_076,2016-05-22,4.88,6,5,2016,1.0,1.0,0.7142857142857143,0.7142857142857143
HOBBIES_1_303,2016-05-22,8.56,6,5,2016,0.0,0.0,0.0,0.21428571428571427
HOUSEHOLD_1_431,2016-05-22,7.48,6,5,2016,3.0,0.0,1.1428571428571428,0.8571428571428571
HOUSEHOLD_1_221,2016-05-22,12.57,6,5,2016,0.0,2.0,0.42857142857142855,0.5
HOBBIES_1_304,2016-05-22,3.98,6,5,2016,0.0,0.0,0.14285714285714285,0.21428571428571427
HOUSEHOLD_1_482,2016-05-22,2.96,6,5,2016,4.0,4.0,2.857142857142857,2.1785714285714284
HOBBIES_1_305,2016-05-22,2.87,6,5,2016,0.0,0.0,0.8571428571428571,0.39285714285714285
HOUSEHOLD_2_005,2016-05-22,5.47,6,5,2016,0.0,0.0,0.14285714285714285,0.03571428571428571
HOUSEHOLD_1_381,2016-05-22,4.97,6,5,2016,0.0,2.0,1.7142857142857142,1.2142857142857142
HOBBIES_2_070,2016-05-22,9.97,6,5,2016,0.0,0.0,0.0,0.03571428571428571
HOUSEHOLD_1_220,2016-05-22,1.83,6,5,2016,2.0,4.0,1.7142857142857142,0.7857142857142857
HOBBIES_1_306,2016-05-22,13.98,6,5,2016,0.0,3.0,1.1428571428571428,0.5357142857142857
HOUSEHOLD_2_004,2016-05-22,5.67,6,5,2016,0.0,1.0,0.2857142857142857,0.39285714285714285
HOBBIES_2_069,2016-05-22,2.97,6,5,2016,0.0,0.0,0.0,0.07142857142857142
HOUSEHOLD_1_077,2016-05-22,6.42,6,5,2016,2.0,0.0,0.5714285714285714,0.9642857142857143
HOUSEHOLD_1_219,2016-05-22,6.48,6,5,2016,2.0,1.0,0.5714285714285714,0.5
HOUSEHOLD_1_486,2016-05-22,18.96,6,5,2016,2.0,1.0,0.42857142857142855,0.5357142857142857
HOBBIES_1_312,2016-05-22,0.57,6,5,2016,3.0,9.0,3.4285714285714284,2.9285714285714284
HOBBIES_2_066,2016-05-22,4.97,6,5,2016,0.0,0.0,0.0,0.0
HOBBIES_2_063,2016-05-22,0.97,6,5,2016,1.0,0.0,0.42857142857142855,0.6785714285714286
HOBBIES_1_319,2016-05-22,0.96,6,5,2016,2.0,4.0,2.857142857142857,2.6785714285714284
HOUSEHOLD_1_386,2016-05-22,2.96,6,5,2016,2.0,2.0,1.4285714285714286,1.5357142857142858
HOUSEHOLD_1_211,2016-05-22,3.87,6,5,2016,0.0,0.0,0.5714285714285714,0.35714285714285715
HOBBIES_1_320,2016-05-22,4.48,6,5,2016,3.0,3.0,1.7142857142857142,1.1071428571428572
HOBBIES_2_062,2016-05-22,5.88,6,5,2016,1.0,0.0,0.2857142857142857,0.10714285714285714
HOUSEHOLD_1_210,2016-05-22,4.68,6,5,2016,0.0,0.0,0.0,0.07142857142857142
HOBBIES_1_321,2016-05-22,6.68,6,5,2016,0.0,3.0,0.5714285714285714,0.2857142857142857
HOUSEHOLD_1_083,2016-05-22,0.97,6,5,2016,2.0,4.0,2.4285714285714284,3.2857142857142856
HOBBIES_1_322,2016-05-22,3.97,6,5,2016,1.0,0.0,0.2857142857142857,0.17857142857142858
HOBBIES_2_061,2016-05-22,1.97,6,5,2016,0.0,0.0,0.0,0.10714285714285714
HOUSEHOLD_1_541,2016-05-22,6.97,6,5,2016,0.0,0.0,0.0,0.0
HOUSEHOLD_1_209,2016-05-22,3.47,6,5,2016,3.0,0.0,0.42857142857142855,0.10714285714285714
HOUSEHOLD_1_428,2016-05-22,7.97,6,5,2016,0.0,1.0,0.14285714285714285,0.10714285714285714
HOUSEHOLD_1_208,2016-05-22,0.93,6,5,2016,3.0,0.0,1.7142857142857142,2.0714285714285716
HOUSEHOLD_1_485,2016-05-22,2.97,6,5,2016,1.0,3.0,1.0,0.7142857142857143
HOBBIES_1_313,2016-05-22,1.23,6,5,2016,0.0,1.0,0.8571428571428571,2.2142857142857144
HOUSEHOLD_1_429,2016-05-22,2.88,6,5,2016,3.0,0.0,4.285714285714286,4.857142857142857
HOUSEHOLD_1_212,2016-05-22,4.47,6,5,2016,5.0,1.0,2.0,1.75
HOUSEHOLD_1_215,2016-05-22,2.24,6,5,2016,0.0,0.0,0.42857142857142855,0.4642857142857143
HOBBIES_1_314,2016-05-22,3.97,6,5,2016,1.0,0.0,0.14285714285714285,0.07142857142857142
HOUSEHOLD_1_080,2016-05-22,10.47,6,5,2016,1.0,2.0,0.7142857142857143,0.5714285714285714
HOUSEHOLD_2_002,2016-05-22,2.67,6,5,2016,2.0,0.0,1.1428571428571428,1.2142857142857142
HOBBIES_2_065,2016-05-22,0.5,6,5,2016,0.0,0.0,0.5714285714285714,0.21428571428571427
HOUSEHOLD_1_385,2016-05-22,1.97,6,5,2016,0.0,3.0,1.2857142857142858,2.0357142857142856
HOBBIES_1_315,2016-05-22,4.97,6,5,2016,0.0,0.0,0.2857142857142857,0.17857142857142858
HOUSEHOLD_1_214,2016-05-22,1.87,6,5,2016,4.0,5.0,3.4285714285714284,4.571428571428571
HOUSEHOLD_1_081,2016-05-22,7.98,6,5,2016,1.0,0.0,0.7142857142857143,0.5714285714285714
HOBBIES_2_064,2016-05-22,0.97,6,5,2016,0.0,1.0,0.42857142857142855,0.32142857142857145
HOBBIES_1_316,2016-05-22,0.94,6,5,2016,1.0,0.0,0.5714285714285714,0.39285714285714285
HOUSEHOLD_1_213,2016-05-22,4.48,6,5,2016,0.0,1.0,1.0,1.0
HOBBIES_1_317,2016-05-22,7.98,6,5,2016,0.0,1.0,0.5714285714285714,0.6428571428571429
HOUSEHOLD_1_082,2016-05-22,3.48,6,5,2016,0.0,1.0,0.5714285714285714,1.4285714285714286
HOBBIES_1_318,2016-05-22,3.96,6,5,2016,1.0,1.0,0.7142857142857143,0.6785714285714286
HOUSEHOLD_2_001,2016-05-22,6.77,6,5,2016,0.0,0.0,0.2857142857142857,0.42857142857142855
HOUSEHOLD_1_009,2016-05-22,17.97,6,5,2016,0.0,0.0,0.0,0.32142857142857145
FOODS_1_013,2016-05-22,1.5,6,5,2016,0.0,2.0,0.5714285714285714,0.9285714285714286
HOBBIES_1_138,2016-05-22,5.88,6,5,2016,0.0,1.0,0.7142857142857143,0.25
FOODS_2_313,2016-05-22,9.88,6,5,2016,0.0,0.0,0.42857142857142855,0.25
FOODS_2_314,2016-05-22,4.97,6,5,2016,1.0,0.0,0.42857142857142855,0.32142857142857145
HOUSEHOLD_2_362,2016-05-22,3.94,6,5,2016,3.0,0.0,1.1428571428571428,0.35714285714285715
FOODS_2_315,2016-05-22,2.5,6,5,2016,1.0,5.0,4.0,3.0
FOODS_2_316,2016-05-22,9.98,6,5,2016,3.0,3.0,1.5714285714285714,2.142857142857143
FOODS_2_317,2016-05-22,13.97,6,5,2016,0.0,0.0,0.2857142857142857,0.42857142857142855
FOODS_2_318,2016-05-22,4.97,6,5,2016,1.0,4.0,2.4285714285714284,2.642857142857143
HOUSEHOLD_2_361,2016-05-22,6.94,6,5,2016,0.0,0.0,0.0,0.14285714285714285
FOODS_2_319,2016-05-22,2.98,6,5,2016,2.0,0.0,0.2857142857142857,0.5714285714285714
FOODS_2_320,2016-05-22,1.86,6,5,2016,3.0,3.0,1.2857142857142858,1.2142857142857142
FOODS_2_321,2016-05-22,2.98,6,5,2016,2.0,2.0,0.8571428571428571,0.6785714285714286
HOUSEHOLD_2_360,2016-05-22,7.97,6,5,2016,1.0,1.0,0.5714285714285714,0.32142857142857145
FOODS_2_322,2016-05-22,2.97,6,5,2016,0.0,1.0,0.5714285714285714,0.6785714285714286
HOUSEHOLD_2_359,2016-05-22,9.94,6,5,2016,1.0,2.0,1.1428571428571428,0.8571428571428571
FOODS_2_323,2016-05-22,3.97,6,5,2016,3.0,0.0,0.7142857142857143,0.7857142857142857
HOUSEHOLD_2_358,2016-05-22,4.97,6,5,2016,0.0,0.0,0.14285714285714285,0.10714285714285714
FOODS_2_324,2016-05-22,2.5,6,5,2016,0.0,0.0,0.5714285714285714,0.4642857142857143
FOODS_2_325,2016-05-22,1.25,6,5,2016,5.0,4.0,4.857142857142857,5.0
HOUSEHOLD_2_357,2016-05-22,7.97,6,5,2016,1.0,0.0,0.2857142857142857,0.17857142857142858
FOODS_2_326,2016-05-22,1.0,6,5,2016,5.0,10.0,4.857142857142857,6.857142857142857
FOODS_2_327,2016-05-22,2.0,6,5,2016,0.0,1.0,2.4285714285714284,2.642857142857143
FOODS_2_328,2016-05-22,4.42,6,5,2016,0.0,0.0,0.42857142857142855,0.7142857142857143
FOODS_2_329,2016-05-22,3.76,6,5,2016,1.0,5.0,1.1428571428571428,0.6428571428571429
HOUSEHOLD_2_356,2016-05-22,9.88,6,5,2016,0.0,0.0,0.0,0.10714285714285714
FOODS_2_330,2016-05-22,4.33,6,5,2016,0.0,0.0,0.42857142857142855,0.4642857142857143
FOODS_2_331,2016-05-22,2.5,6,5,2016,3.0,0.0,0.8571428571428571,0.6428571428571429
FOODS_2_332,2016-05-22,3.67,6,5,2016,0.0,0.0,0.0,0.8214285714285714
FOODS_2_312,2016-05-22,4.98,6,5,2016,0.0,3.0,0.42857142857142855,0.42857142857142855
FOODS_2_311,2016-05-22,2.96,6,5,2016,2.0,0.0,0.2857142857142857,0.9285714285714286
HOUSEHOLD_2_363,2016-05-22,5.98,6,5,2016,0.0,0.0,0.0,0.10714285714285714
FOODS_2_310,2016-05-22,3.78,6,5,2016,2.0,0.0,0.42857142857142855,0.5714285714285714
FOODS_2_288,2016-05-22,2.5,6,5,2016,0.0,0.0,0.42857142857142855,1.0714285714285714
FOODS_2_289,2016-05-22,2.5,6,5,2016,2.0,2.0,1.7142857142857142,1.5
FOODS_2_290,2016-05-22,2.5,6,5,2016,0.0,1.0,0.8571428571428571,0.75
HOUSEHOLD_2_369,2016-05-22,6.47,6,5,2016,1.0,2.0,0.8571428571428571,0.8214285714285714
FOODS_2_291,2016-05-22,6.98,6,5,2016,2.0,5.0,1.7142857142857142,1.2142857142857142
FOODS_2_292,2016-05-22,3.28,6,5,2016,0.0,0.0,0.14285714285714285,0.07142857142857142
FOODS_2_293,2016-05-22,4.22,6,5,2016,5.0,0.0,0.8571428571428571,1.5
FOODS_2_294,2016-05-22,1.0,6,5,2016,6.0,4.0,2.4285714285714284,2.892857142857143
HOUSEHOLD_2_368,2016-05-22,5.48,6,5,2016,0.0,0.0,0.0,0.07142857142857142
FOODS_2_295,2016-05-22,13.97,6,5,2016,0.0,1.0,0.7142857142857143,0.6785714285714286
FOODS_2_296,2016-05-22,3.44,6,5,2016,0.0,1.0,0.8571428571428571,0.32142857142857145
FOODS_2_297,2016-05-22,3.74,6,5,2016,1.0,2.0,1.0,0.7142857142857143
FOODS_2_298,2016-05-22,13.97,6,5,2016,0.0,1.0,0.5714285714285714,0.42857142857142855
FOODS_2_333,2016-05-22,3.24,6,5,2016,0.0,1.0,0.2857142857142857,0.6785714285714286
HOUSEHOLD_2_367,2016-05-22,7.47,6,5,2016,0.0,0.0,0.0,0.14285714285714285
FOODS_2_300,2016-05-22,5.92,6,5,2016,1.0,2.0,0.5714285714285714,0.42857142857142855
FOODS_2_301,2016-05-22,3.18,6,5,2016,0.0,1.0,1.1428571428571428,0.9285714285714286
FOODS_2_302,2016-05-22,9.98,6,5,2016,1.0,4.0,1.4285714285714286,1.3571428571428572
FOODS_2_303,2016-05-22,2.18,6,5,2016,0.0,0.0,0.14285714285714285,0.39285714285714285
HOUSEHOLD_2_366,2016-05-22,4.17,6,5,2016,0.0,0.0,0.0,0.32142857142857145
FOODS_2_304,2016-05-22,3.97,6,5,2016,2.0,5.0,2.5714285714285716,2.357142857142857
FOODS_2_305,2016-05-22,8.96,6,5,2016,0.0,1.0,0.2857142857142857,0.21428571428571427
FOODS_2_306,2016-05-22,3.98,6,5,2016,1.0,2.0,0.42857142857142855,0.4642857142857143
FOODS_2_307,2016-05-22,2.5,6,5,2016,4.0,1.0,2.4285714285714284,2.892857142857143
HOUSEHOLD_2_365,2016-05-22,4.87,6,5,2016,0.0,0.0,0.42857142857142855,0.32142857142857145
FOODS_2_308,2016-05-22,2.98,6,5,2016,2.0,4.0,1.2857142857142858,0.6428571428571429
HOUSEHOLD_2_364,2016-05-22,5.68,6,5,2016,0.0,0.0,0.42857142857142855,0.39285714285714285
FOODS_2_309,2016-05-22,2.74,6,5,2016,4.0,3.0,2.2857142857142856,2.5714285714285716
FOODS_2_299,2016-05-22,2.24,6,5,2016,8.0,5.0,4.571428571428571,3.2857142857142856
HOUSEHOLD_2_355,2016-05-22,11.67,6,5,2016,0.0,0.0,0.0,0.21428571428571427
FOODS_2_334,2016-05-22,9.98,6,5,2016,1.0,1.0,0.7142857142857143,1.25
FOODS_2_335,2016-05-22,3.67,6,5,2016,0.0,0.0,0.5714285714285714,0.4642857142857143
FOODS_2_361,2016-05-22,3.94,6,5,2016,2.0,1.0,1.8571428571428572,1.5
FOODS_2_362,2016-05-22,6.98,6,5,2016,0.0,1.0,0.14285714285714285,0.17857142857142858
HOUSEHOLD_2_348,2016-05-22,7.44,6,5,2016,0.0,0.0,0.8571428571428571,1.0357142857142858
FOODS_2_363,2016-05-22,2.5,6,5,2016,0.0,1.0,0.8571428571428571,0.6071428571428571
FOODS_2_364,2016-05-22,2.78,6,5,2016,3.0,2.0,1.4285714285714286,1.5
FOODS_2_365,2016-05-22,10.97,6,5,2016,1.0,1.0,0.5714285714285714,0.7857142857142857
FOODS_2_366,2016-05-22,2.5,6,5,2016,1.0,2.0,1.1428571428571428,0.9642857142857143
HOUSEHOLD_2_347,2016-05-22,8.94,6,5,2016,1.0,0.0,0.7142857142857143,0.35714285714285715
FOODS_2_367,2016-05-22,4.97,6,5,2016,2.0,2.0,0.8571428571428571,0.6071428571428571
FOODS_2_368,2016-05-22,7.87,6,5,2016,2.0,1.0,1.2857142857142858,1.8571428571428572
FOODS_2_369,2016-05-22,4.87,6,5,2016,0.0,1.0,0.7142857142857143,0.8571428571428571
FOODS_2_370,2016-05-22,4.97,6,5,2016,0.0,0.0,0.2857142857142857,0.5714285714285714
FOODS_2_371,2016-05-22,2.0,6,5,2016,7.0,12.0,5.857142857142857,8.107142857142858
FOODS_2_360,2016-05-22,0.94,6,5,2016,11.0,8.0,9.0,11.892857142857142
HOUSEHOLD_2_346,2016-05-22,3.33,6,5,2016,0.0,0.0,0.7142857142857143,0.6785714285714286
FOODS_2_373,2016-05-22,5.44,6,5,2016,2.0,0.0,0.5714285714285714,0.5714285714285714
HOUSEHOLD_2_345,2016-05-22,5.84,6,5,2016,1.0,0.0,0.2857142857142857,0.39285714285714285
FOODS_2_374,2016-05-22,2.0,6,5,2016,5.0,1.0,2.2857142857142856,2.2142857142857144
FOODS_2_375,2016-05-22,4.98,6,5,2016,0.0,0.0,0.5714285714285714,0.75
FOODS_2_376,2016-05-22,2.0,6,5,2016,2.0,2.0,1.1428571428571428,1.1785714285714286
FOODS_2_377,2016-05-22,2.5,6,5,2016,0.0,1.0,0.42857142857142855,0.8214285714285714
HOUSEHOLD_2_344,2016-05-22,5.74,6,5,2016,0.0,0.0,0.14285714285714285,0.9285714285714286
FOODS_2_378,2016-05-22,3.66,6,5,2016,0.0,0.0,0.0,0.2857142857142857
FOODS_2_379,2016-05-22,6.98,6,5,2016,0.0,0.0,0.8571428571428571,0.5
HOUSEHOLD_2_343,2016-05-22,2.78,6,5,2016,0.0,3.0,0.42857142857142855,0.25
FOODS_2_380,2016-05-22,4.97,6,5,2016,4.0,3.0,1.4285714285714286,1.6785714285714286
FOODS_2_381,2016-05-22,2.5,6,5,2016,3.0,10.0,3.0,2.1785714285714284
HOUSEHOLD_2_342,2016-05-22,0.97,6,5,2016,1.0,0.0,1.0,0.6785714285714286
FOODS_2_372,2016-05-22,8.98,6,5,2016,0.0,0.0,0.14285714285714285,0.25
FOODS_2_287,2016-05-22,2.5,6,5,2016,3.0,0.0,0.7142857142857143,0.35714285714285715
FOODS_2_359,2016-05-22,2.24,6,5,2016,6.0,5.0,3.142857142857143,2.7142857142857144
FOODS_2_358,2016-05-22,2.5,6,5,2016,1.0,1.0,1.0,0.5
FOODS_2_336,2016-05-22,2.5,6,5,2016,0.0,0.0,0.7142857142857143,0.42857142857142855
FOODS_2_337,2016-05-22,5.92,6,5,2016,0.0,0.0,0.2857142857142857,0.5
HOUSEHOLD_2_354,2016-05-22,0.97,6,5,2016,0.0,0.0,0.42857142857142855,0.4642857142857143
FOODS_2_338,2016-05-22,2.97,6,5,2016,5.0,1.0,2.142857142857143,2.107142857142857
FOODS_2_339,2016-05-22,3.74,6,5,2016,0.0,1.0,0.2857142857142857,0.6071428571428571
FOODS_2_340,2016-05-22,2.98,6,5,2016,0.0,0.0,0.0,0.5357142857142857
FOODS_2_341,2016-05-22,2.5,6,5,2016,0.0,2.0,0.42857142857142855,0.5
HOUSEHOLD_2_353,2016-05-22,4.78,6,5,2016,1.0,1.0,0.5714285714285714,0.75
FOODS_2_342,2016-05-22,5.98,6,5,2016,1.0,0.0,1.4285714285714286,1.9285714285714286
HOUSEHOLD_2_513,2016-05-22,2.78,6,5,2016,0.0,2.0,0.7142857142857143,0.39285714285714285
FOODS_2_343,2016-05-22,3.97,6,5,2016,0.0,0.0,0.14285714285714285,0.5714285714285714
FOODS_2_344,2016-05-22,2.5,6,5,2016,2.0,2.0,1.5714285714285714,1.75
FOODS_2_345,2016-05-22,7.97,6,5,2016,0.0,0.0,0.0,0.21428571428571427
HOUSEHOLD_2_349,2016-05-22,4.97,6,5,2016,0.0,1.0,1.2857142857142858,0.8214285714285714
HOUSEHOLD_2_352,2016-05-22,2.97,6,5,2016,1.0,1.0,0.8571428571428571,0.5357142857142857
FOODS_2_347,2016-05-22,2.24,6,5,2016,11.0,18.0,11.0,11.535714285714286
FOODS_2_348,2016-05-22,5.98,6,5,2016,1.0,0.0,0.8571428571428571,0.8571428571428571
FOODS_2_349,2016-05-22,5.98,6,5,2016,2.0,1.0,1.8571428571428572,3.142857142857143
HOUSEHOLD_2_351,2016-05-22,5.94,6,5,2016,0.0,0.0,0.14285714285714285,0.10714285714285714
FOODS_2_350,2016-05-22,4.98,6,5,2016,0.0,0.0,0.14285714285714285,0.6428571428571429
FOODS_2_351,2016-05-22,2.98,6,5,2016,0.0,0.0,0.7142857142857143,0.7142857142857143
FOODS_2_352,2016-05-22,9.98,6,5,2016,4.0,7.0,3.7142857142857144,4.428571428571429
FOODS_2_353,2016-05-22,2.98,6,5,2016,0.0,0.0,0.7142857142857143,1.0714285714285714
FOODS_2_354,2016-05-22,4.98,6,5,2016,0.0,0.0,0.14285714285714285,0.07142857142857142
HOUSEHOLD_2_350,2016-05-22,2.94,6,5,2016,0.0,1.0,0.42857142857142855,0.2857142857142857
FOODS_2_355,2016-05-22,2.5,6,5,2016,0.0,0.0,0.42857142857142855,1.0714285714285714
FOODS_2_356,2016-05-22,2.5,6,5,2016,1.0,3.0,1.7142857142857142,1.1428571428571428
FOODS_2_357,2016-05-22,2.0,6,5,2016,6.0,2.0,2.4285714285714284,2.8214285714285716
FOODS_2_346,2016-05-22,2.38,6,5,2016,5.0,7.0,4.285714285714286,4.428571428571429
FOODS_2_382,2016-05-22,3.88,6,5,2016,1.0,6.0,1.7142857142857142,1.75
HOUSEHOLD_2_370,2016-05-22,6.27,6,5,2016,0.0,0.0,0.14285714285714285,0.21428571428571427
FOODS_2_285,2016-05-22,3.98,6,5,2016,5.0,1.0,2.0,2.0
FOODS_2_215,2016-05-22,1.84,6,5,2016,5.0,5.0,2.7142857142857144,2.0
HOUSEHOLD_2_391,2016-05-22,12.94,6,5,2016,0.0,0.0,0.2857142857142857,0.25
FOODS_2_216,2016-05-22,5.98,6,5,2016,1.0,1.0,1.2857142857142858,0.8214285714285714
FOODS_2_217,2016-05-22,3.98,6,5,2016,0.0,0.0,1.5714285714285714,1.1428571428571428
FOODS_2_218,2016-05-22,3.94,6,5,2016,1.0,2.0,1.1428571428571428,0.9285714285714286
FOODS_2_219,2016-05-22,2.5,6,5,2016,3.0,1.0,1.7142857142857142,1.7857142857142858
HOUSEHOLD_2_390,2016-05-22,5.98,6,5,2016,2.0,0.0,0.5714285714285714,0.35714285714285715
FOODS_2_220,2016-05-22,2.0,6,5,2016,1.0,0.0,2.142857142857143,1.75
FOODS_2_221,2016-05-22,1.0,6,5,2016,0.0,0.0,1.7142857142857142,2.607142857142857
FOODS_2_222,2016-05-22,2.5,6,5,2016,9.0,7.0,3.857142857142857,4.464285714285714
FOODS_2_223,2016-05-22,2.18,6,5,2016,0.0,2.0,1.4285714285714286,0.8928571428571429
FOODS_2_224,2016-05-22,5.44,6,5,2016,1.0,0.0,0.5714285714285714,0.6785714285714286
HOUSEHOLD_2_389,2016-05-22,1.97,6,5,2016,1.0,1.0,2.142857142857143,2.0
HOUSEHOLD_2_388,2016-05-22,6.94,6,5,2016,1.0,2.0,0.8571428571428571,0.6428571428571429
FOODS_2_225,2016-05-22,2.5,6,5,2016,5.0,2.0,1.8571428571428572,2.0357142857142856
FOODS_2_226,2016-05-22,7.98,6,5,2016,0.0,0.0,0.0,0.2857142857142857
FOODS_2_227,2016-05-22,4.48,6,5,2016,0.0,0.0,0.0,0.6428571428571429
FOODS_2_228,2016-05-22,4.93,6,5,2016,1.0,0.0,0.14285714285714285,0.25
FOODS_2_229,2016-05-22,2.18,6,5,2016,0.0,0.0,0.42857142857142855,0.25
HOUSEHOLD_2_387,2016-05-22,5.97,6,5,2016,1.0,0.0,0.14285714285714285,0.10714285714285714
FOODS_2_230,2016-05-22,2.18,6,5,2016,0.0,0.0,1.4285714285714286,0.5357142857142857
FOODS_2_231,2016-05-22,2.5,6,5,2016,0.0,7.0,1.0,0.8214285714285714
HOUSEHOLD_2_386,2016-05-22,3.97,6,5,2016,0.0,0.0,0.0,0.2857142857142857
FOODS_2_232,2016-05-22,2.56,6,5,2016,2.0,2.0,1.2857142857142858,1.6428571428571428
FOODS_2_233,2016-05-22,4.48,6,5,2016,6.0,2.0,2.2857142857142856,1.8928571428571428
HOUSEHOLD_2_385,2016-05-22,7.47,6,5,2016,1.0,0.0,0.14285714285714285,0.35714285714285715
FOODS_2_234,2016-05-22,2.5,6,5,2016,2.0,2.0,1.4285714285714286,1.2857142857142858
FOODS_2_214,2016-05-22,2.5,6,5,2016,3.0,2.0,2.0,1.4285714285714286
FOODS_2_213,2016-05-22,3.78,6,5,2016,2.0,0.0,0.5714285714285714,0.6071428571428571
FOODS_2_212,2016-05-22,4.88,6,5,2016,1.0,5.0,3.142857142857143,1.0714285714285714
HOUSEHOLD_2_392,2016-05-22,4.97,6,5,2016,0.0,0.0,0.14285714285714285,0.17857142857142858
HOUSEHOLD_2_399,2016-05-22,2.67,6,5,2016,2.0,0.0,0.5714285714285714,0.42857142857142855
FOODS_2_191,2016-05-22,8.98,6,5,2016,0.0,0.0,0.0,0.21428571428571427
HOUSEHOLD_2_398,2016-05-22,7.97,6,5,2016,0.0,0.0,0.14285714285714285,0.10714285714285714
FOODS_2_192,2016-05-22,1.97,6,5,2016,5.0,2.0,1.8571428571428572,2.5357142857142856
FOODS_2_193,2016-05-22,4.98,6,5,2016,1.0,1.0,0.7142857142857143,0.5357142857142857
FOODS_2_194,2016-05-22,6.72,6,5,2016,1.0,7.0,3.7142857142857144,4.25
FOODS_2_195,2016-05-22,3.47,6,5,2016,0.0,0.0,0.2857142857142857,0.17857142857142858
HOUSEHOLD_2_397,2016-05-22,6.98,6,5,2016,0.0,0.0,0.0,0.0
FOODS_2_196,2016-05-22,3.94,6,5,2016,0.0,1.0,0.14285714285714285,0.2857142857142857
FOODS_2_197,2016-05-22,3.42,6,5,2016,29.0,32.0,22.285714285714285,22.178571428571427
HOUSEHOLD_2_396,2016-05-22,8.44,6,5,2016,0.0,1.0,0.14285714285714285,0.10714285714285714
FOODS_2_198,2016-05-22,8.98,6,5,2016,0.0,1.0,0.7142857142857143,0.6071428571428571
HOUSEHOLD_2_395,2016-05-22,3.67,6,5,2016,0.0,0.0,1.0,1.0357142857142858
FOODS_2_235,2016-05-22,2.5,6,5,2016,1.0,0.0,0.5714285714285714,0.7857142857142857
FOODS_2_199,2016-05-22,1.0,6,5,2016,1.0,3.0,0.8571428571428571,1.1071428571428572
FOODS_2_201,2016-05-22,4.98,6,5,2016,4.0,3.0,2.4285714285714284,2.8214285714285716
FOODS_2_202,2016-05-22,2.98,6,5,2016,0.0,2.0,0.7142857142857143,1.0357142857142858
HOUSEHOLD_2_394,2016-05-22,6.27,6,5,2016,1.0,2.0,0.42857142857142855,0.5
FOODS_2_203,2016-05-22,3.62,6,5,2016,0.0,3.0,0.42857142857142855,0.75
FOODS_2_204,2016-05-22,1.0,6,5,2016,1.0,9.0,3.2857142857142856,4.142857142857143
FOODS_2_205,2016-05-22,2.5,6,5,2016,0.0,1.0,0.42857142857142855,0.6785714285714286
FOODS_2_206,2016-05-22,9.98,6,5,2016,1.0,2.0,0.8571428571428571,0.9642857142857143
FOODS_2_207,2016-05-22,7.98,6,5,2016,0.0,0.0,0.0,0.10714285714285714
HOUSEHOLD_2_393,2016-05-22,5.88,6,5,2016,0.0,0.0,0.2857142857142857,0.10714285714285714
FOODS_2_208,2016-05-22,6.98,6,5,2016,1.0,0.0,0.8571428571428571,1.3571428571428572
FOODS_2_209,2016-05-22,5.97,6,5,2016,0.0,1.0,0.14285714285714285,0.5
FOODS_2_210,2016-05-22,3.74,6,5,2016,0.0,1.0,0.14285714285714285,0.5357142857142857
FOODS_2_211,2016-05-22,2.28,6,5,2016,0.0,2.0,1.1428571428571428,0.8928571428571429
FOODS_2_200,2016-05-22,3.97,6,5,2016,0.0,1.0,0.14285714285714285,0.39285714285714285
FOODS_2_236,2016-05-22,2.98,6,5,2016,0.0,1.0,0.2857142857142857,0.42857142857142855
FOODS_2_237,2016-05-22,2.5,6,5,2016,0.0,0.0,1.7142857142857142,1.5357142857142858
HOUSEHOLD_2_384,2016-05-22,5.84,6,5,2016,1.0,0.0,0.5714285714285714,0.7857142857142857
FOODS_2_263,2016-05-22,6.48,6,5,2016,0.0,0.0,0.14285714285714285,0.42857142857142855
FOODS_2_264,2016-05-22,3.97,6,5,2016,0.0,3.0,1.1428571428571428,1.1785714285714286
FOODS_2_265,2016-05-22,3.76,6,5,2016,0.0,0.0,0.42857142857142855,0.7857142857142857
HOUSEHOLD_2_376,2016-05-22,3.82,6,5,2016,0.0,0.0,0.2857142857142857,0.7857142857142857
FOODS_2_266,2016-05-22,8.92,6,5,2016,3.0,7.0,2.4285714285714284,2.5
FOODS_2_267,2016-05-22,1.97,6,5,2016,6.0,0.0,2.2857142857142856,2.7142857142857144
FOODS_2_268,2016-05-22,3.76,6,5,2016,1.0,1.0,0.7142857142857143,0.5
FOODS_2_269,2016-05-22,2.5,6,5,2016,2.0,4.0,1.2857142857142858,0.9285714285714286
HOUSEHOLD_2_375,2016-05-22,6.77,6,5,2016,1.0,2.0,0.42857142857142855,0.7142857142857143
FOODS_2_270,2016-05-22,3.28,6,5,2016,0.0,0.0,0.0,0.5357142857142857
FOODS_2_271,2016-05-22,10.98,6,5,2016,4.0,1.0,0.8571428571428571,1.0357142857142858
FOODS_2_272,2016-05-22,2.0,6,5,2016,2.0,2.0,0.5714285714285714,1.0357142857142858
FOODS_2_273,2016-05-22,2.5,6,5,2016,0.0,2.0,0.8571428571428571,0.9285714285714286
FOODS_2_262,2016-05-22,2.0,6,5,2016,0.0,4.0,0.5714285714285714,1.0357142857142858
FOODS_2_274,2016-05-22,6.98,6,5,2016,1.0,2.0,1.4285714285714286,1.75
FOODS_2_275,2016-05-22,2.48,6,5,2016,5.0,6.0,1.5714285714285714,1.9285714285714286
FOODS_2_276,2016-05-22,3.42,6,5,2016,5.0,16.0,7.857142857142857,8.0
HOUSEHOLD_2_373,2016-05-22,4.66,6,5,2016,1.0,1.0,0.42857142857142855,0.5
FOODS_2_277,2016-05-22,1.28,6,5,2016,1.0,0.0,0.5714285714285714,0.6428571428571429
FOODS_2_278,2016-05-22,2.5,6,5,2016,0.0,0.0,0.0,0.6785714285714286
FOODS_2_279,2016-05-22,2.5,6,5,2016,5.0,3.0,1.7142857142857142,1.0357142857142858
FOODS_2_280,2016-05-22,3.97,6,5,2016,2.0,0.0,0.2857142857142857,0.32142857142857145
HOUSEHOLD_2_372,2016-05-22,8.44,6,5,2016,2.0,0.0,0.5714285714285714,0.35714285714285715
FOODS_2_281,2016-05-22,7.98,6,5,2016,0.0,0.0,0.42857142857142855,0.21428571428571427
HOUSEHOLD_2_371,2016-05-22,0.78,6,5,2016,0.0,0.0,0.2857142857142857,0.2857142857142857
FOODS_2_282,2016-05-22,6.72,6,5,2016,1.0,2.0,0.8571428571428571,1.6428571428571428
FOODS_2_283,2016-05-22,1.48,6,5,2016,1.0,0.0,0.8571428571428571,1.3928571428571428
FOODS_2_284,2016-05-22,2.47,6,5,2016,0.0,0.0,0.0,0.21428571428571427
HOUSEHOLD_2_374,2016-05-22,2.98,6,5,2016,0.0,1.0,0.8571428571428571,0.75
FOODS_2_286,2016-05-22,1.58,6,5,2016,2.0,3.0,1.5714285714285714,0.9642857142857143
HOUSEHOLD_2_377,2016-05-22,4.97,6,5,2016,0.0,0.0,0.42857142857142855,0.39285714285714285
FOODS_2_260,2016-05-22,2.5,6,5,2016,2.0,0.0,1.0,0.6071428571428571
FOODS_2_238,2016-05-22,1.58,6,5,2016,1.0,0.0,1.0,0.8214285714285714
FOODS_2_239,2016-05-22,13.98,6,5,2016,1.0,1.0,0.2857142857142857,0.17857142857142858
FOODS_2_240,2016-05-22,2.18,6,5,2016,0.0,5.0,1.1428571428571428,0.8571428571428571
FOODS_2_241,2016-05-22,2.38,6,5,2016,3.0,13.0,6.714285714285714,7.035714285714286
FOODS_2_242,2016-05-22,2.5,6,5,2016,0.0,0.0,1.0,1.2857142857142858
HOUSEHOLD_2_383,2016-05-22,3.88,6,5,2016,0.0,0.0,0.42857142857142855,0.2857142857142857
FOODS_2_243,2016-05-22,7.98,6,5,2016,0.0,0.0,0.42857142857142855,0.5357142857142857
FOODS_2_244,2016-05-22,5.94,6,5,2016,9.0,1.0,5.857142857142857,6.107142857142857
FOODS_2_245,2016-05-22,2.98,6,5,2016,3.0,1.0,1.0,0.5357142857142857
FOODS_2_246,2016-05-22,2.18,6,5,2016,0.0,1.0,0.42857142857142855,0.5
HOUSEHOLD_2_382,2016-05-22,3.48,6,5,2016,0.0,2.0,1.2857142857142858,1.0
HOUSEHOLD_2_381,2016-05-22,5.94,6,5,2016,0.0,2.0,0.2857142857142857,0.10714285714285714
FOODS_2_247,2016-05-22,2.25,6,5,2016,2.0,3.0,2.0,2.2142857142857144
FOODS_2_261,2016-05-22,10.0,6,5,2016,1.0,0.0,0.14285714285714285,0.2857142857142857
FOODS_2_248,2016-05-22,5.98,6,5,2016,0.0,0.0,0.5714285714285714,0.5714285714285714
FOODS_2_249,2016-05-22,3.28,6,5,2016,1.0,2.0,1.7142857142857142,1.6428571428571428
FOODS_2_250,2016-05-22,10.97,6,5,2016,2.0,1.0,1.5714285714285714,1.5714285714285714
FOODS_2_251,2016-05-22,7.87,6,5,2016,1.0,0.0,0.8571428571428571,0.6071428571428571
FOODS_2_252,2016-05-22,3.78,6,5,2016,0.0,0.0,0.14285714285714285,0.4642857142857143
FOODS_2_253,2016-05-22,7.82,6,5,2016,1.0,0.0,0.42857142857142855,0.75
HOUSEHOLD_2_379,2016-05-22,4.44,6,5,2016,0.0,0.0,0.14285714285714285,0.25
FOODS_2_254,2016-05-22,5.92,6,5,2016,0.0,1.0,0.5714285714285714,0.5357142857142857
FOODS_2_255,2016-05-22,2.68,6,5,2016,0.0,1.0,0.7142857142857143,0.7857142857142857
FOODS_2_256,2016-05-22,6.36,6,5,2016,0.0,0.0,0.5714285714285714,0.5357142857142857
FOODS_2_257,2016-05-22,1.0,6,5,2016,0.0,2.0,1.8571428571428572,1.5714285714285714
HOUSEHOLD_2_378,2016-05-22,6.98,6,5,2016,0.0,0.0,0.14285714285714285,0.39285714285714285
FOODS_2_258,2016-05-22,3.22,6,5,2016,0.0,1.0,0.7142857142857143,0.5357142857142857
FOODS_2_259,2016-05-22,3.67,6,5,2016,0.0,0.0,0.2857142857142857,0.32142857142857145
HOUSEHOLD_2_380,2016-05-22,5.27,6,5,2016,1.0,2.0,0.7142857142857143,0.2857142857142857
FOODS_2_190,2016-05-22,2.5,6,5,2016,3.0,3.0,1.8571428571428572,1.2857142857142858
FOODS_2_383,2016-05-22,2.0,6,5,2016,0.0,0.0,0.2857142857142857,0.7142857142857143
HOUSEHOLD_2_341,2016-05-22,5.32,6,5,2016,4.0,0.0,1.2857142857142858,0.7142857142857143
FOODS_3_108,2016-05-22,1.0,6,5,2016,4.0,9.0,5.0,3.7142857142857144
FOODS_3_109,2016-05-22,1.0,6,5,2016,9.0,8.0,6.142857142857143,4.071428571428571
FOODS_3_110,2016-05-22,11.98,6,5,2016,0.0,0.0,0.42857142857142855,0.6071428571428571
HOUSEHOLD_2_303,2016-05-22,6.94,6,5,2016,0.0,0.0,0.2857142857142857,0.2857142857142857
FOODS_3_111,2016-05-22,4.98,6,5,2016,1.0,0.0,0.7142857142857143,0.8214285714285714
FOODS_3_112,2016-05-22,2.98,6,5,2016,1.0,1.0,1.2857142857142858,2.2857142857142856
HOUSEHOLD_2_302,2016-05-22,2.98,6,5,2016,0.0,0.0,0.0,0.07142857142857142
FOODS_3_113,2016-05-22,1.28,6,5,2016,1.0,6.0,4.142857142857143,4.392857142857143
FOODS_3_114,2016-05-22,2.68,6,5,2016,0.0,2.0,1.4285714285714286,1.8928571428571428
FOODS_3_115,2016-05-22,4.68,6,5,2016,2.0,2.0,1.2857142857142858,1.3214285714285714
HOUSEHOLD_2_301,2016-05-22,1.97,6,5,2016,2.0,0.0,0.7142857142857143,0.4642857142857143
FOODS_3_116,2016-05-22,1.18,6,5,2016,3.0,2.0,2.4285714285714284,2.0714285714285716
FOODS_3_117,2016-05-22,1.98,6,5,2016,0.0,1.0,0.7142857142857143,1.6071428571428572
FOODS_3_118,2016-05-22,1.18,6,5,2016,3.0,0.0,1.4285714285714286,1.8928571428571428
FOODS_3_119,2016-05-22,4.28,6,5,2016,0.0,3.0,0.7142857142857143,0.7857142857142857
HOUSEHOLD_2_300,2016-05-22,7.97,6,5,2016,0.0,0.0,0.0,0.14285714285714285
FOODS_3_120,2016-05-22,4.98,6,5,2016,66.0,43.0,37.142857142857146,41.17857142857143
FOODS_3_121,2016-05-22,2.98,6,5,2016,7.0,8.0,5.285714285714286,3.392857142857143
HOUSEHOLD_2_299,2016-05-22,1.23,6,5,2016,0.0,0.0,0.14285714285714285,1.4285714285714286
FOODS_3_122,2016-05-22,2.5,6,5,2016,1.0,2.0,0.7142857142857143,0.5
FOODS_3_123,2016-05-22,2.48,6,5,2016,2.0,4.0,1.5714285714285714,1.75
FOODS_3_124,2016-05-22,5.44,6,5,2016,13.0,14.0,7.285714285714286,7.285714285714286
FOODS_3_125,2016-05-22,4.98,6,5,2016,11.0,10.0,5.571428571428571,5.214285714285714
FOODS_3_126,2016-05-22,3.78,6,5,2016,3.0,1.0,1.4285714285714286,0.9642857142857143
HOUSEHOLD_2_298,2016-05-22,3.42,6,5,2016,0.0,0.0,0.2857142857142857,0.5
FOODS_3_127,2016-05-22,3.78,6,5,2016,4.0,4.0,4.0,3.857142857142857
FOODS_3_128,2016-05-22,2.98,6,5,2016,0.0,0.0,0.42857142857142855,0.5357142857142857
FOODS_3_107,2016-05-22,2.48,6,5,2016,3.0,5.0,3.4285714285714284,2.8214285714285716
HOUSEHOLD_2_304,2016-05-22,5.94,6,5,2016,0.0,0.0,0.0,0.25
FOODS_3_106,2016-05-22,1.0,6,5,2016,2.0,12.0,7.0,7.0
FOODS_3_105,2016-05-22,2.88,6,5,2016,2.0,0.0,0.8571428571428571,0.8571428571428571
FOODS_3_083,2016-05-22,18.73,6,5,2016,3.0,4.0,1.5714285714285714,1.5357142857142858
FOODS_3_084,2016-05-22,1.98,6,5,2016,0.0,1.0,0.42857142857142855,0.7142857142857143
FOODS_3_085,2016-05-22,2.98,6,5,2016,1.0,1.0,0.5714285714285714,0.6785714285714286
HOUSEHOLD_2_310,2016-05-22,1.42,6,5,2016,2.0,0.0,0.5714285714285714,0.5714285714285714
FOODS_3_086,2016-05-22,1.0,6,5,2016,17.0,18.0,12.857142857142858,10.964285714285714
FOODS_3_087,2016-05-22,2.56,6,5,2016,10.0,13.0,7.142857142857143,5.607142857142857
FOODS_3_088,2016-05-22,2.78,6,5,2016,4.0,1.0,1.1428571428571428,1.0714285714285714
FOODS_3_089,2016-05-22,1.0,6,5,2016,0.0,1.0,0.14285714285714285,1.1071428571428572
FOODS_3_090,2016-05-22,1.6,6,5,2016,67.0,74.0,54.285714285714285,58.214285714285715
HOUSEHOLD_2_309,2016-05-22,2.46,6,5,2016,0.0,0.0,0.14285714285714285,0.03571428571428571
FOODS_3_091,2016-05-22,5.98,6,5,2016,3.0,1.0,1.0,1.2142857142857142
FOODS_3_092,2016-05-22,3.98,6,5,2016,0.0,0.0,0.0,0.14285714285714285
HOUSEHOLD_2_308,2016-05-22,3.94,6,5,2016,1.0,0.0,0.42857142857142855,0.5357142857142857
HOUSEHOLD_2_297,2016-05-22,6.54,6,5,2016,1.0,1.0,0.5714285714285714,0.32142857142857145
FOODS_3_093,2016-05-22,1.98,6,5,2016,0.0,1.0,0.8571428571428571,1.3571428571428572
FOODS_3_095,2016-05-22,4.98,6,5,2016,1.0,0.0,0.7142857142857143,0.39285714285714285
FOODS_3_096,2016-05-22,4.68,6,5,2016,3.0,0.0,1.1428571428571428,1.1785714285714286
HOUSEHOLD_2_307,2016-05-22,5.98,6,5,2016,0.0,1.0,0.2857142857142857,0.21428571428571427
FOODS_3_097,2016-05-22,2.24,6,5,2016,0.0,17.0,6.142857142857143,7.25
HOUSEHOLD_2_306,2016-05-22,3.96,6,5,2016,0.0,1.0,0.2857142857142857,0.25
FOODS_3_098,2016-05-22,4.68,6,5,2016,0.0,4.0,1.4285714285714286,1.5714285714285714
FOODS_3_099,2016-05-22,2.56,6,5,2016,25.0,15.0,14.857142857142858,14.392857142857142
FOODS_3_100,2016-05-22,3.98,6,5,2016,1.0,1.0,0.42857142857142855,0.6785714285714286
FOODS_3_101,2016-05-22,1.0,6,5,2016,2.0,3.0,2.7142857142857144,2.7857142857142856
FOODS_3_102,2016-05-22,1.98,6,5,2016,6.0,3.0,1.4285714285714286,1.0
HOUSEHOLD_2_305,2016-05-22,5.47,6,5,2016,0.0,0.0,0.14285714285714285,0.5
FOODS_3_103,2016-05-22,3.28,6,5,2016,1.0,1.0,0.7142857142857143,0.8214285714285714
FOODS_3_104,2016-05-22,2.98,6,5,2016,2.0,2.0,1.5714285714285714,1.3928571428571428
FOODS_3_094,2016-05-22,2.98,6,5,2016,0.0,0.0,0.7142857142857143,1.0
FOODS_3_129,2016-05-22,2.68,6,5,2016,4.0,0.0,1.8571428571428572,1.25
FOODS_3_130,2016-05-22,2.68,6,5,2016,0.0,2.0,0.42857142857142855,1.1071428571428572
FOODS_3_131,2016-05-22,1.0,6,5,2016,2.0,2.0,0.5714285714285714,2.392857142857143
FOODS_3_157,2016-05-22,3.32,6,5,2016,1.0,4.0,2.2857142857142856,1.6428571428571428
FOODS_3_158,2016-05-22,5.98,6,5,2016,2.0,5.0,1.2857142857142858,0.9285714285714286
HOUSEHOLD_2_289,2016-05-22,5.74,6,5,2016,1.0,3.0,0.8571428571428571,0.9285714285714286
FOODS_3_159,2016-05-22,2.98,6,5,2016,2.0,4.0,1.1428571428571428,1.1785714285714286
FOODS_3_160,2016-05-22,2.48,6,5,2016,0.0,0.0,1.8571428571428572,1.5357142857142858
HOUSEHOLD_2_288,2016-05-22,3.97,6,5,2016,2.0,0.0,0.8571428571428571,0.4642857142857143
FOODS_3_161,2016-05-22,1.98,6,5,2016,0.0,0.0,0.42857142857142855,0.5
FOODS_3_162,2016-05-22,1.98,6,5,2016,5.0,0.0,1.2857142857142858,0.7142857142857143
FOODS_3_163,2016-05-22,2.24,6,5,2016,3.0,8.0,2.7142857142857144,5.25
FOODS_3_164,2016-05-22,2.94,6,5,2016,0.0,1.0,0.7142857142857143,0.75
HOUSEHOLD_2_287,2016-05-22,1.94,6,5,2016,1.0,2.0,0.5714285714285714,0.6785714285714286
FOODS_3_165,2016-05-22,3.87,6,5,2016,1.0,0.0,0.14285714285714285,0.17857142857142858
FOODS_3_166,2016-05-22,1.0,6,5,2016,0.0,2.0,0.2857142857142857,0.39285714285714285
HOUSEHOLD_2_290,2016-05-22,6.24,6,5,2016,0.0,0.0,0.0,0.21428571428571427
FOODS_3_167,2016-05-22,1.98,6,5,2016,1.0,3.0,2.857142857142857,2.9285714285714284
HOUSEHOLD_2_286,2016-05-22,2.14,6,5,2016,1.0,6.0,1.1428571428571428,0.5
FOODS_3_169,2016-05-22,3.98,6,5,2016,2.0,9.0,3.142857142857143,3.142857142857143
HOUSEHOLD_2_285,2016-05-22,4.67,6,5,2016,0.0,0.0,0.42857142857142855,0.35714285714285715
FOODS_3_170,2016-05-22,1.98,6,5,2016,0.0,3.0,0.7142857142857143,0.75
FOODS_3_171,2016-05-22,2.48,6,5,2016,0.0,0.0,0.0,0.14285714285714285
FOODS_3_172,2016-05-22,1.78,6,5,2016,1.0,1.0,1.2857142857142858,2.107142857142857
FOODS_3_173,2016-05-22,11.82,6,5,2016,2.0,0.0,0.7142857142857143,0.39285714285714285
HOUSEHOLD_2_284,2016-05-22,5.94,6,5,2016,0.0,0.0,0.14285714285714285,0.35714285714285715
FOODS_3_174,2016-05-22,6.48,6,5,2016,0.0,0.0,0.5714285714285714,0.8571428571428571
FOODS_3_175,2016-05-22,7.48,6,5,2016,0.0,2.0,1.0,1.4642857142857142
FOODS_3_176,2016-05-22,1.5,6,5,2016,0.0,0.0,0.0,0.35714285714285715
FOODS_3_177,2016-05-22,2.98,6,5,2016,1.0,1.0,1.2857142857142858,1.0714285714285714
FOODS_3_178,2016-05-22,2.18,6,5,2016,2.0,3.0,0.8571428571428571,1.2142857142857142
FOODS_3_168,2016-05-22,3.65,6,5,2016,0.0,4.0,1.2857142857142858,1.1071428571428572
FOODS_3_082,2016-05-22,1.98,6,5,2016,1.0,0.0,0.7142857142857143,0.4642857142857143
FOODS_3_156,2016-05-22,4.18,6,5,2016,5.0,3.0,3.5714285714285716,3.3214285714285716
FOODS_3_154,2016-05-22,2.98,6,5,2016,5.0,1.0,2.7142857142857144,1.6428571428571428
FOODS_3_132,2016-05-22,2.68,6,5,2016,4.0,0.0,1.1428571428571428,0.9642857142857143
HOUSEHOLD_2_296,2016-05-22,4.78,6,5,2016,0.0,1.0,0.14285714285714285,0.32142857142857145
FOODS_3_133,2016-05-22,0.8,6,5,2016,10.0,14.0,7.285714285714286,6.321428571428571
FOODS_3_134,2016-05-22,6.98,6,5,2016,5.0,3.0,2.142857142857143,3.0357142857142856
FOODS_3_135,2016-05-22,1.48,6,5,2016,10.0,10.0,6.857142857142857,5.857142857142857
FOODS_3_136,2016-05-22,4.68,6,5,2016,4.0,7.0,3.4285714285714284,4.214285714285714
HOUSEHOLD_2_295,2016-05-22,5.97,6,5,2016,0.0,0.0,0.42857142857142855,0.6071428571428571
FOODS_3_137,2016-05-22,2.56,6,5,2016,0.0,1.0,1.7142857142857142,0.8928571428571429
FOODS_3_138,2016-05-22,1.98,6,5,2016,2.0,1.0,0.8571428571428571,1.6071428571428572
FOODS_3_139,2016-05-22,4.98,6,5,2016,5.0,3.0,3.0,3.2142857142857144
FOODS_3_140,2016-05-22,3.0,6,5,2016,5.0,1.0,1.8571428571428572,2.0357142857142856
HOUSEHOLD_2_294,2016-05-22,4.77,6,5,2016,2.0,0.0,1.1428571428571428,1.2142857142857142
FOODS_3_141,2016-05-22,2.98,6,5,2016,1.0,1.0,1.4285714285714286,0.7857142857142857
FOODS_3_155,2016-05-22,1.98,6,5,2016,2.0,2.0,0.7142857142857143,0.6785714285714286
FOODS_3_142,2016-05-22,3.98,6,5,2016,2.0,6.0,2.142857142857143,2.5
HOUSEHOLD_2_293,2016-05-22,7.47,6,5,2016,0.0,1.0,0.14285714285714285,0.10714285714285714
FOODS_3_144,2016-05-22,1.98,6,5,2016,0.0,2.0,1.8571428571428572,1.5357142857142858
FOODS_3_145,2016-05-22,2.98,6,5,2016,2.0,1.0,0.5714285714285714,0.39285714285714285
FOODS_3_146,2016-05-22,5.44,6,5,2016,4.0,0.0,1.2857142857142858,1.1071428571428572
FOODS_3_147,2016-05-22,2.98,6,5,2016,0.0,0.0,0.0,1.6785714285714286
HOUSEHOLD_2_292,2016-05-22,9.97,6,5,2016,0.0,1.0,0.5714285714285714,0.35714285714285715
FOODS_3_148,2016-05-22,0.94,6,5,2016,10.0,10.0,5.0,6.5
FOODS_3_149,2016-05-22,2.5,6,5,2016,1.0,1.0,0.42857142857142855,0.5714285714285714
FOODS_3_150,2016-05-22,1.98,6,5,2016,4.0,4.0,3.5714285714285716,4.464285714285714
FOODS_3_151,2016-05-22,2.5,6,5,2016,4.0,3.0,2.0,1.4642857142857142
HOUSEHOLD_2_291,2016-05-22,4.97,6,5,2016,0.0,1.0,0.14285714285714285,0.14285714285714285
FOODS_3_152,2016-05-22,2.5,6,5,2016,0.0,0.0,0.2857142857142857,0.42857142857142855
FOODS_3_153,2016-05-22,1.74,6,5,2016,0.0,0.0,0.0,0.39285714285714285
FOODS_3_143,2016-05-22,2.56,6,5,2016,0.0,2.0,1.0,1.0357142857142858
FOODS_2_384,2016-05-22,2.28,6,5,2016,0.0,2.0,0.8571428571428571,1.4642857142857142
HOUSEHOLD_2_311,2016-05-22,5.94,6,5,2016,1.0,3.0,1.2857142857142858,0.7142857142857143
FOODS_3_081,2016-05-22,4.74,6,5,2016,2.0,1.0,0.8571428571428571,0.6428571428571429
FOODS_3_011,2016-05-22,1.98,6,5,2016,3.0,6.0,2.857142857142857,1.6071428571428572
HOUSEHOLD_2_333,2016-05-22,4.98,6,5,2016,2.0,1.0,0.42857142857142855,0.35714285714285715
FOODS_3_012,2016-05-22,2.68,6,5,2016,0.0,3.0,2.4285714285714284,2.107142857142857
FOODS_3_013,2016-05-22,2.58,6,5,2016,1.0,2.0,2.2857142857142856,3.5714285714285716
FOODS_3_014,2016-05-22,1.98,6,5,2016,3.0,2.0,1.4285714285714286,1.1071428571428572
HOUSEHOLD_2_332,2016-05-22,6.77,6,5,2016,2.0,1.0,0.7142857142857143,0.5357142857142857
FOODS_3_015,2016-05-22,1.78,6,5,2016,3.0,1.0,0.8571428571428571,1.6071428571428572
FOODS_3_016,2016-05-22,2.98,6,5,2016,0.0,3.0,2.2857142857142856,3.392857142857143
FOODS_3_017,2016-05-22,1.98,6,5,2016,0.0,0.0,0.2857142857142857,0.10714285714285714
FOODS_3_018,2016-05-22,4.54,6,5,2016,2.0,3.0,2.0,1.75
HOUSEHOLD_2_331,2016-05-22,3.97,6,5,2016,0.0,1.0,0.14285714285714285,0.07142857142857142
FOODS_3_019,2016-05-22,1.98,6,5,2016,4.0,4.0,3.142857142857143,2.357142857142857
FOODS_3_020,2016-05-22,0.94,6,5,2016,15.0,11.0,8.285714285714286,10.714285714285714
HOUSEHOLD_2_330,2016-05-22,3.72,6,5,2016,0.0,0.0,0.2857142857142857,0.21428571428571427
FOODS_3_021,2016-05-22,2.48,6,5,2016,1.0,2.0,0.8571428571428571,1.4642857142857142
HOUSEHOLD_2_329,2016-05-22,2.72,6,5,2016,1.0,0.0,0.2857142857142857,0.39285714285714285
FOODS_3_022,2016-05-22,1.98,6,5,2016,0.0,0.0,0.14285714285714285,0.35714285714285715
FOODS_3_023,2016-05-22,3.98,6,5,2016,2.0,1.0,2.4285714285714284,1.75
FOODS_3_024,2016-05-22,1.0,6,5,2016,0.0,0.0,0.0,0.0
FOODS_3_025,2016-05-22,2.88,6,5,2016,0.0,4.0,1.7142857142857142,1.5
HOUSEHOLD_2_328,2016-05-22,7.47,6,5,2016,0.0,1.0,0.42857142857142855,0.35714285714285715
FOODS_3_026,2016-05-22,1.98,6,5,2016,1.0,0.0,1.0,2.1785714285714284
FOODS_3_027,2016-05-22,2.0,6,5,2016,3.0,0.0,0.42857142857142855,0.5357142857142857
FOODS_3_028,2016-05-22,3.88,6,5,2016,0.0,0.0,0.8571428571428571,1.4285714285714286
FOODS_3_029,2016-05-22,1.6,6,5,2016,3.0,1.0,0.7142857142857143,1.0357142857142858
FOODS_3_030,2016-05-22,1.48,6,5,2016,9.0,6.0,7.857142857142857,7.178571428571429
HOUSEHOLD_2_327,2016-05-22,2.98,6,5,2016,0.0,0.0,0.0,0.14285714285714285
FOODS_3_010,2016-05-22,2.84,6,5,2016,2.0,2.0,1.0,0.6785714285714286
FOODS_3_009,2016-05-22,2.28,6,5,2016,1.0,0.0,0.8571428571428571,0.39285714285714285
FOODS_3_008,2016-05-22,0.74,6,5,2016,3.0,0.0,4.571428571428571,1.5
FOODS_3_007,2016-05-22,0.25,6,5,2016,2.0,1.0,1.7142857142857142,1.9642857142857142
FOODS_2_385,2016-05-22,2.38,6,5,2016,1.0,1.0,1.8571428571428572,1.8571428571428572
FOODS_2_386,2016-05-22,2.5,6,5,2016,0.0,2.0,0.8571428571428571,0.8214285714285714
FOODS_2_387,2016-05-22,12.97,6,5,2016,1.0,0.0,0.7142857142857143,0.8571428571428571
FOODS_2_388,2016-05-22,2.98,6,5,2016,0.0,0.0,0.5714285714285714,1.75
HOUSEHOLD_2_340,2016-05-22,4.98,6,5,2016,0.0,0.0,0.0,0.14285714285714285
FOODS_2_389,2016-05-22,13.97,6,5,2016,1.0,2.0,0.7142857142857143,0.7142857142857143
FOODS_2_390,2016-05-22,7.16,6,5,2016,0.0,0.0,0.14285714285714285,0.17857142857142858
FOODS_2_391,2016-05-22,2.0,6,5,2016,2.0,2.0,0.8571428571428571,1.6785714285714286
HOUSEHOLD_2_339,2016-05-22,6.46,6,5,2016,0.0,0.0,0.14285714285714285,0.25
FOODS_2_392,2016-05-22,4.98,6,5,2016,0.0,3.0,0.8571428571428571,0.4642857142857143
FOODS_2_393,2016-05-22,3.98,6,5,2016,2.0,0.0,0.5714285714285714,0.4642857142857143
FOODS_2_394,2016-05-22,2.97,6,5,2016,0.0,0.0,0.8571428571428571,0.35714285714285715
FOODS_2_395,2016-05-22,3.78,6,5,2016,1.0,0.0,0.14285714285714285,0.14285714285714285
FOODS_3_031,2016-05-22,4.68,6,5,2016,3.0,2.0,1.0,1.0357142857142858
HOUSEHOLD_2_338,2016-05-22,4.92,6,5,2016,0.0,0.0,0.0,0.39285714285714285
HOUSEHOLD_2_337,2016-05-22,6.77,6,5,2016,0.0,2.0,0.42857142857142855,0.21428571428571427
FOODS_2_397,2016-05-22,3.28,6,5,2016,0.0,0.0,0.42857142857142855,1.0357142857142858
FOODS_2_398,2016-05-22,2.43,6,5,2016,0.0,1.0,0.8571428571428571,1.2142857142857142
FOODS_2_399,2016-05-22,2.0,6,5,2016,0.0,4.0,1.2857142857142858,1.8571428571428572
FOODS_3_001,2016-05-22,2.5,6,5,2016,0.0,0.0,0.2857142857142857,0.14285714285714285
FOODS_3_002,2016-05-22,2.56,6,5,2016,1.0,5.0,1.4285714285714286,1.2857142857142858
HOUSEHOLD_2_336,2016-05-22,8.97,6,5,2016,0.0,2.0,0.42857142857142855,0.42857142857142855
FOODS_3_003,2016-05-22,3.64,6,5,2016,0.0,1.0,0.7142857142857143,0.5357142857142857
FOODS_3_004,2016-05-22,5.98,6,5,2016,2.0,0.0,0.8571428571428571,0.8571428571428571
FOODS_3_005,2016-05-22,2.28,6,5,2016,0.0,0.0,0.14285714285714285,0.5357142857142857
FOODS_3_006,2016-05-22,7.88,6,5,2016,0.0,0.0,0.14285714285714285,0.42857142857142855
HOUSEHOLD_2_335,2016-05-22,6.24,6,5,2016,2.0,3.0,1.4285714285714286,1.3928571428571428
HOUSEHOLD_2_334,2016-05-22,2.98,6,5,2016,0.0,0.0,0.0,0.14285714285714285
FOODS_2_396,2016-05-22,2.98,6,5,2016,4.0,5.0,2.7142857142857144,2.5
FOODS_3_032,2016-05-22,2.98,6,5,2016,0.0,2.0,0.8571428571428571,1.0
FOODS_3_033,2016-05-22,2.5,6,5,2016,0.0,1.0,0.7142857142857143,0.39285714285714285
FOODS_3_034,2016-05-22,2.56,6,5,2016,1.0,8.0,2.5714285714285716,2.5
FOODS_3_060,2016-05-22,2.98,6,5,2016,2.0,2.0,1.2857142857142858,1.1071428571428572
FOODS_3_061,2016-05-22,2.98,6,5,2016,1.0,1.0,0.5714285714285714,0.5357142857142857
HOUSEHOLD_2_318,2016-05-22,3.97,6,5,2016,0.0,0.0,0.0,0.21428571428571427
FOODS_1_010,2016-05-22,5.64,6,5,2016,0.0,0.0,0.5714285714285714,0.21428571428571427
FOODS_3_062,2016-05-22,2.94,6,5,2016,4.0,1.0,1.1428571428571428,1.3214285714285714
FOODS_3_063,2016-05-22,2.48,6,5,2016,2.0,1.0,1.0,1.1071428571428572
HOUSEHOLD_2_317,2016-05-22,4.44,6,5,2016,0.0,0.0,0.14285714285714285,0.25
FOODS_3_064,2016-05-22,1.18,6,5,2016,29.0,45.0,29.714285714285715,28.178571428571427
FOODS_3_065,2016-05-22,3.98,6,5,2016,1.0,1.0,0.5714285714285714,0.8571428571428571
FOODS_3_066,2016-05-22,2.98,6,5,2016,5.0,9.0,5.285714285714286,5.821428571428571
FOODS_3_067,2016-05-22,3.98,6,5,2016,2.0,2.0,3.5714285714285716,3.3214285714285716
FOODS_3_068,2016-05-22,2.56,6,5,2016,1.0,1.0,0.2857142857142857,0.75
HOUSEHOLD_2_316,2016-05-22,7.54,6,5,2016,1.0,0.0,0.2857142857142857,0.2857142857142857
HOUSEHOLD_2_319,2016-05-22,1.98,6,5,2016,2.0,3.0,1.0,0.7142857142857143
FOODS_3_069,2016-05-22,2.98,6,5,2016,0.0,1.0,0.8571428571428571,0.32142857142857145
FOODS_3_071,2016-05-22,1.34,6,5,2016,3.0,8.0,3.7142857142857144,3.0714285714285716
FOODS_3_072,2016-05-22,2.5,6,5,2016,2.0,2.0,1.2857142857142858,0.6428571428571429
HOUSEHOLD_2_315,2016-05-22,7.67,6,5,2016,1.0,2.0,0.5714285714285714,0.39285714285714285
FOODS_3_073,2016-05-22,2.98,6,5,2016,0.0,0.0,0.0,0.0
FOODS_3_074,2016-05-22,4.48,6,5,2016,3.0,4.0,1.7142857142857142,2.0357142857142856
FOODS_3_075,2016-05-22,2.88,6,5,2016,0.0,2.0,1.0,1.0357142857142858
FOODS_3_076,2016-05-22,1.0,6,5,2016,7.0,7.0,5.714285714285714,4.107142857142857
HOUSEHOLD_2_314,2016-05-22,1.97,6,5,2016,0.0,0.0,0.2857142857142857,0.07142857142857142
FOODS_3_077,2016-05-22,2.88,6,5,2016,5.0,9.0,3.0,3.642857142857143
FOODS_3_078,2016-05-22,2.97,6,5,2016,1.0,2.0,0.8571428571428571,0.39285714285714285
FOODS_3_079,2016-05-22,5.98,6,5,2016,0.0,0.0,0.42857142857142855,0.5
HOUSEHOLD_2_313,2016-05-22,1.97,6,5,2016,1.0,3.0,1.4285714285714286,2.142857142857143
FOODS_3_080,2016-05-22,1.68,6,5,2016,22.0,26.0,19.428571428571427,19.0
FOODS_3_070,2016-05-22,0.25,6,5,2016,0.0,2.0,2.4285714285714284,4.321428571428571
HOUSEHOLD_2_312,2016-05-22,3.97,6,5,2016,1.0,2.0,1.0,1.0357142857142858
FOODS_3_059,2016-05-22,1.98,6,5,2016,1.0,0.0,0.8571428571428571,1.6785714285714286
FOODS_3_057,2016-05-22,2.98,6,5,2016,0.0,4.0,1.4285714285714286,0.5
HOUSEHOLD_2_326,2016-05-22,5.94,6,5,2016,1.0,2.0,0.42857142857142855,0.35714285714285715
FOODS_3_035,2016-05-22,4.18,6,5,2016,3.0,1.0,0.8571428571428571,1.0
FOODS_3_036,2016-05-22,2.88,6,5,2016,1.0,1.0,0.8571428571428571,0.6428571428571429
FOODS_3_037,2016-05-22,2.56,6,5,2016,6.0,16.0,6.428571428571429,6.892857142857143
FOODS_3_038,2016-05-22,4.98,6,5,2016,1.0,0.0,1.0,0.8928571428571429
HOUSEHOLD_2_325,2016-05-22,3.82,6,5,2016,0.0,1.0,0.5714285714285714,0.39285714285714285
FOODS_3_039,2016-05-22,3.98,6,5,2016,4.0,11.0,5.714285714285714,6.178571428571429
FOODS_3_040,2016-05-22,2.56,6,5,2016,2.0,1.0,1.7142857142857142,0.8571428571428571
FOODS_3_041,2016-05-22,2.98,6,5,2016,4.0,12.0,5.714285714285714,4.857142857142857
FOODS_3_042,2016-05-22,1.68,6,5,2016,7.0,6.0,2.2857142857142856,3.0714285714285716
HOUSEHOLD_2_324,2016-05-22,14.26,6,5,2016,0.0,0.0,0.14285714285714285,0.21428571428571427
FOODS_3_043,2016-05-22,2.56,6,5,2016,0.0,3.0,1.4285714285714286,1.75
FOODS_3_044,2016-05-22,2.88,6,5,2016,0.0,1.0,0.5714285714285714,0.5714285714285714
FOODS_3_058,2016-05-22,1.98,6,5,2016,1.0,3.0,2.2857142857142856,2.0357142857142856
FOODS_3_045,2016-05-22,3.98,6,5,2016,0.0,1.0,0.2857142857142857,0.2857142857142857
HOUSEHOLD_2_323,2016-05-22,3.97,6,5,2016,0.0,0.0,0.2857142857142857,0.21428571428571427
FOODS_3_047,2016-05-22,1.0,6,5,2016,0.0,1.0,0.5714285714285714,1.0
FOODS_3_048,2016-05-22,1.5,6,5,2016,2.0,2.0,2.5714285714285716,1.6785714285714286
FOODS_3_049,2016-05-22,4.74,6,5,2016,2.0,2.0,1.4285714285714286,0.9285714285714286
HOUSEHOLD_2_322,2016-05-22,2.22,6,5,2016,1.0,2.0,0.7142857142857143,0.8928571428571429
FOODS_3_050,2016-05-22,2.28,6,5,2016,0.0,0.0,0.0,0.07142857142857142
FOODS_3_051,2016-05-22,1.98,6,5,2016,1.0,2.0,0.8571428571428571,1.3928571428571428
HOUSEHOLD_2_321,2016-05-22,5.24,6,5,2016,0.0,4.0,0.8571428571428571,0.6071428571428571
FOODS_3_053,2016-05-22,3.98,6,5,2016,1.0,13.0,3.4285714285714284,3.5357142857142856
FOODS_3_054,2016-05-22,1.94,6,5,2016,5.0,9.0,5.142857142857143,3.5
FOODS_3_055,2016-05-22,2.98,6,5,2016,2.0,2.0,1.1428571428571428,0.6428571428571429
FOODS_3_056,2016-05-22,1.74,6,5,2016,0.0,2.0,0.7142857142857143,0.6785714285714286
HOUSEHOLD_2_320,2016-05-22,8.47,6,5,2016,6.0,0.0,1.1428571428571428,0.2857142857142857
FOODS_3_046,2016-05-22,1.98,6,5,2016,0.0,5.0,1.7142857142857142,1.3928571428571428
HOUSEHOLD_2_283,2016-05-22,5.84,6,5,2016,0.0,2.0,0.2857142857142857,0.4642857142857143
FOODS_2_189,2016-05-22,2.5,6,5,2016,4.0,3.0,1.2857142857142858,1.6071428571428572
FOODS_2_188,2016-05-22,2.5,6,5,2016,0.0,1.0,0.2857142857142857,0.5357142857142857
FOODS_1_137,2016-05-22,2.0,6,5,2016,0.0,9.0,1.4285714285714286,2.0
HOUSEHOLD_2_475,2016-05-22,4.96,6,5,2016,0.0,2.0,0.42857142857142855,0.5714285714285714
FOODS_1_138,2016-05-22,2.68,6,5,2016,0.0,4.0,2.142857142857143,1.3928571428571428
FOODS_1_139,2016-05-22,0.98,6,5,2016,4.0,6.0,3.5714285714285716,3.4642857142857144
FOODS_1_140,2016-05-22,6.98,6,5,2016,1.0,2.0,0.5714285714285714,1.5714285714285714
HOUSEHOLD_2_474,2016-05-22,7.76,6,5,2016,0.0,0.0,0.2857142857142857,0.14285714285714285
FOODS_1_141,2016-05-22,3.54,6,5,2016,0.0,0.0,0.42857142857142855,0.6785714285714286
FOODS_1_142,2016-05-22,1.5,6,5,2016,3.0,2.0,1.7142857142857142,1.2142857142857142
FOODS_1_143,2016-05-22,2.0,6,5,2016,4.0,0.0,2.142857142857143,1.5357142857142858
FOODS_1_144,2016-05-22,6.98,6,5,2016,0.0,0.0,1.2857142857142858,1.0
HOUSEHOLD_2_473,2016-05-22,7.97,6,5,2016,3.0,2.0,0.7142857142857143,0.5
FOODS_1_145,2016-05-22,0.98,6,5,2016,4.0,0.0,1.8571428571428572,2.357142857142857
FOODS_1_146,2016-05-22,2.24,6,5,2016,1.0,3.0,1.2857142857142858,1.2142857142857142
FOODS_1_147,2016-05-22,4.84,6,5,2016,0.0,0.0,0.14285714285714285,0.42857142857142855
FOODS_1_148,2016-05-22,4.84,6,5,2016,0.0,0.0,0.0,0.10714285714285714
HOUSEHOLD_2_472,2016-05-22,8.48,6,5,2016,0.0,1.0,0.42857142857142855,0.4642857142857143
FOODS_1_149,2016-05-22,0.98,6,5,2016,1.0,2.0,1.1428571428571428,1.3571428571428572
FOODS_1_150,2016-05-22,5.28,6,5,2016,0.0,3.0,0.7142857142857143,0.7142857142857143
FOODS_1_151,2016-05-22,11.84,6,5,2016,0.0,2.0,0.42857142857142855,0.4642857142857143
FOODS_1_152,2016-05-22,8.58,6,5,2016,2.0,0.0,0.5714285714285714,1.1428571428571428
FOODS_1_153,2016-05-22,1.98,6,5,2016,0.0,2.0,3.2857142857142856,2.5714285714285716
HOUSEHOLD_2_471,2016-05-22,3.48,6,5,2016,0.0,0.0,0.0,0.0
FOODS_1_154,2016-05-22,1.5,6,5,2016,0.0,0.0,1.1428571428571428,2.357142857142857
FOODS_1_155,2016-05-22,0.98,6,5,2016,0.0,1.0,0.14285714285714285,0.6071428571428571
FOODS_1_156,2016-05-22,2.24,6,5,2016,2.0,0.0,1.0,1.5714285714285714
FOODS_1_157,2016-05-22,4.89,6,5,2016,0.0,0.0,0.2857142857142857,0.21428571428571427
HOUSEHOLD_2_470,2016-05-22,0.88,6,5,2016,3.0,2.0,1.8571428571428572,1.5357142857142858
FOODS_1_136,2016-05-22,4.86,6,5,2016,0.0,0.0,0.0,0.35714285714285715
HOUSEHOLD_2_476,2016-05-22,3.97,6,5,2016,1.0,0.0,0.14285714285714285,0.2857142857142857
FOODS_1_135,2016-05-22,2.68,6,5,2016,0.0,5.0,1.2857142857142858,1.3928571428571428
FOODS_1_134,2016-05-22,1.98,6,5,2016,2.0,1.0,1.1428571428571428,0.8571428571428571
FOODS_1_113,2016-05-22,0.98,6,5,2016,1.0,0.0,1.4285714285714286,3.25
FOODS_1_114,2016-05-22,3.54,6,5,2016,0.0,0.0,0.0,0.0
HOUSEHOLD_2_482,2016-05-22,5.73,6,5,2016,1.0,0.0,0.2857142857142857,0.17857142857142858
FOODS_1_115,2016-05-22,3.58,6,5,2016,1.0,2.0,0.8571428571428571,0.5
FOODS_1_116,2016-05-22,2.68,6,5,2016,0.0,0.0,0.0,0.6785714285714286
FOODS_1_117,2016-05-22,2.24,6,5,2016,3.0,1.0,1.2857142857142858,1.4642857142857142
HOUSEHOLD_2_481,2016-05-22,7.97,6,5,2016,0.0,0.0,0.0,0.03571428571428571
FOODS_1_118,2016-05-22,0.98,6,5,2016,1.0,3.0,1.8571428571428572,1.6785714285714286
FOODS_1_119,2016-05-22,3.54,6,5,2016,0.0,0.0,0.0,0.42857142857142855
FOODS_1_120,2016-05-22,1.96,6,5,2016,1.0,1.0,1.1428571428571428,1.3928571428571428
FOODS_1_121,2016-05-22,1.5,6,5,2016,2.0,5.0,1.8571428571428572,1.5357142857142858
FOODS_1_122,2016-05-22,1.98,6,5,2016,4.0,0.0,1.1428571428571428,0.5357142857142857
HOUSEHOLD_2_480,2016-05-22,5.24,6,5,2016,0.0,2.0,0.5714285714285714,0.2857142857142857
FOODS_1_158,2016-05-22,4.68,6,5,2016,2.0,1.0,0.7142857142857143,0.6071428571428571
FOODS_1_123,2016-05-22,3.54,6,5,2016,3.0,0.0,1.2857142857142858,0.9285714285714286
FOODS_1_125,2016-05-22,5.28,6,5,2016,1.0,0.0,1.0,1.1071428571428572
FOODS_1_126,2016-05-22,2.24,6,5,2016,0.0,3.0,1.1428571428571428,1.0714285714285714
HOUSEHOLD_2_479,2016-05-22,5.94,6,5,2016,0.0,0.0,0.0,0.17857142857142858
FOODS_1_127,2016-05-22,2.12,6,5,2016,4.0,0.0,1.4285714285714286,1.0
FOODS_1_128,2016-05-22,4.27,6,5,2016,0.0,0.0,0.2857142857142857,0.75
FOODS_1_129,2016-05-22,5.74,6,5,2016,1.0,1.0,0.5714285714285714,0.6785714285714286
FOODS_1_130,2016-05-22,1.78,6,5,2016,2.0,1.0,1.8571428571428572,2.5
HOUSEHOLD_2_478,2016-05-22,4.94,6,5,2016,0.0,0.0,0.14285714285714285,0.10714285714285714
FOODS_1_131,2016-05-22,2.98,6,5,2016,0.0,0.0,0.0,0.2857142857142857
FOODS_1_132,2016-05-22,1.96,6,5,2016,0.0,1.0,0.5714285714285714,0.5
HOUSEHOLD_2_512,2016-05-22,3.97,6,5,2016,0.0,1.0,0.7142857142857143,0.5357142857142857
FOODS_1_133,2016-05-22,3.48,6,5,2016,1.0,2.0,0.7142857142857143,0.9642857142857143
HOUSEHOLD_2_477,2016-05-22,5.74,6,5,2016,2.0,4.0,1.7142857142857142,1.9285714285714286
FOODS_1_124,2016-05-22,2.24,6,5,2016,0.0,0.0,0.42857142857142855,1.3571428571428572
FOODS_1_159,2016-05-22,4.89,6,5,2016,0.0,0.0,0.0,0.25
FOODS_1_160,2016-05-22,2.24,6,5,2016,0.0,4.0,0.5714285714285714,0.42857142857142855
FOODS_1_161,2016-05-22,0.98,6,5,2016,0.0,8.0,2.7142857142857144,1.8571428571428572
FOODS_1_187,2016-05-22,9.98,6,5,2016,1.0,2.0,0.42857142857142855,1.5714285714285714
HOUSEHOLD_2_461,2016-05-22,9.97,6,5,2016,0.0,0.0,0.0,0.10714285714285714
FOODS_1_188,2016-05-22,2.98,6,5,2016,2.0,4.0,2.2857142857142856,1.7142857142857142
FOODS_1_189,2016-05-22,2.24,6,5,2016,0.0,0.0,0.14285714285714285,1.0357142857142858
FOODS_1_190,2016-05-22,0.98,6,5,2016,0.0,2.0,0.42857142857142855,0.39285714285714285
FOODS_1_191,2016-05-22,5.64,6,5,2016,0.0,0.0,0.0,0.17857142857142858
FOODS_1_192,2016-05-22,2.24,6,5,2016,3.0,5.0,2.5714285714285716,2.1785714285714284
HOUSEHOLD_2_460,2016-05-22,5.94,6,5,2016,0.0,0.0,0.0,0.0
FOODS_1_193,2016-05-22,4.89,6,5,2016,4.0,2.0,1.7142857142857142,0.7857142857142857
FOODS_1_194,2016-05-22,4.86,6,5,2016,5.0,3.0,3.4285714285714284,1.7857142857142858
FOODS_1_195,2016-05-22,2.24,6,5,2016,2.0,2.0,0.8571428571428571,0.9642857142857143
HOUSEHOLD_2_459,2016-05-22,19.54,6,5,2016,0.0,0.0,0.2857142857142857,0.39285714285714285
FOODS_1_196,2016-05-22,2.0,6,5,2016,3.0,1.0,1.1428571428571428,0.8214285714285714
FOODS_1_186,2016-05-22,5.98,6,5,2016,2.0,0.0,0.8571428571428571,1.0714285714285714
FOODS_1_197,2016-05-22,5.28,6,5,2016,1.0,0.0,1.0,0.9642857142857143
FOODS_1_198,2016-05-22,2.68,6,5,2016,1.0,0.0,0.8571428571428571,1.1785714285714286
FOODS_1_199,2016-05-22,5.64,6,5,2016,0.0,0.0,0.0,1.0357142857142858
FOODS_1_200,2016-05-22,0.98,6,5,2016,18.0,8.0,7.714285714285714,7.607142857142857
HOUSEHOLD_2_457,2016-05-22,6.47,6,5,2016,0.0,2.0,0.7142857142857143,0.5
FOODS_1_201,2016-05-22,2.24,6,5,2016,3.0,2.0,1.7142857142857142,2.4642857142857144
FOODS_1_202,2016-05-22,0.98,6,5,2016,0.0,2.0,1.4285714285714286,1.4642857142857142
FOODS_1_203,2016-05-22,2.24,6,5,2016,0.0,1.0,0.42857142857142855,0.8571428571428571
FOODS_1_204,2016-05-22,0.98,6,5,2016,1.0,3.0,0.8571428571428571,2.2142857142857144
HOUSEHOLD_2_456,2016-05-22,8.86,6,5,2016,0.0,1.0,0.14285714285714285,0.25
FOODS_1_205,2016-05-22,5.28,6,5,2016,0.0,0.0,0.5714285714285714,0.5
FOODS_1_206,2016-05-22,2.23,6,5,2016,6.0,0.0,3.142857142857143,2.5714285714285716
FOODS_1_207,2016-05-22,3.32,6,5,2016,1.0,1.0,1.2857142857142858,1.0714285714285714
FOODS_1_208,2016-05-22,1.96,6,5,2016,1.0,2.0,1.4285714285714286,1.3571428571428572
HOUSEHOLD_2_458,2016-05-22,3.96,6,5,2016,0.0,0.0,0.14285714285714285,0.03571428571428571
FOODS_1_112,2016-05-22,1.98,6,5,2016,2.0,2.0,1.4285714285714286,1.3571428571428572
FOODS_1_185,2016-05-22,2.28,6,5,2016,4.0,8.0,2.4285714285714284,2.392857142857143
HOUSEHOLD_2_462,2016-05-22,7.97,6,5,2016,0.0,0.0,0.14285714285714285,0.14285714285714285
HOUSEHOLD_2_469,2016-05-22,2.97,6,5,2016,0.0,0.0,0.2857142857142857,0.10714285714285714
FOODS_1_162,2016-05-22,1.96,6,5,2016,4.0,3.0,2.7142857142857144,3.0357142857142856
HOUSEHOLD_2_468,2016-05-22,8.97,6,5,2016,1.0,0.0,0.5714285714285714,0.6428571428571429
FOODS_1_163,2016-05-22,0.98,6,5,2016,1.0,0.0,0.2857142857142857,0.35714285714285715
FOODS_1_164,2016-05-22,5.64,6,5,2016,0.0,0.0,0.0,0.10714285714285714
FOODS_1_166,2016-05-22,2.24,6,5,2016,0.0,1.0,1.8571428571428572,1.9285714285714286
FOODS_1_167,2016-05-22,4.86,6,5,2016,1.0,0.0,0.2857142857142857,0.35714285714285715
HOUSEHOLD_2_467,2016-05-22,3.97,6,5,2016,0.0,2.0,0.7142857142857143,0.8214285714285714
FOODS_1_168,2016-05-22,2.24,6,5,2016,0.0,0.0,0.5714285714285714,0.42857142857142855
FOODS_1_169,2016-05-22,3.48,6,5,2016,0.0,0.0,0.5714285714285714,0.42857142857142855
FOODS_1_170,2016-05-22,5.64,6,5,2016,9.0,6.0,3.5714285714285716,3.0714285714285716
HOUSEHOLD_2_466,2016-05-22,6.46,6,5,2016,0.0,0.0,0.0,0.39285714285714285
FOODS_1_171,2016-05-22,4.89,6,5,2016,0.0,1.0,1.0,0.7142857142857143
FOODS_1_184,2016-05-22,1.0,6,5,2016,2.0,2.0,1.2857142857142858,1.0714285714285714
FOODS_1_172,2016-05-22,1.98,6,5,2016,0.0,1.0,1.0,1.9285714285714286
FOODS_1_174,2016-05-22,5.28,6,5,2016,1.0,1.0,1.2857142857142858,1.7142857142857142
HOUSEHOLD_2_465,2016-05-22,7.54,6,5,2016,1.0,1.0,1.1428571428571428,1.1785714285714286
FOODS_1_175,2016-05-22,2.98,6,5,2016,0.0,6.0,1.7142857142857142,1.5
FOODS_1_176,2016-05-22,3.48,6,5,2016,1.0,0.0,0.42857142857142855,0.42857142857142855
FOODS_1_177,2016-05-22,8.98,6,5,2016,0.0,1.0,0.2857142857142857,0.8214285714285714
FOODS_1_178,2016-05-22,9.98,6,5,2016,3.0,0.0,0.8571428571428571,0.75
HOUSEHOLD_2_464,2016-05-22,2.88,6,5,2016,0.0,0.0,0.14285714285714285,0.10714285714285714
FOODS_1_179,2016-05-22,3.58,6,5,2016,0.0,0.0,0.0,0.17857142857142858
FOODS_1_180,2016-05-22,9.97,6,5,2016,1.0,0.0,1.1428571428571428,1.6071428571428572
FOODS_1_181,2016-05-22,1.38,6,5,2016,8.0,4.0,3.5714285714285716,3.1785714285714284
FOODS_1_182,2016-05-22,2.28,6,5,2016,0.0,1.0,1.2857142857142858,1.4642857142857142
FOODS_1_183,2016-05-22,2.98,6,5,2016,3.0,7.0,2.7142857142857144,1.9642857142857142
HOUSEHOLD_2_463,2016-05-22,5.47,6,5,2016,1.0,1.0,0.5714285714285714,0.5357142857142857
FOODS_1_173,2016-05-22,2.0,6,5,2016,3.0,5.0,3.857142857142857,4.035714285714286
HOUSEHOLD_2_455,2016-05-22,7.74,6,5,2016,0.0,2.0,0.42857142857142855,0.32142857142857145
FOODS_1_111,2016-05-22,5.98,6,5,2016,1.0,0.0,0.7142857142857143,0.6785714285714286
FOODS_1_110,2016-05-22,1.96,6,5,2016,7.0,1.0,6.285714285714286,6.107142857142857
HOUSEHOLD_2_505,2016-05-22,4.97,6,5,2016,0.0,0.0,0.42857142857142855,0.25
FOODS_1_040,2016-05-22,1.78,6,5,2016,1.0,5.0,3.0,1.6428571428571428
FOODS_1_041,2016-05-22,2.24,6,5,2016,3.0,3.0,1.4285714285714286,1.3214285714285714
FOODS_1_042,2016-05-22,0.98,6,5,2016,5.0,6.0,3.5714285714285716,3.107142857142857
FOODS_1_043,2016-05-22,1.96,6,5,2016,8.0,11.0,5.857142857142857,7.678571428571429
HOUSEHOLD_2_504,2016-05-22,1.97,6,5,2016,2.0,0.0,0.2857142857142857,0.10714285714285714
FOODS_1_044,2016-05-22,2.98,6,5,2016,1.0,1.0,0.42857142857142855,2.107142857142857
FOODS_1_045,2016-05-22,1.78,6,5,2016,1.0,1.0,3.4285714285714284,2.4285714285714284
FOODS_1_046,2016-05-22,0.98,6,5,2016,7.0,7.0,9.142857142857142,7.25
FOODS_1_047,2016-05-22,3.54,6,5,2016,6.0,2.0,2.5714285714285716,1.5
HOUSEHOLD_2_503,2016-05-22,6.94,6,5,2016,0.0,0.0,0.0,0.03571428571428571
FOODS_1_048,2016-05-22,5.98,6,5,2016,1.0,1.0,0.2857142857142857,0.75
FOODS_1_049,2016-05-22,2.24,6,5,2016,3.0,1.0,0.5714285714285714,1.1428571428571428
FOODS_1_050,2016-05-22,5.98,6,5,2016,0.0,0.0,0.7142857142857143,0.9642857142857143
FOODS_1_051,2016-05-22,3.87,6,5,2016,0.0,1.0,0.7142857142857143,1.0357142857142858
HOUSEHOLD_2_502,2016-05-22,8.86,6,5,2016,0.0,0.0,0.14285714285714285,0.17857142857142858
FOODS_1_052,2016-05-22,0.98,6,5,2016,3.0,4.0,2.142857142857143,1.7142857142857142
FOODS_1_053,2016-05-22,5.14,6,5,2016,0.0,1.0,0.42857142857142855,0.14285714285714285
FOODS_1_054,2016-05-22,1.98,6,5,2016,8.0,3.0,4.142857142857143,2.9285714285714284
FOODS_1_055,2016-05-22,4.38,6,5,2016,2.0,0.0,4.142857142857143,3.642857142857143
HOUSEHOLD_2_501,2016-05-22,7.97,6,5,2016,1.0,1.0,0.5714285714285714,0.6428571428571429
FOODS_1_056,2016-05-22,2.24,6,5,2016,3.0,1.0,1.1428571428571428,1.2142857142857142
FOODS_1_057,2016-05-22,2.24,6,5,2016,1.0,1.0,2.2857142857142856,1.5714285714285714
HOUSEHOLD_2_500,2016-05-22,5.84,6,5,2016,1.0,2.0,0.5714285714285714,0.5
FOODS_1_058,2016-05-22,1.96,6,5,2016,9.0,4.0,3.4285714285714284,2.642857142857143
FOODS_1_059,2016-05-22,4.89,6,5,2016,1.0,0.0,0.7142857142857143,0.21428571428571427
FOODS_1_060,2016-05-22,1.68,6,5,2016,0.0,2.0,0.5714285714285714,1.0
FOODS_1_039,2016-05-22,2.48,6,5,2016,0.0,1.0,0.7142857142857143,0.39285714285714285
FOODS_1_038,2016-05-22,9.94,6,5,2016,1.0,1.0,0.7142857142857143,0.6785714285714286
HOUSEHOLD_2_506,2016-05-22,6.97,6,5,2016,0.0,0.0,0.5714285714285714,0.6785714285714286
FOODS_1_037,2016-05-22,3.48,6,5,2016,2.0,1.0,1.5714285714285714,1.3928571428571428
FOODS_1_014,2016-05-22,0.98,6,5,2016,3.0,1.0,2.2857142857142856,1.7142857142857142
FOODS_1_015,2016-05-22,3.48,6,5,2016,16.0,1.0,3.142857142857143,1.3928571428571428
FOODS_1_016,2016-05-22,2.26,6,5,2016,1.0,0.0,0.5714285714285714,0.7142857142857143
FOODS_1_017,2016-05-22,2.24,6,5,2016,1.0,0.0,1.5714285714285714,1.3571428571428572
HOUSEHOLD_2_511,2016-05-22,2.74,6,5,2016,2.0,1.0,1.7142857142857142,1.4642857142857142
FOODS_1_018,2016-05-22,0.98,6,5,2016,13.0,15.0,11.142857142857142,8.75
FOODS_1_019,2016-05-22,0.98,6,5,2016,11.0,16.0,10.0,7.535714285714286
FOODS_1_020,2016-05-22,2.68,6,5,2016,2.0,2.0,2.142857142857143,1.6785714285714286
FOODS_1_021,2016-05-22,0.98,6,5,2016,0.0,0.0,0.0,0.5714285714285714
HOUSEHOLD_2_510,2016-05-22,3.93,6,5,2016,0.0,0.0,0.8571428571428571,0.8928571428571429
FOODS_1_022,2016-05-22,4.84,6,5,2016,0.0,0.0,0.0,0.10714285714285714
FOODS_1_023,2016-05-22,5.64,6,5,2016,3.0,2.0,3.4285714285714284,2.2142857142857144
FOODS_1_024,2016-05-22,4.86,6,5,2016,3.0,0.0,1.1428571428571428,0.75
FOODS_1_061,2016-05-22,2.24,6,5,2016,3.0,1.0,1.4285714285714286,1.8571428571428572
FOODS_1_025,2016-05-22,4.27,6,5,2016,1.0,1.0,0.2857142857142857,0.4642857142857143
FOODS_1_026,2016-05-22,6.98,6,5,2016,3.0,1.0,1.4285714285714286,1.0357142857142858
FOODS_1_027,2016-05-22,1.96,6,5,2016,1.0,1.0,1.2857142857142858,1.7857142857142858
FOODS_1_028,2016-05-22,2.98,6,5,2016,3.0,2.0,0.8571428571428571,1.6071428571428572
FOODS_1_029,2016-05-22,4.27,6,5,2016,0.0,1.0,0.5714285714285714,0.39285714285714285
HOUSEHOLD_2_508,2016-05-22,15.94,6,5,2016,0.0,0.0,0.14285714285714285,0.10714285714285714
FOODS_1_030,2016-05-22,3.48,6,5,2016,1.0,1.0,0.7142857142857143,1.0
FOODS_1_031,2016-05-22,3.54,6,5,2016,3.0,0.0,1.5714285714285714,1.1785714285714286
FOODS_1_032,2016-05-22,0.98,6,5,2016,21.0,4.0,5.0,3.9285714285714284
HOUSEHOLD_2_507,2016-05-22,6.97,6,5,2016,3.0,1.0,1.4285714285714286,1.0714285714285714
FOODS_1_033,2016-05-22,5.64,6,5,2016,0.0,0.0,0.0,0.10714285714285714
FOODS_1_034,2016-05-22,5.14,6,5,2016,0.0,0.0,0.0,0.32142857142857145
FOODS_1_035,2016-05-22,2.68,6,5,2016,2.0,1.0,2.2857142857142856,1.5
FOODS_1_036,2016-05-22,1.78,6,5,2016,3.0,5.0,2.5714285714285716,2.2857142857142856
HOUSEHOLD_2_509,2016-05-22,8.97,6,5,2016,1.0,1.0,0.7142857142857143,0.6428571428571429
HOUSEHOLD_2_499,2016-05-22,1.97,6,5,2016,0.0,1.0,2.0,1.7142857142857142
FOODS_1_062,2016-05-22,4.27,6,5,2016,1.0,1.0,1.5714285714285714,1.8928571428571428
HOUSEHOLD_2_498,2016-05-22,2.96,6,5,2016,0.0,1.0,0.5714285714285714,0.7857142857142857
HOUSEHOLD_2_490,2016-05-22,3.48,6,5,2016,0.0,1.0,0.7142857142857143,0.75
FOODS_1_088,2016-05-22,5.28,6,5,2016,0.0,1.0,11.285714285714286,4.0
HOUSEHOLD_2_489,2016-05-22,14.47,6,5,2016,0.0,0.0,0.2857142857142857,0.10714285714285714
FOODS_1_089,2016-05-22,3.48,6,5,2016,0.0,1.0,0.5714285714285714,0.75
FOODS_1_090,2016-05-22,3.54,6,5,2016,0.0,0.0,0.0,0.32142857142857145
FOODS_1_091,2016-05-22,2.24,6,5,2016,4.0,1.0,0.8571428571428571,1.8928571428571428
HOUSEHOLD_2_488,2016-05-22,4.97,6,5,2016,0.0,2.0,0.7142857142857143,0.5714285714285714
FOODS_1_092,2016-05-22,1.96,6,5,2016,1.0,0.0,0.8571428571428571,0.5
FOODS_1_093,2016-05-22,5.64,6,5,2016,0.0,0.0,0.0,0.03571428571428571
FOODS_1_094,2016-05-22,3.54,6,5,2016,1.0,9.0,3.0,1.6071428571428572
FOODS_1_095,2016-05-22,3.17,6,5,2016,0.0,0.0,0.0,0.0
HOUSEHOLD_2_487,2016-05-22,9.98,6,5,2016,0.0,0.0,0.14285714285714285,0.17857142857142858
FOODS_1_096,2016-05-22,5.74,6,5,2016,0.0,0.0,0.42857142857142855,0.8214285714285714
FOODS_1_087,2016-05-22,5.64,6,5,2016,0.0,6.0,2.857142857142857,2.6785714285714284
FOODS_1_097,2016-05-22,0.98,6,5,2016,5.0,6.0,2.857142857142857,1.7142857142857142
FOODS_1_098,2016-05-22,4.58,6,5,2016,0.0,0.0,0.0,0.07142857142857142
FOODS_1_099,2016-05-22,0.98,6,5,2016,3.0,15.0,6.571428571428571,7.678571428571429
FOODS_1_101,2016-05-22,2.0,6,5,2016,0.0,0.0,0.42857142857142855,0.7857142857142857
FOODS_1_102,2016-05-22,1.78,6,5,2016,0.0,0.0,0.0,0.8214285714285714
HOUSEHOLD_2_485,2016-05-22,6.97,6,5,2016,0.0,2.0,0.42857142857142855,0.5357142857142857
FOODS_1_103,2016-05-22,4.27,6,5,2016,2.0,6.0,2.0,1.5
FOODS_1_104,2016-05-22,3.54,6,5,2016,0.0,7.0,3.2857142857142856,1.6071428571428572
FOODS_1_105,2016-05-22,1.98,6,5,2016,3.0,1.0,1.4285714285714286,1.2857142857142858
FOODS_1_106,2016-05-22,3.54,6,5,2016,0.0,1.0,0.14285714285714285,0.8571428571428571
HOUSEHOLD_2_484,2016-05-22,6.97,6,5,2016,0.0,1.0,0.2857142857142857,0.35714285714285715
FOODS_1_107,2016-05-22,4.58,6,5,2016,0.0,0.0,0.14285714285714285,0.2857142857142857
FOODS_1_108,2016-05-22,2.5,6,5,2016,3.0,3.0,2.0,1.8214285714285714
FOODS_1_109,2016-05-22,2.24,6,5,2016,0.0,1.0,0.2857142857142857,0.8571428571428571
HOUSEHOLD_2_486,2016-05-22,5.97,6,5,2016,0.0,0.0,0.14285714285714285,0.5
HOUSEHOLD_2_483,2016-05-22,4.97,6,5,2016,3.0,1.0,2.0,1.8571428571428572
FOODS_1_086,2016-05-22,1.83,6,5,2016,7.0,0.0,6.571428571428571,4.642857142857143
FOODS_1_084,2016-05-22,4.58,6,5,2016,0.0,0.0,0.0,0.07142857142857142
FOODS_1_063,2016-05-22,2.48,6,5,2016,1.0,2.0,1.2857142857142858,1.4642857142857142
HOUSEHOLD_2_497,2016-05-22,6.48,6,5,2016,0.0,1.0,0.2857142857142857,0.21428571428571427
FOODS_1_064,2016-05-22,2.68,6,5,2016,0.0,0.0,0.0,0.35714285714285715
FOODS_1_065,2016-05-22,3.54,6,5,2016,2.0,2.0,1.0,1.0
FOODS_1_066,2016-05-22,1.36,6,5,2016,0.0,0.0,1.0,1.9285714285714286
FOODS_1_067,2016-05-22,2.0,6,5,2016,1.0,4.0,3.857142857142857,3.2857142857142856
FOODS_1_068,2016-05-22,3.58,6,5,2016,0.0,0.0,0.14285714285714285,0.17857142857142858
HOUSEHOLD_2_496,2016-05-22,1.48,6,5,2016,1.0,3.0,0.7142857142857143,0.6071428571428571
FOODS_1_069,2016-05-22,2.68,6,5,2016,1.0,0.0,0.2857142857142857,1.5
FOODS_1_070,2016-05-22,0.98,6,5,2016,0.0,2.0,0.42857142857142855,1.2857142857142858
HOUSEHOLD_2_495,2016-05-22,5.84,6,5,2016,2.0,1.0,1.1428571428571428,1.1428571428571428
FOODS_1_071,2016-05-22,2.0,6,5,2016,3.0,3.0,2.0,1.9642857142857142
FOODS_1_072,2016-05-22,5.28,6,5,2016,1.0,0.0,0.42857142857142855,0.2857142857142857
FOODS_1_085,2016-05-22,0.98,6,5,2016,6.0,2.0,6.285714285714286,6.821428571428571
FOODS_1_073,2016-05-22,2.12,6,5,2016,1.0,0.0,0.5714285714285714,1.1785714285714286
HOUSEHOLD_2_494,2016-05-22,5.94,6,5,2016,0.0,0.0,0.0,0.10714285714285714
FOODS_1_075,2016-05-22,3.54,6,5,2016,0.0,0.0,0.0,0.6428571428571429
FOODS_1_076,2016-05-22,5.14,6,5,2016,0.0,0.0,0.5714285714285714,0.8214285714285714
FOODS_1_077,2016-05-22,3.28,6,5,2016,2.0,0.0,0.5714285714285714,0.35714285714285715
FOODS_1_078,2016-05-22,3.48,6,5,2016,1.0,0.0,0.7142857142857143,0.6785714285714286
HOUSEHOLD_2_493,2016-05-22,1.94,6,5,2016,1.0,1.0,0.42857142857142855,0.42857142857142855
FOODS_1_079,2016-05-22,4.58,6,5,2016,0.0,0.0,0.0,0.0
HOUSEHOLD_2_492,2016-05-22,5.92,6,5,2016,0.0,0.0,0.0,0.5
FOODS_1_080,2016-05-22,7.58,6,5,2016,2.0,4.0,1.7142857142857142,1.2142857142857142
FOODS_1_081,2016-05-22,5.64,6,5,2016,0.0,1.0,1.7142857142857142,1.1428571428571428
FOODS_1_082,2016-05-22,0.98,6,5,2016,11.0,11.0,7.0,7.892857142857143
FOODS_1_083,2016-05-22,2.0,6,5,2016,6.0,1.0,2.5714285714285716,1.8571428571428572
HOUSEHOLD_2_491,2016-05-22,6.96,6,5,2016,0.0,1.0,0.14285714285714285,0.25
FOODS_1_074,2016-05-22,2.24,6,5,2016,0.0,1.0,1.2857142857142858,1.6071428571428572
HOUSEHOLD_2_400,2016-05-22,3.88,6,5,2016,0.0,0.0,0.7142857142857143,0.5
FOODS_1_209,2016-05-22,2.24,6,5,2016,0.0,2.0,1.0,1.2142857142857142
FOODS_1_211,2016-05-22,5.64,6,5,2016,0.0,0.0,0.0,0.21428571428571427
FOODS_2_119,2016-05-22,2.67,6,5,2016,9.0,5.0,4.428571428571429,2.642857142857143
FOODS_2_120,2016-05-22,2.72,6,5,2016,0.0,1.0,0.42857142857142855,0.6428571428571429
FOODS_2_121,2016-05-22,1.58,6,5,2016,1.0,0.0,0.8571428571428571,0.6071428571428571
FOODS_2_122,2016-05-22,4.93,6,5,2016,0.0,0.0,0.0,0.2857142857142857
HOUSEHOLD_2_421,2016-05-22,4.97,6,5,2016,0.0,0.0,0.0,0.0
FOODS_2_123,2016-05-22,2.97,6,5,2016,0.0,2.0,1.5714285714285714,1.0357142857142858
FOODS_2_124,2016-05-22,2.98,6,5,2016,2.0,2.0,0.7142857142857143,0.6428571428571429
FOODS_2_125,2016-05-22,2.67,6,5,2016,0.0,6.0,1.0,0.8928571428571429
FOODS_2_126,2016-05-22,4.88,6,5,2016,2.0,0.0,1.2857142857142858,0.42857142857142855
HOUSEHOLD_2_420,2016-05-22,5.64,6,5,2016,1.0,0.0,0.14285714285714285,0.21428571428571427
FOODS_2_127,2016-05-22,7.47,6,5,2016,1.0,0.0,0.2857142857142857,0.4642857142857143
FOODS_2_128,2016-05-22,0.94,6,5,2016,13.0,9.0,10.142857142857142,9.5
FOODS_2_129,2016-05-22,9.54,6,5,2016,0.0,1.0,0.14285714285714285,0.03571428571428571
FOODS_2_130,2016-05-22,1.58,6,5,2016,1.0,4.0,2.2857142857142856,1.75
HOUSEHOLD_2_419,2016-05-22,4.97,6,5,2016,0.0,0.0,0.14285714285714285,0.2857142857142857
FOODS_2_131,2016-05-22,5.98,6,5,2016,2.0,0.0,1.7142857142857142,2.142857142857143
HOUSEHOLD_2_418,2016-05-22,2.78,6,5,2016,0.0,0.0,0.5714285714285714,0.42857142857142855
FOODS_2_132,2016-05-22,2.5,6,5,2016,0.0,2.0,0.7142857142857143,0.75
HOUSEHOLD_2_417,2016-05-22,3.97,6,5,2016,0.0,0.0,0.14285714285714285,0.14285714285714285
FOODS_2_133,2016-05-22,2.5,6,5,2016,2.0,4.0,1.0,1.0357142857142858
FOODS_2_134,2016-05-22,2.98,6,5,2016,2.0,0.0,1.7142857142857142,1.2142857142857142
FOODS_2_135,2016-05-22,2.48,6,5,2016,0.0,1.0,0.2857142857142857,1.0714285714285714
FOODS_2_136,2016-05-22,2.87,6,5,2016,0.0,0.0,1.0,0.6071428571428571
HOUSEHOLD_2_416,2016-05-22,3.24,6,5,2016,0.0,0.0,0.2857142857142857,0.5714285714285714
FOODS_2_137,2016-05-22,2.5,6,5,2016,3.0,0.0,1.7142857142857142,0.6785714285714286
FOODS_2_138,2016-05-22,1.84,6,5,2016,6.0,4.0,2.4285714285714284,2.142857142857143
FOODS_2_139,2016-05-22,2.98,6,5,2016,0.0,0.0,1.2857142857142858,2.0
FOODS_2_118,2016-05-22,3.28,6,5,2016,0.0,0.0,0.14285714285714285,0.39285714285714285
HOUSEHOLD_2_422,2016-05-22,4.97,6,5,2016,0.0,0.0,0.2857142857142857,0.25
FOODS_2_117,2016-05-22,5.97,6,5,2016,0.0,1.0,0.8571428571428571,1.0714285714285714
FOODS_2_116,2016-05-22,2.0,6,5,2016,3.0,2.0,1.4285714285714286,0.9642857142857143
FOODS_2_092,2016-05-22,3.74,6,5,2016,0.0,1.0,0.42857142857142855,0.35714285714285715
FOODS_2_093,2016-05-22,2.5,6,5,2016,3.0,6.0,1.4285714285714286,0.7142857142857143
FOODS_2_094,2016-05-22,1.28,6,5,2016,0.0,0.0,0.0,0.2857142857142857
FOODS_2_095,2016-05-22,4.42,6,5,2016,3.0,2.0,1.0,0.9642857142857143
HOUSEHOLD_2_427,2016-05-22,3.48,6,5,2016,0.0,1.0,0.7142857142857143,0.42857142857142855
FOODS_2_096,2016-05-22,7.98,6,5,2016,0.0,0.0,0.0,0.2857142857142857
FOODS_2_097,2016-05-22,6.98,6,5,2016,0.0,0.0,0.14285714285714285,0.5
FOODS_2_099,2016-05-22,2.0,6,5,2016,4.0,2.0,1.2857142857142858,0.7857142857142857
FOODS_2_100,2016-05-22,2.5,6,5,2016,3.0,1.0,1.2857142857142858,1.4642857142857142
HOUSEHOLD_2_426,2016-05-22,4.37,6,5,2016,1.0,2.0,0.42857142857142855,0.7142857142857143
FOODS_2_101,2016-05-22,5.98,6,5,2016,2.0,0.0,2.5714285714285716,2.392857142857143
FOODS_2_102,2016-05-22,10.97,6,5,2016,2.0,5.0,1.4285714285714286,1.1428571428571428
FOODS_2_103,2016-05-22,6.98,6,5,2016,1.0,0.0,0.5714285714285714,0.6071428571428571
FOODS_2_140,2016-05-22,9.98,6,5,2016,0.0,1.0,0.7142857142857143,1.25
FOODS_2_104,2016-05-22,7.48,6,5,2016,0.0,2.0,0.7142857142857143,0.6785714285714286
FOODS_2_105,2016-05-22,3.44,6,5,2016,0.0,1.0,0.7142857142857143,0.8928571428571429
FOODS_2_106,2016-05-22,5.44,6,5,2016,1.0,1.0,0.2857142857142857,0.35714285714285715
FOODS_2_107,2016-05-22,2.0,6,5,2016,0.0,1.0,0.5714285714285714,1.3928571428571428
FOODS_2_108,2016-05-22,3.44,6,5,2016,0.0,2.0,0.8571428571428571,0.6071428571428571
HOUSEHOLD_2_424,2016-05-22,2.88,6,5,2016,0.0,1.0,0.42857142857142855,0.39285714285714285
FOODS_2_109,2016-05-22,2.98,6,5,2016,2.0,0.0,1.4285714285714286,1.7142857142857142
FOODS_2_110,2016-05-22,2.38,6,5,2016,0.0,2.0,0.7142857142857143,0.4642857142857143
FOODS_2_111,2016-05-22,5.97,6,5,2016,0.0,0.0,0.14285714285714285,0.17857142857142858
FOODS_2_112,2016-05-22,3.42,6,5,2016,2.0,6.0,1.8571428571428572,1.7142857142857142
HOUSEHOLD_2_423,2016-05-22,3.87,6,5,2016,0.0,2.0,1.7142857142857142,0.7142857142857143
FOODS_2_113,2016-05-22,2.5,6,5,2016,0.0,2.0,0.8571428571428571,1.0714285714285714
FOODS_2_114,2016-05-22,2.5,6,5,2016,0.0,0.0,0.2857142857142857,0.21428571428571427
FOODS_2_115,2016-05-22,8.74,6,5,2016,1.0,2.0,1.4285714285714286,1.75
HOUSEHOLD_2_425,2016-05-22,8.44,6,5,2016,2.0,0.0,0.5714285714285714,0.35714285714285715
HOUSEHOLD_2_415,2016-05-22,2.46,6,5,2016,0.0,1.0,0.14285714285714285,0.03571428571428571
FOODS_2_141,2016-05-22,6.98,6,5,2016,0.0,1.0,0.42857142857142855,0.8928571428571429
FOODS_2_142,2016-05-22,3.98,6,5,2016,0.0,1.0,1.1428571428571428,1.1428571428571428
FOODS_2_168,2016-05-22,3.98,6,5,2016,0.0,0.0,0.0,0.25
HOUSEHOLD_2_407,2016-05-22,4.94,6,5,2016,0.0,0.0,0.2857142857142857,0.32142857142857145
FOODS_2_169,2016-05-22,6.24,6,5,2016,1.0,1.0,0.7142857142857143,0.5714285714285714
FOODS_2_170,2016-05-22,3.28,6,5,2016,2.0,0.0,2.2857142857142856,1.6785714285714286
FOODS_2_171,2016-05-22,2.97,6,5,2016,0.0,0.0,0.5714285714285714,0.8571428571428571
FOODS_2_172,2016-05-22,2.5,6,5,2016,1.0,1.0,1.0,1.2857142857142858
HOUSEHOLD_2_406,2016-05-22,12.46,6,5,2016,1.0,1.0,0.42857142857142855,0.14285714285714285
FOODS_2_173,2016-05-22,8.98,6,5,2016,0.0,0.0,1.1428571428571428,1.2857142857142858
FOODS_2_174,2016-05-22,2.98,6,5,2016,5.0,0.0,0.8571428571428571,1.1428571428571428
FOODS_2_175,2016-05-22,2.48,6,5,2016,0.0,0.0,1.1428571428571428,2.2142857142857144
FOODS_2_176,2016-05-22,2.98,6,5,2016,2.0,6.0,1.7142857142857142,1.1071428571428572
HOUSEHOLD_2_405,2016-05-22,5.64,6,5,2016,0.0,0.0,0.5714285714285714,0.7142857142857143
FOODS_2_177,2016-05-22,3.33,6,5,2016,4.0,0.0,1.0,0.8928571428571429
FOODS_2_167,2016-05-22,2.5,6,5,2016,0.0,0.0,0.42857142857142855,0.42857142857142855
FOODS_2_178,2016-05-22,2.5,6,5,2016,2.0,0.0,1.1428571428571428,0.75
FOODS_2_180,2016-05-22,2.48,6,5,2016,0.0,0.0,0.0,0.42857142857142855
HOUSEHOLD_2_404,2016-05-22,2.97,6,5,2016,0.0,0.0,0.14285714285714285,0.35714285714285715
FOODS_2_181,2016-05-22,2.0,6,5,2016,6.0,5.0,3.7142857142857144,5.0
HOUSEHOLD_2_403,2016-05-22,5.44,6,5,2016,2.0,1.0,0.8571428571428571,0.75
FOODS_1_011,2016-05-22,2.68,6,5,2016,2.0,0.0,0.5714285714285714,0.6071428571428571
FOODS_2_182,2016-05-22,2.0,6,5,2016,2.0,7.0,2.0,1.7142857142857142
FOODS_2_183,2016-05-22,8.98,6,5,2016,8.0,4.0,3.4285714285714284,2.7857142857142856
FOODS_2_184,2016-05-22,4.93,6,5,2016,1.0,2.0,1.4285714285714286,1.1071428571428572
FOODS_2_185,2016-05-22,2.0,6,5,2016,1.0,3.0,1.0,0.8928571428571429
HOUSEHOLD_2_402,2016-05-22,8.97,6,5,2016,0.0,1.0,0.5714285714285714,0.75
FOODS_2_186,2016-05-22,4.98,6,5,2016,1.0,0.0,0.7142857142857143,0.8928571428571429
HOUSEHOLD_2_401,2016-05-22,3.33,6,5,2016,1.0,6.0,1.5714285714285714,1.1785714285714286
FOODS_2_187,2016-05-22,5.0,6,5,2016,0.0,0.0,0.2857142857142857,0.35714285714285715
FOODS_2_179,2016-05-22,4.97,6,5,2016,0.0,0.0,0.2857142857142857,0.5
FOODS_2_091,2016-05-22,2.5,6,5,2016,3.0,0.0,1.0,1.1428571428571428
FOODS_2_166,2016-05-22,2.18,6,5,2016,0.0,1.0,0.2857142857142857,0.42857142857142855
HOUSEHOLD_2_408,2016-05-22,8.48,6,5,2016,0.0,0.0,0.2857142857142857,0.25
FOODS_2_143,2016-05-22,4.33,6,5,2016,2.0,0.0,0.42857142857142855,0.42857142857142855
FOODS_2_144,2016-05-22,2.5,6,5,2016,0.0,1.0,1.5714285714285714,1.1785714285714286
HOUSEHOLD_2_414,2016-05-22,5.74,6,5,2016,0.0,0.0,0.2857142857142857,0.2857142857142857
FOODS_2_145,2016-05-22,2.38,6,5,2016,0.0,0.0,1.2857142857142858,1.6428571428571428
FOODS_2_146,2016-05-22,2.0,6,5,2016,0.0,3.0,1.0,1.5
HOUSEHOLD_2_413,2016-05-22,3.68,6,5,2016,0.0,1.0,0.14285714285714285,0.25
FOODS_2_147,2016-05-22,3.76,6,5,2016,0.0,3.0,0.7142857142857143,0.6785714285714286
HOUSEHOLD_2_412,2016-05-22,5.94,6,5,2016,0.0,0.0,0.0,0.0
FOODS_2_148,2016-05-22,2.5,6,5,2016,0.0,0.0,0.0,0.42857142857142855
FOODS_2_149,2016-05-22,6.98,6,5,2016,0.0,3.0,0.5714285714285714,0.9285714285714286
FOODS_2_150,2016-05-22,2.96,6,5,2016,1.0,4.0,2.142857142857143,2.5
FOODS_2_151,2016-05-22,2.0,6,5,2016,1.0,0.0,0.42857142857142855,1.1071428571428572
HOUSEHOLD_2_411,2016-05-22,5.84,6,5,2016,0.0,2.0,1.1428571428571428,0.9285714285714286
FOODS_2_165,2016-05-22,3.78,6,5,2016,0.0,0.0,0.0,0.10714285714285714
FOODS_2_152,2016-05-22,2.42,6,5,2016,1.0,0.0,1.1428571428571428,1.6428571428571428
FOODS_2_154,2016-05-22,13.97,6,5,2016,0.0,0.0,0.14285714285714285,0.17857142857142858
FOODS_2_155,2016-05-22,2.5,6,5,2016,0.0,3.0,0.7142857142857143,0.5
HOUSEHOLD_2_410,2016-05-22,1.38,6,5,2016,0.0,1.0,0.5714285714285714,1.0357142857142858
FOODS_2_156,2016-05-22,1.48,6,5,2016,0.0,0.0,0.5714285714285714,0.8928571428571429
FOODS_2_157,2016-05-22,3.94,6,5,2016,0.0,2.0,0.7142857142857143,0.8928571428571429
FOODS_2_158,2016-05-22,1.28,6,5,2016,0.0,0.0,0.2857142857142857,0.7857142857142857
FOODS_2_159,2016-05-22,3.97,6,5,2016,0.0,1.0,0.2857142857142857,0.25
FOODS_2_160,2016-05-22,2.88,6,5,2016,1.0,0.0,0.8571428571428571,0.35714285714285715
HOUSEHOLD_2_409,2016-05-22,3.93,6,5,2016,0.0,0.0,1.0,1.2142857142857142
FOODS_2_161,2016-05-22,7.47,6,5,2016,0.0,0.0,0.0,0.17857142857142858
FOODS_2_162,2016-05-22,2.97,6,5,2016,1.0,3.0,1.2857142857142858,1.4642857142857142
FOODS_2_163,2016-05-22,2.5,6,5,2016,1.0,0.0,0.42857142857142855,0.32142857142857145
FOODS_2_164,2016-05-22,3.18,6,5,2016,2.0,9.0,2.5714285714285716,2.142857142857143
FOODS_2_153,2016-05-22,2.96,6,5,2016,2.0,7.0,2.7142857142857144,3.8214285714285716
FOODS_1_210,2016-05-22,1.96,6,5,2016,1.0,5.0,2.5714285714285716,2.8214285714285716
HOUSEHOLD_2_428,2016-05-22,7.94,6,5,2016,1.0,1.0,0.2857142857142857,0.07142857142857142
FOODS_2_089,2016-05-22,3.98,6,5,2016,1.0,0.0,0.7142857142857143,0.7857142857142857
FOODS_2_017,2016-05-22,3.76,6,5,2016,0.0,1.0,0.5714285714285714,0.5
FOODS_2_018,2016-05-22,6.98,6,5,2016,0.0,0.0,0.5714285714285714,0.42857142857142855
FOODS_2_019,2016-05-22,3.42,6,5,2016,12.0,24.0,14.857142857142858,14.214285714285714
FOODS_2_020,2016-05-22,2.5,6,5,2016,0.0,2.0,0.8571428571428571,0.6071428571428571
HOUSEHOLD_2_446,2016-05-22,25.97,6,5,2016,0.0,0.0,0.0,0.0
FOODS_2_021,2016-05-22,0.94,6,5,2016,11.0,13.0,7.714285714285714,6.107142857142857
FOODS_2_022,2016-05-22,6.98,6,5,2016,0.0,1.0,0.42857142857142855,0.35714285714285715
FOODS_2_023,2016-05-22,1.28,6,5,2016,4.0,0.0,0.7142857142857143,0.7142857142857143
FOODS_2_024,2016-05-22,2.5,6,5,2016,2.0,3.0,1.7142857142857142,1.4285714285714286
FOODS_2_025,2016-05-22,3.94,6,5,2016,1.0,1.0,0.8571428571428571,0.7857142857142857
HOUSEHOLD_2_445,2016-05-22,5.97,6,5,2016,1.0,1.0,0.42857142857142855,0.25
FOODS_2_026,2016-05-22,2.48,6,5,2016,0.0,1.0,0.5714285714285714,0.6071428571428571
FOODS_2_027,2016-05-22,2.64,6,5,2016,0.0,0.0,0.0,0.32142857142857145
FOODS_2_028,2016-05-22,3.94,6,5,2016,0.0,0.0,0.0,0.35714285714285715
FOODS_2_029,2016-05-22,9.98,6,5,2016,5.0,2.0,5.142857142857143,6.214285714285714
HOUSEHOLD_2_444,2016-05-22,5.97,6,5,2016,0.0,1.0,0.8571428571428571,0.6785714285714286
FOODS_2_030,2016-05-22,4.48,6,5,2016,5.0,2.0,2.0,3.0
FOODS_2_031,2016-05-22,2.18,6,5,2016,1.0,2.0,1.4285714285714286,0.7857142857142857
FOODS_2_032,2016-05-22,2.18,6,5,2016,2.0,4.0,1.2857142857142858,0.42857142857142855
FOODS_2_033,2016-05-22,2.38,6,5,2016,4.0,4.0,3.0,2.9642857142857144
HOUSEHOLD_2_443,2016-05-22,4.66,6,5,2016,0.0,0.0,0.5714285714285714,0.39285714285714285
FOODS_2_034,2016-05-22,2.5,6,5,2016,0.0,0.0,0.5714285714285714,0.9285714285714286
FOODS_2_035,2016-05-22,5.0,6,5,2016,2.0,2.0,0.8571428571428571,1.1428571428571428
FOODS_2_036,2016-05-22,3.74,6,5,2016,1.0,8.0,3.5714285714285716,2.5
FOODS_2_037,2016-05-22,7.98,6,5,2016,0.0,0.0,0.2857142857142857,0.10714285714285714
HOUSEHOLD_2_442,2016-05-22,1.48,6,5,2016,1.0,0.0,0.5714285714285714,1.3928571428571428
FOODS_2_038,2016-05-22,6.08,6,5,2016,0.0,0.0,0.7142857142857143,0.6071428571428571
HOUSEHOLD_2_447,2016-05-22,1.97,6,5,2016,0.0,1.0,0.5714285714285714,0.5714285714285714
FOODS_2_016,2016-05-22,1.25,6,5,2016,2.0,0.0,1.1428571428571428,3.9285714285714284
HOUSEHOLD_2_448,2016-05-22,4.97,6,5,2016,0.0,0.0,0.14285714285714285,0.10714285714285714
FOODS_2_015,2016-05-22,2.5,6,5,2016,4.0,2.0,1.0,1.0
FOODS_1_212,2016-05-22,5.98,6,5,2016,1.0,0.0,0.42857142857142855,0.6071428571428571
FOODS_1_213,2016-05-22,2.24,6,5,2016,0.0,3.0,0.8571428571428571,1.0357142857142858
HOUSEHOLD_2_454,2016-05-22,7.97,6,5,2016,0.0,0.0,0.5714285714285714,0.42857142857142855
FOODS_1_214,2016-05-22,3.14,6,5,2016,2.0,1.0,1.2857142857142858,0.9642857142857143
FOODS_1_215,2016-05-22,1.84,6,5,2016,12.0,0.0,2.857142857142857,2.1785714285714284
HOUSEHOLD_2_453,2016-05-22,6.47,6,5,2016,3.0,2.0,1.2857142857142858,0.8928571428571429
FOODS_1_216,2016-05-22,5.28,6,5,2016,1.0,0.0,0.2857142857142857,0.21428571428571427
FOODS_1_217,2016-05-22,3.54,6,5,2016,0.0,2.0,3.2857142857142856,2.9285714285714284
FOODS_1_218,2016-05-22,0.98,6,5,2016,4.0,6.0,6.285714285714286,9.785714285714286
FOODS_1_219,2016-05-22,2.24,6,5,2016,5.0,4.0,3.2857142857142856,2.9642857142857144
HOUSEHOLD_2_452,2016-05-22,5.94,6,5,2016,1.0,0.0,0.5714285714285714,0.5357142857142857
FOODS_2_001,2016-05-22,2.0,6,5,2016,2.0,2.0,1.5714285714285714,1.0714285714285714
FOODS_2_002,2016-05-22,2.0,6,5,2016,1.0,0.0,0.14285714285714285,0.6428571428571429
FOODS_1_012,2016-05-22,5.64,6,5,2016,3.0,0.0,3.7142857142857144,2.642857142857143
FOODS_2_003,2016-05-22,2.28,6,5,2016,2.0,1.0,1.1428571428571428,0.8571428571428571
FOODS_2_005,2016-05-22,3.94,6,5,2016,1.0,0.0,0.7142857142857143,0.5
HOUSEHOLD_2_451,2016-05-22,3.42,6,5,2016,0.0,0.0,0.2857142857142857,0.5
FOODS_2_006,2016-05-22,10.97,6,5,2016,1.0,0.0,0.42857142857142855,0.42857142857142855
FOODS_2_007,2016-05-22,2.98,6,5,2016,1.0,0.0,0.2857142857142857,0.5357142857142857
HOUSEHOLD_2_450,2016-05-22,10.43,6,5,2016,0.0,0.0,0.42857142857142855,0.4642857142857143
FOODS_2_008,2016-05-22,2.5,6,5,2016,1.0,2.0,1.0,0.9642857142857143
FOODS_2_009,2016-05-22,1.48,6,5,2016,3.0,4.0,1.4285714285714286,0.8571428571428571
FOODS_2_010,2016-05-22,2.5,6,5,2016,0.0,2.0,1.4285714285714286,1.0
FOODS_2_011,2016-05-22,2.5,6,5,2016,0.0,0.0,0.5714285714285714,0.5357142857142857
HOUSEHOLD_2_449,2016-05-22,5.64,6,5,2016,2.0,2.0,0.8571428571428571,1.2142857142857142
FOODS_2_012,2016-05-22,3.34,6,5,2016,1.0,2.0,0.8571428571428571,0.9642857142857143
FOODS_2_013,2016-05-22,2.0,6,5,2016,6.0,0.0,3.2857142857142856,3.892857142857143
FOODS_2_014,2016-05-22,2.96,6,5,2016,8.0,5.0,2.4285714285714284,2.142857142857143
FOODS_2_004,2016-05-22,3.94,6,5,2016,0.0,3.0,1.1428571428571428,1.0
FOODS_2_039,2016-05-22,4.98,6,5,2016,0.0,0.0,0.14285714285714285,0.5357142857142857
FOODS_2_040,2016-05-22,2.5,6,5,2016,1.0,1.0,0.7142857142857143,0.8214285714285714
FOODS_2_041,2016-05-22,3.97,6,5,2016,4.0,0.0,1.1428571428571428,0.8928571428571429
FOODS_2_067,2016-05-22,2.18,6,5,2016,3.0,1.0,1.4285714285714286,0.8571428571428571
FOODS_2_068,2016-05-22,7.98,6,5,2016,1.0,0.0,0.14285714285714285,0.17857142857142858
FOODS_2_069,2016-05-22,8.98,6,5,2016,0.0,2.0,0.42857142857142855,0.5357142857142857
FOODS_2_070,2016-05-22,5.98,6,5,2016,0.0,0.0,0.0,0.0
HOUSEHOLD_2_434,2016-05-22,1.88,6,5,2016,3.0,0.0,1.0,1.25
FOODS_2_071,2016-05-22,4.48,6,5,2016,1.0,0.0,0.5714285714285714,0.42857142857142855
FOODS_2_072,2016-05-22,2.5,6,5,2016,0.0,2.0,0.8571428571428571,0.6428571428571429
FOODS_2_073,2016-05-22,5.98,6,5,2016,0.0,0.0,0.14285714285714285,0.21428571428571427
FOODS_2_074,2016-05-22,2.5,6,5,2016,0.0,3.0,2.7142857142857144,2.75
HOUSEHOLD_2_433,2016-05-22,6.27,6,5,2016,0.0,1.0,0.42857142857142855,0.25
FOODS_2_075,2016-05-22,2.38,6,5,2016,1.0,6.0,3.142857142857143,2.4285714285714284
FOODS_2_076,2016-05-22,10.97,6,5,2016,0.0,0.0,0.42857142857142855,0.6428571428571429
FOODS_2_077,2016-05-22,5.92,6,5,2016,1.0,0.0,0.8571428571428571,1.2142857142857142
HOUSEHOLD_2_435,2016-05-22,5.97,6,5,2016,0.0,0.0,0.0,0.32142857142857145
FOODS_2_078,2016-05-22,9.97,6,5,2016,0.0,0.0,0.0,0.8928571428571429
HOUSEHOLD_2_432,2016-05-22,4.97,6,5,2016,2.0,0.0,0.2857142857142857,0.39285714285714285
FOODS_2_080,2016-05-22,2.18,6,5,2016,0.0,15.0,4.0,1.9642857142857142
HOUSEHOLD_2_431,2016-05-22,9.47,6,5,2016,0.0,1.0,0.2857142857142857,0.25
FOODS_2_081,2016-05-22,2.38,6,5,2016,7.0,7.0,3.4285714285714284,2.7142857142857144
FOODS_2_082,2016-05-22,5.98,6,5,2016,0.0,1.0,1.0,1.9285714285714286
FOODS_2_083,2016-05-22,6.72,6,5,2016,1.0,2.0,0.7142857142857143,0.8571428571428571
FOODS_2_084,2016-05-22,2.97,6,5,2016,2.0,0.0,1.0,0.39285714285714285
HOUSEHOLD_2_430,2016-05-22,3.97,6,5,2016,0.0,0.0,0.0,0.21428571428571427
FOODS_2_085,2016-05-22,3.74,6,5,2016,1.0,1.0,1.1428571428571428,1.1785714285714286
FOODS_2_086,2016-05-22,2.67,6,5,2016,0.0,2.0,0.7142857142857143,1.3214285714285714
HOUSEHOLD_2_429,2016-05-22,5.94,6,5,2016,0.0,0.0,0.14285714285714285,0.07142857142857142
FOODS_2_087,2016-05-22,10.97,6,5,2016,1.0,0.0,0.42857142857142855,0.2857142857142857
FOODS_2_088,2016-05-22,7.47,6,5,2016,2.0,0.0,0.7142857142857143,0.35714285714285715
FOODS_2_079,2016-05-22,3.94,6,5,2016,2.0,1.0,0.7142857142857143,0.8214285714285714
FOODS_2_090,2016-05-22,8.96,6,5,2016,0.0,0.0,0.14285714285714285,0.14285714285714285
FOODS_2_066,2016-05-22,5.98,6,5,2016,0.0,0.0,0.0,0.21428571428571427
FOODS_2_064,2016-05-22,2.28,6,5,2016,0.0,0.0,0.0,0.14285714285714285
FOODS_2_042,2016-05-22,2.18,6,5,2016,0.0,9.0,1.8571428571428572,1.0
HOUSEHOLD_2_441,2016-05-22,4.94,6,5,2016,0.0,0.0,0.14285714285714285,0.17857142857142858
FOODS_2_043,2016-05-22,2.5,6,5,2016,0.0,3.0,1.8571428571428572,1.8214285714285714
FOODS_2_044,2016-05-22,2.5,6,5,2016,3.0,1.0,1.4285714285714286,1.0714285714285714
FOODS_2_045,2016-05-22,6.98,6,5,2016,0.0,1.0,0.7142857142857143,0.75
FOODS_2_046,2016-05-22,3.94,6,5,2016,1.0,0.0,0.42857142857142855,0.2857142857142857
HOUSEHOLD_2_440,2016-05-22,0.97,6,5,2016,0.0,0.0,0.8571428571428571,0.8214285714285714
FOODS_2_047,2016-05-22,2.96,6,5,2016,2.0,5.0,3.0,2.0714285714285716
FOODS_2_048,2016-05-22,7.97,6,5,2016,2.0,1.0,0.7142857142857143,0.25
FOODS_2_049,2016-05-22,2.67,6,5,2016,2.0,2.0,0.5714285714285714,0.7142857142857143
FOODS_2_050,2016-05-22,1.0,6,5,2016,2.0,11.0,2.4285714285714284,2.0
HOUSEHOLD_2_439,2016-05-22,5.84,6,5,2016,3.0,0.0,1.0,0.7142857142857143
FOODS_2_051,2016-05-22,2.5,6,5,2016,7.0,2.0,1.5714285714285714,1.8214285714285714
FOODS_2_065,2016-05-22,1.0,6,5,2016,3.0,1.0,2.0,1.3571428571428572
FOODS_2_052,2016-05-22,13.97,6,5,2016,1.0,4.0,2.142857142857143,2.4285714285714284
FOODS_2_054,2016-05-22,2.97,6,5,2016,2.0,4.0,3.2857142857142856,2.857142857142857
HOUSEHOLD_2_438,2016-05-22,8.87,6,5,2016,0.0,2.0,0.8571428571428571,0.8214285714285714
FOODS_2_055,2016-05-22,2.5,6,5,2016,0.0,0.0,1.8571428571428572,1.4285714285714286
FOODS_2_056,2016-05-22,6.98,6,5,2016,5.0,4.0,2.4285714285714284,1.6428571428571428
FOODS_2_057,2016-05-22,3.98,6,5,2016,1.0,1.0,0.5714285714285714,0.32142857142857145
FOODS_2_058,2016-05-22,4.97,6,5,2016,0.0,0.0,0.14285714285714285,0.10714285714285714
FOODS_2_059,2016-05-22,5.98,6,5,2016,2.0,3.0,2.0,1.6071428571428572
HOUSEHOLD_2_437,2016-05-22,7.97,6,5,2016,2.0,4.0,1.2857142857142858,1.7857142857142858
FOODS_2_060,2016-05-22,7.98,6,5,2016,1.0,4.0,2.4285714285714284,2.6785714285714284
FOODS_2_061,2016-05-22,2.0,6,5,2016,4.0,7.0,3.142857142857143,1.8928571428571428
FOODS_2_062,2016-05-22,5.77,6,5,2016,0.0,1.0,0.42857142857142855,0.5
FOODS_2_063,2016-05-22,2.96,6,5,2016,5.0,1.0,2.2857142857142856,2.0357142857142856
HOUSEHOLD_2_436,2016-05-22,1.97,6,5,2016,0.0,0.0,0.0,0.0
FOODS_2_053,2016-05-22,7.27,6,5,2016,2.0,2.0,1.0,0.7857142857142857
HOBBIES_1_139,2016-05-22,2.74,6,5,2016,1.0,1.0,1.1428571428571428,1.1785714285714286
FOODS_3_179,2016-05-22,4.98,6,5,2016,1.0,2.0,1.5714285714285714,0.7142857142857143
FOODS_3_181,2016-05-22,2.98,6,5,2016,1.0,4.0,1.4285714285714286,2.6785714285714284
FOODS_3_696,2016-05-22,4.54,6,5,2016,0.0,1.0,1.1428571428571428,1.5357142857142858
FOODS_3_697,2016-05-22,3.0,6,5,2016,13.0,22.0,12.428571428571429,12.785714285714286
FOODS_3_698,2016-05-22,1.0,6,5,2016,0.0,0.0,0.8571428571428571,1.0714285714285714
HOUSEHOLD_2_133,2016-05-22,4.97,6,5,2016,0.0,0.0,0.0,0.0
FOODS_3_700,2016-05-22,2.68,6,5,2016,2.0,5.0,1.7142857142857142,1.5357142857142858
FOODS_3_701,2016-05-22,1.98,6,5,2016,1.0,0.0,0.42857142857142855,0.5357142857142857
FOODS_3_702,2016-05-22,3.0,6,5,2016,22.0,22.0,17.857142857142858,16.142857142857142
FOODS_3_703,2016-05-22,1.98,6,5,2016,0.0,0.0,1.0,1.5357142857142858
HOUSEHOLD_2_132,2016-05-22,1.97,6,5,2016,0.0,0.0,0.0,0.10714285714285714
FOODS_3_704,2016-05-22,4.68,6,5,2016,5.0,5.0,4.571428571428571,4.035714285714286
HOUSEHOLD_2_131,2016-05-22,11.97,6,5,2016,0.0,0.0,0.2857142857142857,0.14285714285714285
FOODS_3_705,2016-05-22,3.88,6,5,2016,2.0,0.0,1.4285714285714286,1.3571428571428572
FOODS_3_706,2016-05-22,1.98,6,5,2016,3.0,5.0,4.285714285714286,3.1785714285714284
FOODS_3_707,2016-05-22,1.28,6,5,2016,2.0,2.0,0.5714285714285714,0.9285714285714286
FOODS_3_708,2016-05-22,2.78,6,5,2016,0.0,0.0,0.8571428571428571,0.9285714285714286
HOUSEHOLD_2_130,2016-05-22,7.97,6,5,2016,0.0,1.0,0.5714285714285714,0.25
FOODS_3_709,2016-05-22,2.42,6,5,2016,1.0,0.0,0.14285714285714285,0.8214285714285714
HOUSEHOLD_2_129,2016-05-22,5.73,6,5,2016,0.0,0.0,0.42857142857142855,0.39285714285714285
FOODS_3_710,2016-05-22,2.98,6,5,2016,0.0,2.0,1.0,0.5714285714285714
HOUSEHOLD_2_128,2016-05-22,5.94,6,5,2016,1.0,0.0,0.14285714285714285,0.10714285714285714
FOODS_3_711,2016-05-22,0.25,6,5,2016,9.0,0.0,9.428571428571429,5.285714285714286
FOODS_3_712,2016-05-22,4.22,6,5,2016,1.0,1.0,1.0,0.9285714285714286
FOODS_3_713,2016-05-22,3.48,6,5,2016,0.0,1.0,0.2857142857142857,0.6785714285714286
FOODS_3_714,2016-05-22,1.58,6,5,2016,21.0,34.0,20.428571428571427,19.321428571428573
FOODS_3_715,2016-05-22,3.98,6,5,2016,0.0,3.0,0.8571428571428571,1.1785714285714286
HOUSEHOLD_2_127,2016-05-22,5.73,6,5,2016,5.0,0.0,0.8571428571428571,0.42857142857142855
FOODS_3_716,2016-05-22,1.28,6,5,2016,4.0,4.0,1.8571428571428572,1.8571428571428572
FOODS_3_695,2016-05-22,3.98,6,5,2016,1.0,11.0,5.714285714285714,7.25
FOODS_3_694,2016-05-22,1.68,6,5,2016,18.0,13.0,9.428571428571429,10.964285714285714
HOUSEHOLD_2_134,2016-05-22,5.94,6,5,2016,1.0,0.0,0.2857142857142857,0.21428571428571427
FOODS_3_693,2016-05-22,3.48,6,5,2016,0.0,1.0,0.14285714285714285,0.32142857142857145
FOODS_3_671,2016-05-22,2.28,6,5,2016,0.0,1.0,0.42857142857142855,0.7142857142857143
FOODS_3_672,2016-05-22,2.64,6,5,2016,1.0,2.0,1.7142857142857142,1.1428571428571428
HOUSEHOLD_2_139,2016-05-22,5.84,6,5,2016,2.0,3.0,1.4285714285714286,1.1428571428571428
FOODS_3_673,2016-05-22,5.98,6,5,2016,1.0,4.0,2.0,1.75
FOODS_3_674,2016-05-22,2.98,6,5,2016,1.0,3.0,1.4285714285714286,1.4285714285714286
FOODS_3_675,2016-05-22,1.98,6,5,2016,4.0,1.0,3.2857142857142856,2.892857142857143
FOODS_3_676,2016-05-22,7.48,6,5,2016,3.0,2.0,2.5714285714285716,2.6785714285714284
HOUSEHOLD_2_138,2016-05-22,5.97,6,5,2016,0.0,0.0,0.0,0.14285714285714285
FOODS_3_677,2016-05-22,3.98,6,5,2016,0.0,1.0,0.2857142857142857,0.6428571428571429
FOODS_3_678,2016-05-22,4.98,6,5,2016,0.0,0.0,0.5714285714285714,0.8928571428571429
FOODS_3_679,2016-05-22,3.88,6,5,2016,2.0,1.0,1.1428571428571428,1.0357142857142858
FOODS_3_680,2016-05-22,2.56,6,5,2016,2.0,3.0,1.8571428571428572,1.3214285714285714
FOODS_3_681,2016-05-22,1.0,6,5,2016,17.0,28.0,19.714285714285715,20.464285714285715
FOODS_3_717,2016-05-22,1.98,6,5,2016,1.0,1.0,0.5714285714285714,0.75
HOUSEHOLD_2_137,2016-05-22,2.94,6,5,2016,0.0,0.0,0.14285714285714285,0.32142857142857145
FOODS_3_683,2016-05-22,2.56,6,5,2016,3.0,14.0,5.714285714285714,4.107142857142857
HOUSEHOLD_2_514,2016-05-22,19.54,6,5,2016,0.0,1.0,0.2857142857142857,0.2857142857142857
FOODS_3_684,2016-05-22,1.88,6,5,2016,4.0,3.0,2.142857142857143,2.1785714285714284
FOODS_3_685,2016-05-22,2.5,6,5,2016,2.0,5.0,2.857142857142857,2.0714285714285716
HOUSEHOLD_2_136,2016-05-22,4.87,6,5,2016,0.0,0.0,0.5714285714285714,0.42857142857142855
FOODS_3_686,2016-05-22,3.57,6,5,2016,1.0,0.0,1.0,0.75
FOODS_3_687,2016-05-22,3.0,6,5,2016,0.0,0.0,0.14285714285714285,0.25
FOODS_3_688,2016-05-22,1.88,6,5,2016,5.0,10.0,3.857142857142857,5.714285714285714
FOODS_3_689,2016-05-22,2.98,6,5,2016,5.0,1.0,2.2857142857142856,2.3214285714285716
HOUSEHOLD_2_135,2016-05-22,9.98,6,5,2016,0.0,1.0,0.42857142857142855,0.5714285714285714
FOODS_3_690,2016-05-22,9.98,6,5,2016,0.0,0.0,0.0,0.5714285714285714
FOODS_3_691,2016-05-22,7.48,6,5,2016,0.0,2.0,1.0,0.6071428571428571
FOODS_3_692,2016-05-22,0.8,6,5,2016,7.0,5.0,5.714285714285714,5.071428571428571
FOODS_3_682,2016-05-22,3.56,6,5,2016,15.0,12.0,8.857142857142858,9.5
HOUSEHOLD_2_126,2016-05-22,6.97,6,5,2016,0.0,0.0,0.5714285714285714,0.5357142857142857
FOODS_3_718,2016-05-22,1.48,6,5,2016,3.0,4.0,1.5714285714285714,1.9285714285714286
FOODS_3_719,2016-05-22,2.5,6,5,2016,0.0,1.0,0.7142857142857143,0.6428571428571429
FOODS_3_746,2016-05-22,1.98,6,5,2016,4.0,13.0,5.571428571428571,5.035714285714286
HOUSEHOLD_2_117,2016-05-22,2.46,6,5,2016,0.0,1.0,0.2857142857142857,0.21428571428571427
FOODS_3_747,2016-05-22,1.0,6,5,2016,9.0,10.0,8.142857142857142,6.75
FOODS_3_748,2016-05-22,3.98,6,5,2016,0.0,1.0,1.0,0.8214285714285714
FOODS_3_749,2016-05-22,1.74,6,5,2016,0.0,3.0,1.0,1.5714285714285714
FOODS_3_750,2016-05-22,2.68,6,5,2016,3.0,5.0,3.142857142857143,2.2857142857142856
HOUSEHOLD_2_116,2016-05-22,5.64,6,5,2016,0.0,0.0,0.0,0.21428571428571427
FOODS_3_751,2016-05-22,4.98,6,5,2016,0.0,4.0,2.2857142857142856,2.7142857142857144
FOODS_3_752,2016-05-22,0.25,6,5,2016,2.0,5.0,6.428571428571429,6.357142857142857
FOODS_3_753,2016-05-22,5.44,6,5,2016,2.0,3.0,3.2857142857142856,2.9285714285714284
FOODS_3_754,2016-05-22,5.98,6,5,2016,0.0,1.0,0.7142857142857143,0.6785714285714286
HOUSEHOLD_2_115,2016-05-22,3.87,6,5,2016,2.0,4.0,1.7142857142857142,2.0
FOODS_3_755,2016-05-22,0.94,6,5,2016,8.0,10.0,9.857142857142858,10.321428571428571
FOODS_3_745,2016-05-22,1.98,6,5,2016,0.0,0.0,0.2857142857142857,0.14285714285714285
FOODS_3_756,2016-05-22,2.5,6,5,2016,9.0,6.0,5.285714285714286,5.0
FOODS_3_758,2016-05-22,2.5,6,5,2016,0.0,0.0,0.14285714285714285,0.39285714285714285
HOUSEHOLD_2_114,2016-05-22,5.94,6,5,2016,0.0,0.0,0.0,0.21428571428571427
FOODS_3_759,2016-05-22,2.98,6,5,2016,2.0,0.0,1.1428571428571428,1.1071428571428572
FOODS_3_760,2016-05-22,2.88,6,5,2016,13.0,16.0,10.571428571428571,9.75
HOUSEHOLD_2_113,2016-05-22,1.88,6,5,2016,2.0,2.0,1.4285714285714286,1.3214285714285714
FOODS_3_761,2016-05-22,2.0,6,5,2016,0.0,2.0,0.8571428571428571,0.32142857142857145
FOODS_3_762,2016-05-22,3.27,6,5,2016,4.0,1.0,1.4285714285714286,1.2857142857142858
FOODS_3_763,2016-05-22,3.48,6,5,2016,0.0,0.0,0.0,0.5357142857142857
FOODS_3_764,2016-05-22,2.98,6,5,2016,10.0,26.0,15.714285714285714,9.5
HOUSEHOLD_2_112,2016-05-22,3.97,6,5,2016,0.0,0.0,0.0,0.10714285714285714
FOODS_3_765,2016-05-22,3.0,6,5,2016,3.0,2.0,1.2857142857142858,1.1785714285714286
FOODS_1_005,2016-05-22,3.54,6,5,2016,0.0,11.0,1.5714285714285714,1.5
FOODS_3_766,2016-05-22,2.98,6,5,2016,0.0,1.0,0.8571428571428571,0.8214285714285714
FOODS_3_757,2016-05-22,2.68,6,5,2016,3.0,12.0,7.571428571428571,6.857142857142857
FOODS_3_670,2016-05-22,1.98,6,5,2016,1.0,0.0,0.2857142857142857,0.32142857142857145
FOODS_3_744,2016-05-22,2.28,6,5,2016,3.0,10.0,6.285714285714286,8.642857142857142
FOODS_3_743,2016-05-22,2.98,6,5,2016,1.0,2.0,1.8571428571428572,1.9285714285714286
FOODS_3_720,2016-05-22,4.54,6,5,2016,1.0,0.0,0.5714285714285714,0.7142857142857143
HOUSEHOLD_2_125,2016-05-22,8.88,6,5,2016,1.0,0.0,0.2857142857142857,0.5
FOODS_3_721,2016-05-22,1.98,6,5,2016,2.0,0.0,0.5714285714285714,1.0357142857142858
FOODS_3_722,2016-05-22,2.56,6,5,2016,0.0,1.0,0.2857142857142857,0.17857142857142858
FOODS_3_723,2016-05-22,1.6,6,5,2016,6.0,16.0,10.142857142857142,12.0
FOODS_3_724,2016-05-22,6.48,6,5,2016,0.0,0.0,0.2857142857142857,0.2857142857142857
HOUSEHOLD_2_124,2016-05-22,5.28,6,5,2016,0.0,1.0,0.5714285714285714,0.25
FOODS_3_725,2016-05-22,2.88,6,5,2016,4.0,4.0,3.4285714285714284,3.4642857142857144
FOODS_3_726,2016-05-22,2.56,6,5,2016,5.0,7.0,3.4285714285714284,1.5714285714285714
FOODS_3_727,2016-05-22,3.98,6,5,2016,2.0,4.0,2.857142857142857,2.6785714285714284
FOODS_3_729,2016-05-22,3.98,6,5,2016,1.0,1.0,0.42857142857142855,0.75
FOODS_3_730,2016-05-22,4.98,6,5,2016,2.0,0.0,1.1428571428571428,1.1428571428571428
HOUSEHOLD_2_123,2016-05-22,1.98,6,5,2016,0.0,1.0,0.5714285714285714,0.6071428571428571
HOUSEHOLD_2_118,2016-05-22,3.42,6,5,2016,1.0,0.0,0.7142857142857143,0.6428571428571429
HOUSEHOLD_2_122,2016-05-22,6.96,6,5,2016,0.0,1.0,0.8571428571428571,0.6428571428571429
FOODS_3_732,2016-05-22,1.94,6,5,2016,3.0,7.0,3.2857142857142856,3.0714285714285716
FOODS_3_733,2016-05-22,1.98,6,5,2016,2.0,0.0,0.2857142857142857,0.6785714285714286
FOODS_3_734,2016-05-22,1.78,6,5,2016,0.0,7.0,4.285714285714286,4.0
HOUSEHOLD_2_121,2016-05-22,1.97,6,5,2016,0.0,0.0,0.0,0.0
FOODS_3_735,2016-05-22,2.0,6,5,2016,2.0,1.0,0.7142857142857143,0.5714285714285714
FOODS_3_736,2016-05-22,1.74,6,5,2016,1.0,2.0,0.42857142857142855,0.42857142857142855
FOODS_3_737,2016-05-22,3.48,6,5,2016,0.0,0.0,0.2857142857142857,0.21428571428571427
FOODS_3_738,2016-05-22,1.6,6,5,2016,4.0,0.0,2.5714285714285716,5.142857142857143
HOUSEHOLD_2_120,2016-05-22,7.94,6,5,2016,1.0,0.0,0.5714285714285714,0.5
HOUSEHOLD_2_119,2016-05-22,5.84,6,5,2016,0.0,0.0,0.0,0.8571428571428571
FOODS_3_739,2016-05-22,1.5,6,5,2016,8.0,17.0,10.142857142857142,9.75
FOODS_3_741,2016-05-22,1.35,6,5,2016,16.0,12.0,14.0,16.857142857142858
FOODS_3_742,2016-05-22,1.25,6,5,2016,3.0,2.0,2.4285714285714284,2.8214285714285716
FOODS_3_731,2016-05-22,2.98,6,5,2016,2.0,3.0,2.0,2.0357142857142856
FOODS_3_767,2016-05-22,1.0,6,5,2016,0.0,0.0,0.0,0.0
FOODS_3_669,2016-05-22,0.75,6,5,2016,3.0,10.0,4.142857142857143,2.8214285714285716
FOODS_3_668,2016-05-22,1.68,6,5,2016,12.0,9.0,6.714285714285714,7.142857142857143
FOODS_3_598,2016-05-22,1.98,6,5,2016,1.0,3.0,2.5714285714285716,3.142857142857143
FOODS_3_599,2016-05-22,1.98,6,5,2016,0.0,4.0,2.7142857142857144,2.9642857142857144
FOODS_3_600,2016-05-22,2.56,6,5,2016,0.0,1.0,0.5714285714285714,0.6071428571428571
FOODS_3_601,2016-05-22,1.98,6,5,2016,0.0,0.0,0.14285714285714285,0.17857142857142858
HOUSEHOLD_2_161,2016-05-22,10.97,6,5,2016,0.0,0.0,0.14285714285714285,0.14285714285714285
FOODS_3_602,2016-05-22,2.68,6,5,2016,2.0,0.0,0.8571428571428571,1.3214285714285714
FOODS_3_603,2016-05-22,1.0,6,5,2016,19.0,31.0,24.0,15.821428571428571
FOODS_3_604,2016-05-22,2.56,6,5,2016,3.0,0.0,0.7142857142857143,1.3214285714285714
HOUSEHOLD_2_160,2016-05-22,3.93,6,5,2016,2.0,4.0,1.1428571428571428,1.0357142857142858
FOODS_3_605,2016-05-22,2.68,6,5,2016,0.0,0.0,1.1428571428571428,0.8214285714285714
FOODS_3_606,2016-05-22,2.88,6,5,2016,2.0,5.0,2.5714285714285716,2.1785714285714284
FOODS_3_607,2016-05-22,2.48,6,5,2016,12.0,44.0,18.0,17.321428571428573
FOODS_3_608,2016-05-22,1.74,6,5,2016,2.0,0.0,0.8571428571428571,1.6071428571428572
HOUSEHOLD_2_159,2016-05-22,3.93,6,5,2016,1.0,2.0,0.7142857142857143,0.9642857142857143
FOODS_3_609,2016-05-22,2.98,6,5,2016,5.0,6.0,3.4285714285714284,2.5714285714285716
FOODS_3_610,2016-05-22,1.98,6,5,2016,2.0,0.0,0.5714285714285714,0.5714285714285714
FOODS_3_611,2016-05-22,2.48,6,5,2016,4.0,1.0,1.5714285714285714,1.1428571428571428
FOODS_3_612,2016-05-22,4.54,6,5,2016,0.0,1.0,0.8571428571428571,0.5357142857142857
HOUSEHOLD_2_158,2016-05-22,11.47,6,5,2016,1.0,0.0,0.5714285714285714,0.14285714285714285
FOODS_3_613,2016-05-22,2.88,6,5,2016,4.0,2.0,1.4285714285714286,0.7142857142857143
FOODS_3_614,2016-05-22,1.0,6,5,2016,0.0,0.0,0.0,0.0
FOODS_3_615,2016-05-22,4.68,6,5,2016,5.0,3.0,3.142857142857143,2.4642857142857144
FOODS_3_616,2016-05-22,2.98,6,5,2016,3.0,1.0,1.7142857142857142,0.9285714285714286
HOUSEHOLD_2_157,2016-05-22,5.47,6,5,2016,0.0,0.0,0.42857142857142855,0.14285714285714285
FOODS_3_617,2016-05-22,2.78,6,5,2016,3.0,6.0,2.7142857142857144,2.357142857142857
HOUSEHOLD_2_156,2016-05-22,7.43,6,5,2016,0.0,0.0,0.0,0.21428571428571427
FOODS_3_618,2016-05-22,2.56,6,5,2016,7.0,5.0,5.714285714285714,4.714285714285714
HOUSEHOLD_2_162,2016-05-22,3.97,6,5,2016,2.0,0.0,0.42857142857142855,0.5357142857142857
FOODS_3_597,2016-05-22,2.84,6,5,2016,0.0,0.0,0.2857142857142857,0.14285714285714285
FOODS_3_596,2016-05-22,3.0,6,5,2016,3.0,3.0,2.5714285714285716,2.2857142857142856
FOODS_3_595,2016-05-22,1.98,6,5,2016,2.0,0.0,1.2857142857142858,1.5714285714285714
FOODS_3_574,2016-05-22,5.98,6,5,2016,0.0,0.0,0.0,1.9642857142857142
FOODS_3_575,2016-05-22,6.72,6,5,2016,1.0,0.0,0.7142857142857143,0.9642857142857143
FOODS_3_576,2016-05-22,2.5,6,5,2016,0.0,2.0,0.5714285714285714,1.0357142857142858
HOUSEHOLD_2_169,2016-05-22,5.84,6,5,2016,1.0,0.0,0.2857142857142857,0.25
FOODS_3_577,2016-05-22,3.43,6,5,2016,4.0,3.0,3.0,2.5714285714285716
FOODS_3_578,2016-05-22,3.0,6,5,2016,4.0,11.0,6.428571428571429,6.678571428571429
HOUSEHOLD_2_168,2016-05-22,6.94,6,5,2016,0.0,0.0,0.14285714285714285,0.14285714285714285
FOODS_3_579,2016-05-22,1.98,6,5,2016,0.0,0.0,0.14285714285714285,0.6428571428571429
FOODS_3_580,2016-05-22,0.25,6,5,2016,1.0,8.0,2.7142857142857144,3.5714285714285716
FOODS_3_581,2016-05-22,3.48,6,5,2016,2.0,0.0,1.4285714285714286,1.0714285714285714
FOODS_3_582,2016-05-22,1.98,6,5,2016,0.0,0.0,0.0,0.2857142857142857
HOUSEHOLD_2_167,2016-05-22,2.88,6,5,2016,0.0,0.0,0.0,0.07142857142857142
FOODS_3_583,2016-05-22,1.5,6,5,2016,1.0,3.0,1.0,1.4285714285714286
FOODS_3_619,2016-05-22,2.98,6,5,2016,0.0,2.0,0.42857142857142855,0.35714285714285715
HOUSEHOLD_2_166,2016-05-22,9.47,6,5,2016,0.0,0.0,0.14285714285714285,0.07142857142857142
FOODS_3_585,2016-05-22,3.98,6,5,2016,3.0,2.0,2.142857142857143,1.6428571428571428
FOODS_3_586,2016-05-22,1.68,6,5,2016,48.0,71.0,40.42857142857143,41.642857142857146
FOODS_3_587,2016-05-22,2.48,6,5,2016,39.0,29.0,31.714285714285715,21.892857142857142
HOUSEHOLD_2_165,2016-05-22,5.84,6,5,2016,0.0,1.0,0.42857142857142855,0.25
FOODS_3_588,2016-05-22,3.94,6,5,2016,0.0,1.0,1.2857142857142858,2.4642857142857144
FOODS_3_589,2016-05-22,1.0,6,5,2016,0.0,0.0,0.14285714285714285,0.75
FOODS_3_590,2016-05-22,2.68,6,5,2016,5.0,6.0,3.7142857142857144,2.9642857142857144
HOUSEHOLD_2_164,2016-05-22,8.47,6,5,2016,2.0,0.0,0.8571428571428571,0.5714285714285714
FOODS_3_591,2016-05-22,3.68,6,5,2016,1.0,2.0,1.0,1.1071428571428572
FOODS_3_592,2016-05-22,7.48,6,5,2016,3.0,7.0,4.285714285714286,5.642857142857143
HOUSEHOLD_2_163,2016-05-22,7.98,6,5,2016,0.0,0.0,0.0,0.03571428571428571
FOODS_3_593,2016-05-22,6.98,6,5,2016,1.0,0.0,1.4285714285714286,0.8571428571428571
FOODS_3_594,2016-05-22,1.0,6,5,2016,0.0,0.0,0.0,0.0
FOODS_3_584,2016-05-22,1.0,6,5,2016,0.0,0.0,0.0,0.5357142857142857
FOODS_3_620,2016-05-22,6.98,6,5,2016,0.0,0.0,0.42857142857142855,0.75
FOODS_3_621,2016-05-22,1.5,6,5,2016,7.0,1.0,3.2857142857142856,1.8214285714285714
HOUSEHOLD_2_155,2016-05-22,6.77,6,5,2016,2.0,1.0,1.2857142857142858,0.7142857142857143
FOODS_3_646,2016-05-22,2.68,6,5,2016,6.0,4.0,2.857142857142857,2.1785714285714284
FOODS_3_647,2016-05-22,1.28,6,5,2016,1.0,4.0,1.8571428571428572,1.0
FOODS_3_648,2016-05-22,1.0,6,5,2016,1.0,0.0,1.2857142857142858,0.5714285714285714
HOUSEHOLD_2_146,2016-05-22,6.47,6,5,2016,0.0,0.0,0.0,0.35714285714285715
FOODS_3_649,2016-05-22,6.44,6,5,2016,1.0,0.0,0.2857142857142857,0.6071428571428571
HOUSEHOLD_2_145,2016-05-22,3.97,6,5,2016,0.0,2.0,0.2857142857142857,0.2857142857142857
FOODS_3_650,2016-05-22,2.98,6,5,2016,5.0,1.0,1.0,1.0
FOODS_3_651,2016-05-22,5.22,6,5,2016,1.0,2.0,1.0,1.1071428571428572
FOODS_3_652,2016-05-22,3.98,6,5,2016,5.0,9.0,5.428571428571429,5.678571428571429
FOODS_3_653,2016-05-22,3.64,6,5,2016,1.0,2.0,2.0,2.0714285714285716
HOUSEHOLD_2_144,2016-05-22,4.44,6,5,2016,0.0,0.0,0.0,0.21428571428571427
FOODS_3_654,2016-05-22,1.68,6,5,2016,12.0,14.0,9.0,8.214285714285714
FOODS_3_655,2016-05-22,1.98,6,5,2016,3.0,0.0,1.5714285714285714,2.5357142857142856
FOODS_3_645,2016-05-22,2.56,6,5,2016,2.0,4.0,2.2857142857142856,2.8214285714285716
FOODS_3_656,2016-05-22,3.68,6,5,2016,2.0,1.0,1.2857142857142858,1.4642857142857142
HOUSEHOLD_2_143,2016-05-22,6.46,6,5,2016,0.0,0.0,0.5714285714285714,0.35714285714285715
FOODS_3_658,2016-05-22,2.84,6,5,2016,0.0,0.0,0.42857142857142855,0.7142857142857143
FOODS_3_659,2016-05-22,2.98,6,5,2016,0.0,3.0,0.7142857142857143,1.5714285714285714
FOODS_3_660,2016-05-22,1.68,6,5,2016,0.0,7.0,1.7142857142857142,1.1071428571428572
FOODS_3_661,2016-05-22,3.28,6,5,2016,8.0,6.0,5.0,4.0
HOUSEHOLD_2_142,2016-05-22,1.97,6,5,2016,2.0,0.0,0.5714285714285714,1.0
FOODS_3_662,2016-05-22,2.5,6,5,2016,0.0,2.0,1.0,0.6428571428571429
FOODS_3_663,2016-05-22,1.74,6,5,2016,16.0,0.0,3.4285714285714284,2.0357142857142856
FOODS_3_664,2016-05-22,1.98,6,5,2016,0.0,2.0,0.8571428571428571,0.7857142857142857
FOODS_3_665,2016-05-22,2.98,6,5,2016,1.0,1.0,1.2857142857142858,1.4285714285714286
FOODS_3_666,2016-05-22,2.48,6,5,2016,2.0,1.0,1.2857142857142858,1.1071428571428572
HOUSEHOLD_2_141,2016-05-22,4.98,6,5,2016,0.0,0.0,0.0,0.14285714285714285
FOODS_3_667,2016-05-22,1.98,6,5,2016,0.0,0.0,0.42857142857142855,0.5357142857142857
FOODS_3_657,2016-05-22,3.98,6,5,2016,2.0,2.0,2.0,2.607142857142857
HOUSEHOLD_2_140,2016-05-22,6.97,6,5,2016,1.0,2.0,1.5714285714285714,1.2857142857142858
FOODS_3_644,2016-05-22,1.68,6,5,2016,0.0,0.0,0.0,0.0
FOODS_3_643,2016-05-22,1.74,6,5,2016,2.0,3.0,1.7142857142857142,2.0714285714285716
FOODS_3_622,2016-05-22,2.58,6,5,2016,0.0,0.0,0.42857142857142855,0.8928571428571429
FOODS_3_623,2016-05-22,2.98,6,5,2016,0.0,3.0,1.0,0.5714285714285714
FOODS_3_624,2016-05-22,2.48,6,5,2016,2.0,2.0,1.7142857142857142,1.2857142857142858
FOODS_3_625,2016-05-22,3.0,6,5,2016,0.0,3.0,2.4285714285714284,1.8928571428571428
HOUSEHOLD_2_154,2016-05-22,1.88,6,5,2016,2.0,0.0,0.5714285714285714,0.35714285714285715
FOODS_3_626,2016-05-22,3.98,6,5,2016,0.0,0.0,0.2857142857142857,0.5357142857142857
FOODS_3_627,2016-05-22,2.88,6,5,2016,1.0,1.0,1.1428571428571428,0.6785714285714286
FOODS_3_628,2016-05-22,3.98,6,5,2016,8.0,4.0,3.7142857142857144,4.571428571428571
FOODS_3_629,2016-05-22,4.98,6,5,2016,2.0,0.0,0.2857142857142857,0.6071428571428571
HOUSEHOLD_2_153,2016-05-22,9.94,6,5,2016,0.0,0.0,0.14285714285714285,0.2857142857142857
FOODS_3_630,2016-05-22,2.48,6,5,2016,0.0,0.0,1.0,0.6785714285714286
HOUSEHOLD_2_152,2016-05-22,13.94,6,5,2016,0.0,0.0,0.14285714285714285,0.39285714285714285
FOODS_3_631,2016-05-22,3.78,6,5,2016,3.0,0.0,1.8571428571428572,1.2142857142857142
HOUSEHOLD_2_147,2016-05-22,3.97,6,5,2016,0.0,0.0,0.0,0.0
FOODS_3_632,2016-05-22,3.98,6,5,2016,1.0,12.0,2.7142857142857144,2.25
FOODS_3_634,2016-05-22,3.98,6,5,2016,5.0,7.0,4.0,4.535714285714286
HOUSEHOLD_2_151,2016-05-22,4.44,6,5,2016,0.0,0.0,0.14285714285714285,0.17857142857142858
FOODS_3_635,2016-05-22,1.0,6,5,2016,0.0,0.0,0.0,0.0
HOUSEHOLD_2_150,2016-05-22,6.97,6,5,2016,2.0,0.0,0.5714285714285714,0.5
FOODS_3_636,2016-05-22,3.56,6,5,2016,8.0,0.0,5.428571428571429,5.392857142857143
FOODS_3_637,2016-05-22,2.98,6,5,2016,1.0,1.0,0.42857142857142855,0.39285714285714285
FOODS_3_638,2016-05-22,1.5,6,5,2016,3.0,3.0,2.5714285714285716,2.1785714285714284
HOUSEHOLD_2_149,2016-05-22,3.96,6,5,2016,0.0,1.0,0.2857142857142857,0.14285714285714285
FOODS_3_639,2016-05-22,1.98,6,5,2016,2.0,2.0,1.7142857142857142,1.3928571428571428
FOODS_3_640,2016-05-22,1.5,6,5,2016,2.0,2.0,2.2857142857142856,2.392857142857143
FOODS_3_641,2016-05-22,2.24,6,5,2016,5.0,7.0,3.4285714285714284,2.9285714285714284
HOUSEHOLD_2_148,2016-05-22,5.94,6,5,2016,2.0,1.0,0.42857142857142855,0.39285714285714285
FOODS_3_642,2016-05-22,2.98,6,5,2016,0.0,1.0,0.5714285714285714,1.1785714285714286
FOODS_3_633,2016-05-22,2.88,6,5,2016,1.0,3.0,1.1428571428571428,1.0
FOODS_3_573,2016-05-22,1.0,6,5,2016,26.0,30.0,22.0,20.857142857142858
HOUSEHOLD_2_111,2016-05-22,6.44,6,5,2016,0.0,0.0,0.0,0.07142857142857142
FOODS_3_769,2016-05-22,1.25,6,5,2016,7.0,6.0,4.714285714285714,4.642857142857143
HOUSEHOLD_2_074,2016-05-22,0.96,6,5,2016,3.0,5.0,2.142857142857143,2.4285714285714284
HOBBIES_1_067,2016-05-22,0.57,6,5,2016,1.0,24.0,6.285714285714286,4.464285714285714
HOBBIES_1_068,2016-05-22,7.0,6,5,2016,3.0,1.0,1.1428571428571428,0.9642857142857143
HOBBIES_1_069,2016-05-22,13.23,6,5,2016,1.0,0.0,0.5714285714285714,0.17857142857142858
HOBBIES_1_070,2016-05-22,5.88,6,5,2016,0.0,0.0,0.14285714285714285,0.14285714285714285
HOUSEHOLD_2_073,2016-05-22,20.97,6,5,2016,0.0,2.0,0.42857142857142855,0.25
HOBBIES_1_072,2016-05-22,1.97,6,5,2016,0.0,1.0,1.1428571428571428,1.1071428571428572
HOBBIES_1_073,2016-05-22,5.47,6,5,2016,2.0,2.0,0.5714285714285714,0.25
HOBBIES_1_074,2016-05-22,3.67,6,5,2016,0.0,0.0,1.5714285714285714,1.3214285714285714
HOUSEHOLD_2_072,2016-05-22,2.58,6,5,2016,1.0,0.0,1.0,0.8928571428571429
HOBBIES_1_075,2016-05-22,7.0,6,5,2016,0.0,1.0,0.42857142857142855,0.39285714285714285
HOUSEHOLD_2_071,2016-05-22,5.97,6,5,2016,0.0,1.0,0.2857142857142857,0.32142857142857145
HOBBIES_1_076,2016-05-22,3.43,6,5,2016,0.0,3.0,0.42857142857142855,0.6428571428571429
HOBBIES_1_077,2016-05-22,9.46,6,5,2016,0.0,1.0,0.7142857142857143,0.4642857142857143
HOBBIES_1_078,2016-05-22,12.78,6,5,2016,1.0,0.0,1.5714285714285714,1.1428571428571428
HOBBIES_1_079,2016-05-22,7.88,6,5,2016,3.0,2.0,0.8571428571428571,0.8571428571428571
HOUSEHOLD_2_070,2016-05-22,2.97,6,5,2016,0.0,0.0,0.2857142857142857,0.8214285714285714
HOBBIES_1_080,2016-05-22,0.57,6,5,2016,0.0,1.0,0.7142857142857143,1.8214285714285714
HOBBIES_1_081,2016-05-22,14.72,6,5,2016,1.0,0.0,0.5714285714285714,0.75
HOBBIES_1_082,2016-05-22,3.78,6,5,2016,0.0,1.0,0.14285714285714285,0.21428571428571427
HOBBIES_1_083,2016-05-22,15.92,6,5,2016,1.0,0.0,0.42857142857142855,0.7142857142857143
HOUSEHOLD_2_069,2016-05-22,10.83,6,5,2016,1.0,0.0,0.2857142857142857,0.32142857142857145
HOBBIES_1_084,2016-05-22,3.94,6,5,2016,0.0,2.0,0.8571428571428571,0.8928571428571429
HOBBIES_1_085,2016-05-22,14.72,6,5,2016,1.0,2.0,1.4285714285714286,1.5357142857142858
HOBBIES_1_086,2016-05-22,8.38,6,5,2016,0.0,0.0,0.5714285714285714,0.9285714285714286
HOBBIES_1_087,2016-05-22,12.88,6,5,2016,1.0,1.0,0.42857142857142855,0.39285714285714285
HOUSEHOLD_2_068,2016-05-22,2.88,6,5,2016,0.0,1.0,0.2857142857142857,0.42857142857142855
HOBBIES_1_066,2016-05-22,1.25,6,5,2016,0.0,0.0,0.0,0.14285714285714285
HOBBIES_1_065,2016-05-22,4.88,6,5,2016,0.0,0.0,0.0,0.03571428571428571
HOBBIES_1_064,2016-05-22,12.97,6,5,2016,0.0,0.0,0.0,0.21428571428571427
HOBBIES_1_063,2016-05-22,5.47,6,5,2016,0.0,1.0,0.14285714285714285,0.07142857142857142
HOBBIES_1_041,2016-05-22,4.22,6,5,2016,1.0,1.0,0.5714285714285714,0.2857142857142857
HOBBIES_1_042,2016-05-22,7.83,6,5,2016,0.0,0.0,0.2857142857142857,0.42857142857142855
HOBBIES_1_043,2016-05-22,0.7,6,5,2016,0.0,0.0,0.8571428571428571,1.6428571428571428
HOBBIES_1_044,2016-05-22,1.48,6,5,2016,2.0,1.0,0.5714285714285714,0.7142857142857143
HOUSEHOLD_2_081,2016-05-22,2.57,6,5,2016,0.0,0.0,0.14285714285714285,0.35714285714285715
HOBBIES_1_045,2016-05-22,10.58,6,5,2016,1.0,0.0,0.42857142857142855,0.10714285714285714
HOUSEHOLD_2_080,2016-05-22,8.98,6,5,2016,1.0,0.0,0.2857142857142857,0.14285714285714285
HOBBIES_1_046,2016-05-22,18.72,6,5,2016,2.0,1.0,0.5714285714285714,0.8571428571428571
HOBBIES_1_047,2016-05-22,1.77,6,5,2016,1.0,3.0,1.1428571428571428,1.1785714285714286
HOUSEHOLD_2_079,2016-05-22,4.47,6,5,2016,0.0,0.0,0.2857142857142857,0.21428571428571427
HOBBIES_1_048,2016-05-22,0.48,6,5,2016,20.0,13.0,15.428571428571429,15.964285714285714
HOBBIES_1_049,2016-05-22,7.88,6,5,2016,0.0,0.0,0.2857142857142857,0.32142857142857145
HOBBIES_1_050,2016-05-22,10.98,6,5,2016,1.0,2.0,1.1428571428571428,0.7857142857142857
HOBBIES_1_088,2016-05-22,2.57,6,5,2016,0.0,0.0,0.14285714285714285,0.6071428571428571
HOBBIES_1_051,2016-05-22,5.98,6,5,2016,0.0,0.0,0.0,0.21428571428571427
HOBBIES_1_052,2016-05-22,5.88,6,5,2016,0.0,0.0,0.0,0.10714285714285714
HOBBIES_1_053,2016-05-22,3.97,6,5,2016,0.0,0.0,0.0,0.0
HOBBIES_1_054,2016-05-22,2.97,6,5,2016,0.0,0.0,0.14285714285714285,0.25
HOBBIES_1_055,2016-05-22,8.98,6,5,2016,0.0,4.0,2.5714285714285716,2.6785714285714284
HOBBIES_1_056,2016-05-22,0.94,6,5,2016,0.0,0.0,0.14285714285714285,1.1785714285714286
HOUSEHOLD_2_077,2016-05-22,3.48,6,5,2016,0.0,0.0,0.14285714285714285,0.39285714285714285
HOUSEHOLD_2_076,2016-05-22,8.97,6,5,2016,0.0,0.0,0.5714285714285714,0.4642857142857143
HOBBIES_1_057,2016-05-22,4.88,6,5,2016,3.0,0.0,0.8571428571428571,1.0714285714285714
HOBBIES_1_058,2016-05-22,9.47,6,5,2016,1.0,0.0,0.14285714285714285,0.17857142857142858
HOBBIES_1_060,2016-05-22,29.96,6,5,2016,0.0,1.0,0.14285714285714285,0.5714285714285714
HOBBIES_1_061,2016-05-22,2.83,6,5,2016,1.0,1.0,0.42857142857142855,0.25
HOUSEHOLD_2_075,2016-05-22,1.84,6,5,2016,0.0,1.0,0.7142857142857143,0.7142857142857143
HOBBIES_1_062,2016-05-22,0.97,6,5,2016,1.0,0.0,0.42857142857142855,0.10714285714285714
HOUSEHOLD_2_078,2016-05-22,5.84,6,5,2016,0.0,1.0,0.42857142857142855,0.32142857142857145
HOBBIES_1_089,2016-05-22,7.97,6,5,2016,6.0,3.0,2.4285714285714284,2.0714285714285716
HOBBIES_1_090,2016-05-22,1.08,6,5,2016,8.0,0.0,3.5714285714285716,4.678571428571429
HOBBIES_1_091,2016-05-22,0.7,6,5,2016,0.0,0.0,0.2857142857142857,1.2142857142857142
HOBBIES_1_117,2016-05-22,12.68,6,5,2016,1.0,0.0,0.2857142857142857,0.25
HOUSEHOLD_2_058,2016-05-22,9.97,6,5,2016,0.0,0.0,0.42857142857142855,0.32142857142857145
HOBBIES_1_118,2016-05-22,11.12,6,5,2016,0.0,1.0,0.14285714285714285,0.17857142857142858
HOUSEHOLD_2_057,2016-05-22,4.97,6,5,2016,0.0,0.0,0.2857142857142857,0.42857142857142855
HOUSEHOLD_2_056,2016-05-22,5.97,6,5,2016,0.0,0.0,0.0,0.25
HOBBIES_1_119,2016-05-22,1.77,6,5,2016,2.0,3.0,1.2857142857142858,1.1428571428571428
HOBBIES_1_120,2016-05-22,10.98,6,5,2016,1.0,1.0,0.7142857142857143,0.7142857142857143
HOBBIES_1_121,2016-05-22,1.12,6,5,2016,0.0,1.0,0.2857142857142857,0.6071428571428571
HOBBIES_1_122,2016-05-22,1.77,6,5,2016,0.0,1.0,0.8571428571428571,1.8571428571428572
HOBBIES_1_123,2016-05-22,6.97,6,5,2016,1.0,0.0,0.2857142857142857,0.6428571428571429
HOUSEHOLD_2_055,2016-05-22,8.97,6,5,2016,1.0,1.0,0.7142857142857143,0.5
HOBBIES_1_124,2016-05-22,5.98,6,5,2016,1.0,1.0,1.1428571428571428,1.0357142857142858
HOBBIES_1_125,2016-05-22,11.73,6,5,2016,1.0,0.0,0.2857142857142857,0.5714285714285714
HOBBIES_1_116,2016-05-22,6.47,6,5,2016,0.0,1.0,0.42857142857142855,0.6428571428571429
HOBBIES_1_126,2016-05-22,9.58,6,5,2016,2.0,1.0,1.5714285714285714,1.4285714285714286
HOUSEHOLD_2_054,2016-05-22,4.87,6,5,2016,0.0,0.0,0.0,0.2857142857142857
HOBBIES_1_128,2016-05-22,7.98,6,5,2016,1.0,0.0,0.14285714285714285,0.32142857142857145
HOBBIES_1_129,2016-05-22,4.88,6,5,2016,2.0,1.0,0.7142857142857143,0.9642857142857143
HOBBIES_1_130,2016-05-22,2.73,6,5,2016,1.0,1.0,0.8571428571428571,0.8214285714285714
HOBBIES_1_131,2016-05-22,0.68,6,5,2016,0.0,0.0,1.7142857142857142,1.4285714285714286
HOUSEHOLD_2_053,2016-05-22,1.97,6,5,2016,0.0,0.0,0.0,0.03571428571428571
HOBBIES_1_132,2016-05-22,3.98,6,5,2016,6.0,2.0,2.0,1.9642857142857142
HOBBIES_1_133,2016-05-22,12.44,6,5,2016,2.0,1.0,0.42857142857142855,0.42857142857142855
HOBBIES_1_134,2016-05-22,3.87,6,5,2016,6.0,5.0,5.285714285714286,4.25
HOBBIES_1_135,2016-05-22,20.38,6,5,2016,0.0,0.0,0.14285714285714285,0.32142857142857145
HOUSEHOLD_2_052,2016-05-22,4.97,6,5,2016,0.0,2.0,0.7142857142857143,0.5714285714285714
HOBBIES_1_136,2016-05-22,4.88,6,5,2016,0.0,0.0,0.0,0.07142857142857142
HOBBIES_1_137,2016-05-22,9.83,6,5,2016,2.0,0.0,0.8571428571428571,0.8928571428571429
HOBBIES_1_127,2016-05-22,1.22,6,5,2016,0.0,0.0,0.0,0.6785714285714286
HOUSEHOLD_2_082,2016-05-22,5.92,6,5,2016,1.0,0.0,0.2857142857142857,0.2857142857142857
HOBBIES_1_115,2016-05-22,0.68,6,5,2016,1.0,0.0,0.42857142857142855,1.25
HOBBIES_1_113,2016-05-22,1.47,6,5,2016,1.0,1.0,0.2857142857142857,0.14285714285714285
HOUSEHOLD_2_067,2016-05-22,0.97,6,5,2016,3.0,1.0,0.8571428571428571,0.6071428571428571
HOUSEHOLD_2_066,2016-05-22,6.94,6,5,2016,0.0,0.0,0.14285714285714285,0.32142857142857145
HOUSEHOLD_2_065,2016-05-22,5.47,6,5,2016,0.0,0.0,0.0,0.03571428571428571
HOBBIES_1_092,2016-05-22,2.38,6,5,2016,0.0,0.0,0.0,0.03571428571428571
HOBBIES_1_093,2016-05-22,19.96,6,5,2016,2.0,2.0,0.7142857142857143,0.39285714285714285
HOBBIES_1_094,2016-05-22,12.97,6,5,2016,0.0,0.0,0.2857142857142857,0.42857142857142855
HOUSEHOLD_2_064,2016-05-22,3.87,6,5,2016,1.0,2.0,0.8571428571428571,1.0357142857142858
HOBBIES_1_095,2016-05-22,7.68,6,5,2016,0.0,1.0,0.14285714285714285,0.14285714285714285
HOBBIES_1_097,2016-05-22,4.24,6,5,2016,1.0,0.0,0.42857142857142855,0.6428571428571429
HOBBIES_1_098,2016-05-22,13.98,6,5,2016,0.0,0.0,0.5714285714285714,0.75
HOBBIES_1_099,2016-05-22,13.98,6,5,2016,4.0,2.0,1.5714285714285714,1.4285714285714286
HOBBIES_1_100,2016-05-22,11.28,6,5,2016,3.0,1.0,1.1428571428571428,0.9285714285714286
HOUSEHOLD_2_063,2016-05-22,4.97,6,5,2016,0.0,1.0,0.14285714285714285,0.14285714285714285
HOBBIES_1_114,2016-05-22,5.97,6,5,2016,0.0,0.0,0.14285714285714285,0.17857142857142858
HOBBIES_1_102,2016-05-22,4.98,6,5,2016,0.0,0.0,0.2857142857142857,0.25
HOBBIES_1_104,2016-05-22,23.98,6,5,2016,1.0,0.0,0.42857142857142855,0.21428571428571427
HOBBIES_1_105,2016-05-22,6.68,6,5,2016,0.0,0.0,0.7142857142857143,0.4642857142857143
HOUSEHOLD_2_062,2016-05-22,2.94,6,5,2016,0.0,3.0,0.42857142857142855,0.4642857142857143
HOBBIES_1_106,2016-05-22,2.57,6,5,2016,0.0,0.0,0.14285714285714285,0.2857142857142857
HOBBIES_1_107,2016-05-22,3.97,6,5,2016,0.0,0.0,0.14285714285714285,0.10714285714285714
HOBBIES_1_108,2016-05-22,12.98,6,5,2016,2.0,0.0,1.0,1.0
HOBBIES_1_109,2016-05-22,6.12,6,5,2016,1.0,0.0,0.14285714285714285,0.5714285714285714
HOUSEHOLD_2_061,2016-05-22,2.97,6,5,2016,1.0,0.0,0.2857142857142857,0.4642857142857143
HOBBIES_1_110,2016-05-22,3.67,6,5,2016,0.0,2.0,0.2857142857142857,0.25
HOBBIES_1_111,2016-05-22,2.92,6,5,2016,0.0,0.0,0.2857142857142857,0.39285714285714285
HOUSEHOLD_2_060,2016-05-22,7.96,6,5,2016,0.0,0.0,0.14285714285714285,0.14285714285714285
HOBBIES_1_112,2016-05-22,2.72,6,5,2016,0.0,0.0,0.2857142857142857,0.14285714285714285
HOUSEHOLD_2_059,2016-05-22,3.48,6,5,2016,1.0,1.0,0.8571428571428571,0.5714285714285714
HOBBIES_1_103,2016-05-22,0.7,6,5,2016,0.0,0.0,0.14285714285714285,2.75
FOODS_3_768,2016-05-22,1.98,6,5,2016,2.0,1.0,3.0,3.607142857142857
HOBBIES_1_040,2016-05-22,12.44,6,5,2016,0.0,0.0,0.5714285714285714,0.75
HOBBIES_1_038,2016-05-22,3.22,6,5,2016,1.0,0.0,0.5714285714285714,0.6785714285714286
HOUSEHOLD_2_103,2016-05-22,1.97,6,5,2016,0.0,0.0,0.0,0.03571428571428571
FOODS_3_795,2016-05-22,2.98,6,5,2016,5.0,6.0,3.857142857142857,3.357142857142857
FOODS_3_796,2016-05-22,2.98,6,5,2016,1.0,0.0,0.42857142857142855,0.7857142857142857
HOUSEHOLD_2_102,2016-05-22,2.48,6,5,2016,1.0,2.0,2.142857142857143,1.5357142857142858
FOODS_3_797,2016-05-22,3.98,6,5,2016,2.0,6.0,2.0,2.2857142857142856
HOUSEHOLD_2_101,2016-05-22,4.49,6,5,2016,0.0,0.0,0.0,0.25
FOODS_3_798,2016-05-22,1.98,6,5,2016,0.0,0.0,0.0,0.0
HOUSEHOLD_2_100,2016-05-22,8.64,6,5,2016,0.0,1.0,0.7142857142857143,0.42857142857142855
FOODS_3_799,2016-05-22,2.18,6,5,2016,1.0,0.0,0.2857142857142857,0.21428571428571427
FOODS_3_800,2016-05-22,1.98,6,5,2016,2.0,1.0,1.1428571428571428,1.9642857142857142
FOODS_3_801,2016-05-22,1.0,6,5,2016,2.0,5.0,1.8571428571428572,1.7142857142857142
FOODS_3_802,2016-05-22,1.68,6,5,2016,0.0,0.0,0.2857142857142857,0.39285714285714285
HOUSEHOLD_2_099,2016-05-22,5.94,6,5,2016,0.0,1.0,0.2857142857142857,0.17857142857142858
FOODS_3_803,2016-05-22,1.0,6,5,2016,2.0,8.0,4.285714285714286,4.392857142857143
FOODS_3_804,2016-05-22,1.88,6,5,2016,5.0,20.0,8.571428571428571,4.071428571428571
FOODS_3_805,2016-05-22,1.0,6,5,2016,1.0,3.0,1.1428571428571428,1.3928571428571428
FOODS_3_806,2016-05-22,2.56,6,5,2016,0.0,1.0,0.5714285714285714,0.5357142857142857
FOODS_3_807,2016-05-22,1.98,6,5,2016,6.0,0.0,2.142857142857143,3.0714285714285716
HOUSEHOLD_2_098,2016-05-22,3.47,6,5,2016,0.0,0.0,0.0,0.10714285714285714
FOODS_3_808,2016-05-22,1.0,6,5,2016,0.0,0.0,0.0,0.0
FOODS_3_809,2016-05-22,1.0,6,5,2016,2.0,3.0,1.8571428571428572,2.1785714285714284
FOODS_3_810,2016-05-22,2.56,6,5,2016,3.0,7.0,4.714285714285714,3.9285714285714284
FOODS_3_811,2016-05-22,1.88,6,5,2016,10.0,18.0,9.285714285714286,11.464285714285714
HOUSEHOLD_2_097,2016-05-22,5.48,6,5,2016,1.0,0.0,0.2857142857142857,0.39285714285714285
FOODS_3_812,2016-05-22,2.94,6,5,2016,5.0,2.0,2.2857142857142856,1.7142857142857142
FOODS_3_813,2016-05-22,4.54,6,5,2016,6.0,3.0,2.4285714285714284,2.607142857142857
FOODS_3_814,2016-05-22,1.88,6,5,2016,1.0,3.0,2.5714285714285716,2.1785714285714284
FOODS_3_794,2016-05-22,2.98,6,5,2016,3.0,2.0,0.8571428571428571,1.8571428571428572
FOODS_3_793,2016-05-22,2.98,6,5,2016,3.0,2.0,2.7142857142857144,1.6428571428571428
FOODS_3_792,2016-05-22,1.0,6,5,2016,7.0,3.0,1.7142857142857142,1.1071428571428572
FOODS_3_791,2016-05-22,2.5,6,5,2016,0.0,2.0,0.7142857142857143,0.8928571428571429
FOODS_3_770,2016-05-22,3.98,6,5,2016,1.0,1.0,1.0,1.0714285714285714
FOODS_3_771,2016-05-22,2.56,6,5,2016,3.0,4.0,2.2857142857142856,2.392857142857143
HOUSEHOLD_2_110,2016-05-22,3.17,6,5,2016,1.0,4.0,1.5714285714285714,1.8571428571428572
FOODS_3_772,2016-05-22,5.44,6,5,2016,2.0,13.0,3.7142857142857144,3.607142857142857
HOUSEHOLD_2_109,2016-05-22,3.87,6,5,2016,0.0,1.0,0.7142857142857143,0.6428571428571429
FOODS_3_773,2016-05-22,4.98,6,5,2016,2.0,2.0,0.8571428571428571,0.7857142857142857
HOUSEHOLD_2_108,2016-05-22,8.88,6,5,2016,0.0,0.0,0.0,0.0
FOODS_3_774,2016-05-22,7.48,6,5,2016,0.0,1.0,0.14285714285714285,0.35714285714285715
FOODS_3_775,2016-05-22,3.78,6,5,2016,3.0,1.0,1.1428571428571428,1.2857142857142858
FOODS_3_776,2016-05-22,2.98,6,5,2016,5.0,2.0,1.8571428571428572,1.3571428571428572
FOODS_3_777,2016-05-22,2.98,6,5,2016,2.0,1.0,0.5714285714285714,0.8214285714285714
FOODS_3_778,2016-05-22,2.28,6,5,2016,0.0,2.0,1.2857142857142858,0.9642857142857143
HOUSEHOLD_2_107,2016-05-22,11.97,6,5,2016,0.0,0.0,0.0,0.0
FOODS_3_815,2016-05-22,2.48,6,5,2016,0.0,1.0,0.5714285714285714,0.5
FOODS_3_779,2016-05-22,2.48,6,5,2016,2.0,0.0,0.42857142857142855,0.4642857142857143
FOODS_3_781,2016-05-22,2.48,6,5,2016,2.0,0.0,0.42857142857142855,0.6071428571428571
FOODS_3_782,2016-05-22,2.5,6,5,2016,9.0,4.0,6.571428571428571,4.571428571428571
HOUSEHOLD_2_106,2016-05-22,8.44,6,5,2016,0.0,0.0,0.0,0.10714285714285714
FOODS_3_783,2016-05-22,5.44,6,5,2016,7.0,8.0,6.142857142857143,5.321428571428571
FOODS_3_784,2016-05-22,1.48,6,5,2016,6.0,0.0,2.142857142857143,2.0714285714285716
FOODS_3_785,2016-05-22,3.0,6,5,2016,19.0,36.0,21.571428571428573,21.642857142857142
FOODS_3_786,2016-05-22,1.98,6,5,2016,1.0,3.0,1.7142857142857142,1.9285714285714286
HOUSEHOLD_2_105,2016-05-22,4.94,6,5,2016,0.0,0.0,0.14285714285714285,0.21428571428571427
FOODS_3_787,2016-05-22,2.48,6,5,2016,2.0,8.0,2.857142857142857,2.5
FOODS_3_788,2016-05-22,3.48,6,5,2016,3.0,3.0,1.8571428571428572,1.4285714285714286
FOODS_3_789,2016-05-22,1.5,6,5,2016,2.0,6.0,2.4285714285714284,3.5357142857142856
HOUSEHOLD_2_104,2016-05-22,4.97,6,5,2016,1.0,0.0,0.2857142857142857,0.10714285714285714
FOODS_3_790,2016-05-22,2.48,6,5,2016,2.0,0.0,0.8571428571428571,0.9642857142857143
FOODS_3_780,2016-05-22,2.98,6,5,2016,1.0,7.0,3.5714285714285716,3.7857142857142856
HOUSEHOLD_2_096,2016-05-22,3.47,6,5,2016,1.0,2.0,1.1428571428571428,0.8214285714285714
FOODS_3_816,2016-05-22,0.25,6,5,2016,2.0,7.0,2.7142857142857144,1.75
FOODS_3_817,2016-05-22,2.94,6,5,2016,0.0,1.0,0.14285714285714285,0.7142857142857143
HOBBIES_1_016,2016-05-22,0.7,6,5,2016,12.0,0.0,3.4285714285714284,5.285714285714286
HOBBIES_1_017,2016-05-22,1.98,6,5,2016,2.0,1.0,1.2857142857142858,1.8214285714285714
HOBBIES_1_018,2016-05-22,11.88,6,5,2016,1.0,0.0,0.2857142857142857,0.10714285714285714
HOUSEHOLD_2_088,2016-05-22,6.97,6,5,2016,1.0,1.0,0.5714285714285714,0.5357142857142857
HOBBIES_1_019,2016-05-22,0.48,6,5,2016,14.0,17.0,7.571428571428571,6.964285714285714
HOBBIES_1_020,2016-05-22,12.68,6,5,2016,0.0,0.0,0.0,0.07142857142857142
HOBBIES_1_021,2016-05-22,11.88,6,5,2016,0.0,2.0,1.0,1.2142857142857142
HOBBIES_1_022,2016-05-22,7.18,6,5,2016,0.0,0.0,0.0,0.10714285714285714
HOUSEHOLD_2_087,2016-05-22,7.94,6,5,2016,0.0,0.0,0.0,0.0
HOBBIES_1_023,2016-05-22,2.97,6,5,2016,0.0,1.0,0.8571428571428571,1.3928571428571428
HOBBIES_1_024,2016-05-22,8.56,6,5,2016,2.0,0.0,0.2857142857142857,0.17857142857142858
HOBBIES_1_025,2016-05-22,3.98,6,5,2016,0.0,2.0,0.5714285714285714,0.5714285714285714
HOBBIES_1_026,2016-05-22,17.97,6,5,2016,1.0,0.0,0.2857142857142857,0.14285714285714285
HOBBIES_1_015,2016-05-22,0.7,6,5,2016,5.0,0.0,1.2857142857142858,2.5357142857142856
HOUSEHOLD_2_086,2016-05-22,3.97,6,5,2016,0.0,0.0,0.0,0.07142857142857142
HOBBIES_1_028,2016-05-22,7.98,6,5,2016,0.0,0.0,0.2857142857142857,0.9642857142857143
HOBBIES_1_029,2016-05-22,8.98,6,5,2016,0.0,1.0,1.2857142857142858,1.4642857142857142
HOUSEHOLD_2_085,2016-05-22,7.94,6,5,2016,0.0,0.0,0.14285714285714285,0.07142857142857142
HOBBIES_1_030,2016-05-22,0.7,6,5,2016,17.0,11.0,5.428571428571429,4.928571428571429
HOBBIES_1_031,2016-05-22,10.98,6,5,2016,1.0,0.0,0.14285714285714285,0.14285714285714285
HOUSEHOLD_2_084,2016-05-22,4.27,6,5,2016,0.0,1.0,0.14285714285714285,0.35714285714285715
HOBBIES_1_032,2016-05-22,0.57,6,5,2016,0.0,14.0,4.571428571428571,5.642857142857143
HOBBIES_1_033,2016-05-22,16.86,6,5,2016,2.0,0.0,0.2857142857142857,0.21428571428571427
HOBBIES_1_034,2016-05-22,4.86,6,5,2016,0.0,1.0,0.2857142857142857,0.4642857142857143
HOBBIES_1_035,2016-05-22,2.12,6,5,2016,0.0,0.0,0.0,0.03571428571428571
HOBBIES_1_036,2016-05-22,1.12,6,5,2016,1.0,0.0,1.1428571428571428,0.9642857142857143
HOUSEHOLD_2_083,2016-05-22,9.97,6,5,2016,1.0,0.0,0.5714285714285714,0.4642857142857143
HOBBIES_1_037,2016-05-22,12.44,6,5,2016,0.0,4.0,0.5714285714285714,0.6785714285714286
HOBBIES_1_027,2016-05-22,19.98,6,5,2016,1.0,0.0,0.2857142857142857,0.5
HOBBIES_1_039,2016-05-22,5.88,6,5,2016,0.0,0.0,0.0,0.03571428571428571
HOUSEHOLD_2_089,2016-05-22,3.48,6,5,2016,0.0,0.0,0.0,0.17857142857142858
HOBBIES_1_013,2016-05-22,1.97,6,5,2016,1.0,1.0,0.2857142857142857,0.4642857142857143
FOODS_3_818,2016-05-22,2.98,6,5,2016,1.0,0.0,1.7142857142857142,2.4285714285714284
HOUSEHOLD_2_095,2016-05-22,6.47,6,5,2016,0.0,1.0,0.42857142857142855,0.39285714285714285
FOODS_3_819,2016-05-22,1.98,6,5,2016,2.0,6.0,2.5714285714285716,1.8571428571428572
FOODS_3_820,2016-05-22,1.98,6,5,2016,2.0,3.0,2.2857142857142856,2.0
FOODS_3_821,2016-05-22,4.98,6,5,2016,1.0,3.0,2.0,1.6428571428571428
HOUSEHOLD_2_094,2016-05-22,5.94,6,5,2016,0.0,0.0,0.0,0.07142857142857142
FOODS_3_822,2016-05-22,3.98,6,5,2016,5.0,3.0,2.7142857142857144,2.857142857142857
FOODS_3_823,2016-05-22,2.98,6,5,2016,4.0,3.0,2.4285714285714284,1.5
FOODS_3_824,2016-05-22,2.48,6,5,2016,0.0,0.0,0.8571428571428571,1.0357142857142858
FOODS_3_825,2016-05-22,3.98,6,5,2016,0.0,0.0,1.0,1.1785714285714286
HOUSEHOLD_2_093,2016-05-22,3.24,6,5,2016,1.0,0.0,0.8571428571428571,0.7857142857142857
FOODS_3_826,2016-05-22,1.28,6,5,2016,2.0,2.0,1.7142857142857142,0.9285714285714286
FOODS_3_827,2016-05-22,1.0,6,5,2016,10.0,5.0,4.714285714285714,5.357142857142857
HOBBIES_1_014,2016-05-22,1.16,6,5,2016,1.0,1.0,1.1428571428571428,1.4642857142857142
HOBBIES_1_001,2016-05-22,8.38,6,5,2016,0.0,0.0,0.8571428571428571,1.1785714285714286
HOUSEHOLD_2_092,2016-05-22,5.94,6,5,2016,0.0,0.0,0.14285714285714285,0.21428571428571427
HOBBIES_1_003,2016-05-22,2.97,6,5,2016,0.0,2.0,1.0,0.75
HOBBIES_1_004,2016-05-22,4.64,6,5,2016,2.0,0.0,1.4285714285714286,1.6071428571428572
HOBBIES_1_005,2016-05-22,2.88,6,5,2016,1.0,0.0,0.8571428571428571,1.5357142857142858
HOBBIES_1_006,2016-05-22,0.96,6,5,2016,2.0,0.0,1.1428571428571428,1.0714285714285714
HOUSEHOLD_2_091,2016-05-22,8.97,6,5,2016,0.0,0.0,0.2857142857142857,0.17857142857142858
HOBBIES_1_007,2016-05-22,7.88,6,5,2016,1.0,0.0,0.42857142857142855,0.32142857142857145
HOBBIES_1_008,2016-05-22,0.48,6,5,2016,40.0,6.0,10.142857142857142,9.857142857142858
HOBBIES_1_009,2016-05-22,1.77,6,5,2016,1.0,0.0,0.14285714285714285,0.6428571428571429
HOUSEHOLD_2_090,2016-05-22,5.97,6,5,2016,0.0,0.0,0.0,0.25
HOBBIES_1_010,2016-05-22,2.97,6,5,2016,0.0,1.0,0.7142857142857143,0.5714285714285714
HOBBIES_1_011,2016-05-22,3.48,6,5,2016,0.0,0.0,0.0,0.03571428571428571
HOBBIES_1_012,2016-05-22,6.52,6,5,2016,1.0,0.0,0.42857142857142855,0.25
HOBBIES_1_002,2016-05-22,3.97,6,5,2016,0.0,2.0,0.5714285714285714,0.25
FOODS_3_180,2016-05-22,2.98,6,5,2016,0.0,1.0,0.2857142857142857,0.4642857142857143
FOODS_3_572,2016-05-22,2.5,6,5,2016,10.0,23.0,9.0,8.0
FOODS_3_571,2016-05-22,9.44,6,5,2016,0.0,0.0,0.7142857142857143,0.8214285714285714
FOODS_3_304,2016-05-22,4.48,6,5,2016,3.0,4.0,2.5714285714285716,2.25
FOODS_3_305,2016-05-22,4.68,6,5,2016,2.0,4.0,1.4285714285714286,2.607142857142857
FOODS_3_306,2016-05-22,1.58,6,5,2016,4.0,2.0,4.0,3.357142857142857
FOODS_3_307,2016-05-22,3.98,6,5,2016,7.0,4.0,3.857142857142857,4.892857142857143
FOODS_3_308,2016-05-22,4.98,6,5,2016,2.0,0.0,0.5714285714285714,1.0
HOUSEHOLD_2_246,2016-05-22,7.87,6,5,2016,0.0,1.0,0.14285714285714285,0.25
FOODS_3_309,2016-05-22,1.98,6,5,2016,0.0,0.0,0.14285714285714285,0.6785714285714286
FOODS_3_310,2016-05-22,1.0,6,5,2016,2.0,3.0,1.8571428571428572,1.6428571428571428
FOODS_3_311,2016-05-22,2.98,6,5,2016,0.0,2.0,1.5714285714285714,1.8571428571428572
FOODS_3_312,2016-05-22,2.88,6,5,2016,1.0,1.0,1.2857142857142858,1.4285714285714286
HOUSEHOLD_2_245,2016-05-22,1.97,6,5,2016,0.0,0.0,0.0,0.03571428571428571
FOODS_3_313,2016-05-22,1.97,6,5,2016,6.0,6.0,5.571428571428571,5.035714285714286
FOODS_3_314,2016-05-22,2.48,6,5,2016,1.0,4.0,1.8571428571428572,1.6428571428571428
HOUSEHOLD_2_244,2016-05-22,3.97,6,5,2016,1.0,0.0,0.2857142857142857,0.42857142857142855
FOODS_3_315,2016-05-22,1.74,6,5,2016,1.0,2.0,1.0,1.0714285714285714
FOODS_3_316,2016-05-22,2.56,6,5,2016,1.0,4.0,2.2857142857142856,1.6428571428571428
FOODS_3_317,2016-05-22,0.94,6,5,2016,1.0,14.0,5.428571428571429,6.785714285714286
FOODS_3_318,2016-05-22,1.48,6,5,2016,9.0,14.0,11.142857142857142,12.0
HOUSEHOLD_2_243,2016-05-22,2.97,6,5,2016,1.0,0.0,0.14285714285714285,0.17857142857142858
FOODS_3_319,2016-05-22,1.0,6,5,2016,0.0,0.0,0.0,0.0
FOODS_3_320,2016-05-22,1.98,6,5,2016,0.0,0.0,1.7142857142857142,1.3928571428571428
FOODS_3_321,2016-05-22,1.48,6,5,2016,2.0,4.0,5.571428571428571,5.285714285714286
FOODS_3_322,2016-05-22,2.56,6,5,2016,4.0,5.0,1.5714285714285714,2.392857142857143
FOODS_3_323,2016-05-22,2.48,6,5,2016,2.0,1.0,0.7142857142857143,0.39285714285714285
HOUSEHOLD_2_242,2016-05-22,12.97,6,5,2016,0.0,0.0,0.0,0.14285714285714285
FOODS_3_324,2016-05-22,3.0,6,5,2016,16.0,14.0,16.285714285714285,13.964285714285714
FOODS_3_325,2016-05-22,2.56,6,5,2016,4.0,2.0,1.5714285714285714,1.8214285714285714
HOUSEHOLD_2_247,2016-05-22,3.97,6,5,2016,0.0,2.0,0.2857142857142857,0.2857142857142857
HOUSEHOLD_2_248,2016-05-22,8.97,6,5,2016,2.0,3.0,2.0,1.6071428571428572
FOODS_3_303,2016-05-22,2.98,6,5,2016,0.0,0.0,0.7142857142857143,0.5357142857142857
FOODS_3_302,2016-05-22,1.5,6,5,2016,5.0,2.0,4.285714285714286,5.678571428571429
HOUSEHOLD_2_254,2016-05-22,4.44,6,5,2016,0.0,0.0,0.0,0.10714285714285714
FOODS_3_280,2016-05-22,4.28,6,5,2016,1.0,3.0,0.8571428571428571,0.2857142857142857
FOODS_3_281,2016-05-22,1.25,6,5,2016,13.0,21.0,12.142857142857142,10.75
FOODS_3_282,2016-05-22,2.56,6,5,2016,17.0,5.0,13.571428571428571,21.75
FOODS_3_283,2016-05-22,2.98,6,5,2016,1.0,3.0,1.4285714285714286,1.6428571428571428
HOUSEHOLD_2_253,2016-05-22,5.97,6,5,2016,0.0,0.0,0.14285714285714285,0.07142857142857142
FOODS_3_284,2016-05-22,1.98,6,5,2016,1.0,0.0,0.42857142857142855,0.39285714285714285
FOODS_3_285,2016-05-22,1.25,6,5,2016,4.0,5.0,4.142857142857143,3.5357142857142856
FOODS_3_286,2016-05-22,3.98,6,5,2016,2.0,1.0,0.8571428571428571,0.8214285714285714
FOODS_3_287,2016-05-22,7.48,6,5,2016,0.0,0.0,0.0,0.35714285714285715
HOUSEHOLD_2_252,2016-05-22,6.97,6,5,2016,2.0,0.0,0.42857142857142855,0.35714285714285715
FOODS_3_288,2016-05-22,1.5,6,5,2016,21.0,16.0,11.428571428571429,13.142857142857142
FOODS_3_289,2016-05-22,2.98,6,5,2016,3.0,1.0,1.4285714285714286,1.3214285714285714
FOODS_3_326,2016-05-22,1.48,6,5,2016,1.0,1.0,2.4285714285714284,2.0714285714285716
FOODS_3_290,2016-05-22,1.0,6,5,2016,1.0,2.0,0.42857142857142855,0.42857142857142855
HOUSEHOLD_2_251,2016-05-22,3.97,6,5,2016,0.0,0.0,0.0,0.17857142857142858
FOODS_3_292,2016-05-22,3.56,6,5,2016,8.0,11.0,5.142857142857143,5.5
FOODS_3_293,2016-05-22,1.98,6,5,2016,2.0,0.0,0.5714285714285714,0.5
FOODS_3_294,2016-05-22,2.48,6,5,2016,9.0,0.0,1.7142857142857142,0.6428571428571429
HOUSEHOLD_2_250,2016-05-22,6.96,6,5,2016,0.0,1.0,0.42857142857142855,0.2857142857142857
FOODS_3_295,2016-05-22,0.8,6,5,2016,17.0,40.0,26.428571428571427,21.285714285714285
FOODS_3_296,2016-05-22,2.0,6,5,2016,3.0,0.0,1.5714285714285714,0.5
FOODS_3_297,2016-05-22,2.88,6,5,2016,0.0,1.0,1.0,1.0714285714285714
FOODS_3_298,2016-05-22,18.73,6,5,2016,1.0,2.0,0.7142857142857143,0.8928571428571429
FOODS_3_299,2016-05-22,1.5,6,5,2016,4.0,8.0,4.142857142857143,3.7857142857142856
HOUSEHOLD_2_249,2016-05-22,8.64,6,5,2016,0.0,0.0,0.14285714285714285,0.2857142857142857
FOODS_3_300,2016-05-22,3.98,6,5,2016,5.0,2.0,3.0,3.5
FOODS_3_301,2016-05-22,1.98,6,5,2016,2.0,0.0,1.5714285714285714,1.0357142857142858
FOODS_3_291,2016-05-22,2.78,6,5,2016,4.0,9.0,5.0,3.607142857142857
FOODS_3_327,2016-05-22,3.28,6,5,2016,1.0,3.0,1.7142857142857142,2.892857142857143
HOUSEHOLD_2_241,2016-05-22,4.94,6,5,2016,0.0,3.0,0.42857142857142855,0.6071428571428571
FOODS_3_328,2016-05-22,3.88,6,5,2016,0.0,1.0,0.42857142857142855,0.5
FOODS_3_354,2016-05-22,2.98,6,5,2016,0.0,0.0,0.0,0.4642857142857143
FOODS_3_355,2016-05-22,0.94,6,5,2016,5.0,3.0,2.0,3.2857142857142856
FOODS_3_356,2016-05-22,3.0,6,5,2016,0.0,3.0,2.2857142857142856,1.7142857142857142
HOUSEHOLD_2_234,2016-05-22,5.73,6,5,2016,0.0,0.0,0.0,0.25
FOODS_3_357,2016-05-22,3.64,6,5,2016,0.0,1.0,0.8571428571428571,0.8214285714285714
FOODS_3_358,2016-05-22,2.88,6,5,2016,1.0,0.0,0.42857142857142855,0.5357142857142857
FOODS_3_359,2016-05-22,2.78,6,5,2016,0.0,0.0,0.5714285714285714,0.35714285714285715
FOODS_3_360,2016-05-22,2.24,6,5,2016,0.0,0.0,0.2857142857142857,0.21428571428571427
HOUSEHOLD_2_233,2016-05-22,12.47,6,5,2016,0.0,0.0,0.0,0.10714285714285714
FOODS_3_361,2016-05-22,1.98,6,5,2016,5.0,0.0,1.0,1.0357142857142858
FOODS_3_362,2016-05-22,2.56,6,5,2016,36.0,18.0,16.428571428571427,6.642857142857143
FOODS_3_363,2016-05-22,2.77,6,5,2016,13.0,10.0,15.0,7.464285714285714
FOODS_3_364,2016-05-22,2.78,6,5,2016,0.0,3.0,0.5714285714285714,0.35714285714285715
FOODS_3_353,2016-05-22,8.98,6,5,2016,0.0,2.0,0.5714285714285714,0.35714285714285715
HOUSEHOLD_2_232,2016-05-22,4.78,6,5,2016,1.0,0.0,0.2857142857142857,0.5714285714285714
FOODS_3_366,2016-05-22,1.74,6,5,2016,0.0,4.0,0.5714285714285714,0.8214285714285714
FOODS_3_367,2016-05-22,2.68,6,5,2016,0.0,1.0,0.8571428571428571,1.6428571428571428
FOODS_3_368,2016-05-22,5.98,6,5,2016,0.0,0.0,0.0,0.8214285714285714
HOUSEHOLD_2_231,2016-05-22,3.96,6,5,2016,3.0,0.0,1.0,0.75
FOODS_3_369,2016-05-22,3.98,6,5,2016,1.0,1.0,1.0,1.5714285714285714
FOODS_3_370,2016-05-22,6.98,6,5,2016,0.0,0.0,0.0,0.0
FOODS_3_371,2016-05-22,2.5,6,5,2016,0.0,0.0,0.14285714285714285,0.42857142857142855
FOODS_3_372,2016-05-22,3.28,6,5,2016,7.0,3.0,4.142857142857143,4.107142857142857
HOUSEHOLD_2_230,2016-05-22,2.46,6,5,2016,0.0,0.0,0.0,0.03571428571428571
FOODS_3_373,2016-05-22,1.74,6,5,2016,0.0,2.0,0.8571428571428571,1.25
FOODS_3_374,2016-05-22,2.56,6,5,2016,1.0,6.0,1.7142857142857142,0.9285714285714286
HOUSEHOLD_2_229,2016-05-22,4.78,6,5,2016,0.0,0.0,0.2857142857142857,0.5
FOODS_3_375,2016-05-22,1.74,6,5,2016,0.0,0.0,0.0,0.0
FOODS_3_365,2016-05-22,5.24,6,5,2016,0.0,1.0,0.5714285714285714,0.7857142857142857
FOODS_3_279,2016-05-22,2.98,6,5,2016,2.0,1.0,1.4285714285714286,1.4642857142857142
FOODS_3_352,2016-05-22,3.64,6,5,2016,1.0,2.0,1.4285714285714286,1.0
FOODS_3_351,2016-05-22,0.94,6,5,2016,13.0,16.0,9.857142857142858,8.928571428571429
FOODS_3_329,2016-05-22,2.98,6,5,2016,26.0,38.0,22.571428571428573,16.785714285714285
FOODS_3_330,2016-05-22,3.98,6,5,2016,4.0,8.0,4.571428571428571,5.035714285714286
FOODS_3_331,2016-05-22,1.58,6,5,2016,5.0,3.0,2.7142857142857144,1.2857142857142858
HOUSEHOLD_2_240,2016-05-22,4.97,6,5,2016,1.0,0.0,0.14285714285714285,0.21428571428571427
FOODS_3_332,2016-05-22,1.98,6,5,2016,3.0,0.0,0.42857142857142855,0.8928571428571429
FOODS_3_333,2016-05-22,1.98,6,5,2016,2.0,2.0,1.0,1.6071428571428572
FOODS_3_334,2016-05-22,2.98,6,5,2016,2.0,2.0,2.0,2.6785714285714284
FOODS_3_335,2016-05-22,2.48,6,5,2016,0.0,3.0,2.0,2.0714285714285716
HOUSEHOLD_2_239,2016-05-22,1.24,6,5,2016,3.0,2.0,1.5714285714285714,2.392857142857143
FOODS_3_336,2016-05-22,2.48,6,5,2016,2.0,7.0,1.5714285714285714,1.75
FOODS_3_337,2016-05-22,3.98,6,5,2016,2.0,0.0,0.5714285714285714,0.5714285714285714
FOODS_3_338,2016-05-22,3.68,6,5,2016,0.0,2.0,0.8571428571428571,0.5714285714285714
FOODS_3_339,2016-05-22,0.8,6,5,2016,8.0,5.0,6.285714285714286,5.571428571428571
HOUSEHOLD_2_235,2016-05-22,7.47,6,5,2016,0.0,1.0,0.14285714285714285,0.10714285714285714
FOODS_3_340,2016-05-22,3.32,6,5,2016,1.0,0.0,0.7142857142857143,0.5714285714285714
FOODS_3_341,2016-05-22,3.98,6,5,2016,0.0,2.0,0.7142857142857143,0.4642857142857143
FOODS_3_342,2016-05-22,1.25,6,5,2016,4.0,7.0,4.285714285714286,4.071428571428571
FOODS_3_343,2016-05-22,3.87,6,5,2016,0.0,0.0,0.0,0.03571428571428571
FOODS_3_344,2016-05-22,2.24,6,5,2016,4.0,9.0,5.428571428571429,5.607142857142857
FOODS_1_008,2016-05-22,3.54,6,5,2016,0.0,1.0,0.14285714285714285,0.21428571428571427
HOUSEHOLD_2_237,2016-05-22,5.94,6,5,2016,1.0,0.0,0.2857142857142857,0.25
FOODS_3_345,2016-05-22,2.48,6,5,2016,0.0,0.0,0.0,0.0
FOODS_3_346,2016-05-22,1.98,6,5,2016,4.0,5.0,3.0,3.5357142857142856
FOODS_3_347,2016-05-22,1.98,6,5,2016,2.0,4.0,1.0,0.8571428571428571
HOUSEHOLD_2_236,2016-05-22,8.48,6,5,2016,0.0,0.0,0.14285714285714285,0.10714285714285714
FOODS_3_348,2016-05-22,0.8,6,5,2016,6.0,10.0,7.285714285714286,6.035714285714286
FOODS_3_349,2016-05-22,1.68,6,5,2016,11.0,21.0,10.428571428571429,9.857142857142858
FOODS_3_350,2016-05-22,2.98,6,5,2016,0.0,0.0,0.0,0.2857142857142857
HOUSEHOLD_2_238,2016-05-22,9.93,6,5,2016,2.0,0.0,0.5714285714285714,0.35714285714285715
FOODS_3_376,2016-05-22,1.0,6,5,2016,7.0,5.0,10.142857142857142,6.821428571428571
FOODS_3_278,2016-05-22,1.0,6,5,2016,0.0,2.0,0.2857142857142857,1.0357142857142858
FOODS_3_276,2016-05-22,4.48,6,5,2016,0.0,0.0,0.0,0.0
FOODS_3_205,2016-05-22,1.28,6,5,2016,0.0,1.0,0.5714285714285714,0.9285714285714286
FOODS_3_206,2016-05-22,2.58,6,5,2016,0.0,0.0,0.8571428571428571,2.357142857142857
FOODS_3_207,2016-05-22,1.98,6,5,2016,4.0,2.0,1.5714285714285714,1.6428571428571428
FOODS_3_208,2016-05-22,4.88,6,5,2016,5.0,2.0,4.142857142857143,3.107142857142857
HOUSEHOLD_2_274,2016-05-22,5.98,6,5,2016,0.0,0.0,0.0,0.07142857142857142
FOODS_3_209,2016-05-22,3.98,6,5,2016,0.0,3.0,1.4285714285714286,0.8214285714285714
FOODS_3_210,2016-05-22,1.98,6,5,2016,0.0,0.0,0.0,0.21428571428571427
FOODS_3_211,2016-05-22,4.58,6,5,2016,1.0,4.0,1.2857142857142858,1.3214285714285714
FOODS_3_212,2016-05-22,2.98,6,5,2016,0.0,1.0,0.2857142857142857,0.75
FOODS_3_213,2016-05-22,2.24,6,5,2016,0.0,1.0,0.2857142857142857,0.5714285714285714
HOUSEHOLD_2_273,2016-05-22,5.24,6,5,2016,3.0,2.0,1.2857142857142858,0.6428571428571429
FOODS_3_214,2016-05-22,0.94,6,5,2016,0.0,0.0,1.2857142857142858,2.2857142857142856
FOODS_3_215,2016-05-22,1.24,6,5,2016,0.0,0.0,1.7142857142857142,1.6428571428571428
FOODS_3_216,2016-05-22,2.56,6,5,2016,1.0,2.0,1.1428571428571428,1.1785714285714286
FOODS_3_217,2016-05-22,2.98,6,5,2016,5.0,6.0,3.142857142857143,3.75
HOUSEHOLD_2_272,2016-05-22,5.47,6,5,2016,1.0,0.0,0.42857142857142855,0.5357142857142857
FOODS_3_218,2016-05-22,2.0,6,5,2016,1.0,0.0,0.7142857142857143,0.6428571428571429
FOODS_3_219,2016-05-22,1.48,6,5,2016,13.0,5.0,5.857142857142857,7.5
HOUSEHOLD_2_271,2016-05-22,4.78,6,5,2016,0.0,0.0,0.14285714285714285,0.14285714285714285
FOODS_3_220,2016-05-22,2.98,6,5,2016,0.0,0.0,0.42857142857142855,0.32142857142857145
FOODS_3_221,2016-05-22,4.98,6,5,2016,3.0,1.0,0.8571428571428571,1.1428571428571428
FOODS_3_222,2016-05-22,4.54,6,5,2016,2.0,1.0,1.1428571428571428,1.5357142857142858
FOODS_3_223,2016-05-22,1.98,6,5,2016,2.0,1.0,1.1428571428571428,1.1428571428571428
HOUSEHOLD_2_270,2016-05-22,5.84,6,5,2016,0.0,0.0,0.5714285714285714,0.39285714285714285
FOODS_3_224,2016-05-22,3.98,6,5,2016,8.0,6.0,3.4285714285714284,1.75
FOODS_3_225,2016-05-22,1.98,6,5,2016,0.0,0.0,0.7142857142857143,0.75
FOODS_3_226,2016-05-22,1.68,6,5,2016,5.0,9.0,4.285714285714286,4.785714285714286
HOUSEHOLD_2_275,2016-05-22,5.27,6,5,2016,0.0,0.0,0.0,0.42857142857142855
FOODS_3_204,2016-05-22,2.48,6,5,2016,2.0,1.0,1.1428571428571428,0.7857142857142857
FOODS_3_203,2016-05-22,4.98,6,5,2016,2.0,9.0,4.285714285714286,3.7142857142857144
FOODS_3_202,2016-05-22,4.68,6,5,2016,13.0,15.0,14.285714285714286,15.857142857142858
FOODS_3_182,2016-05-22,1.98,6,5,2016,0.0,4.0,1.5714285714285714,1.1428571428571428
HOUSEHOLD_2_282,2016-05-22,5.84,6,5,2016,0.0,1.0,0.2857142857142857,0.7857142857142857
FOODS_3_183,2016-05-22,3.0,6,5,2016,10.0,15.0,7.0,5.214285714285714
FOODS_3_184,2016-05-22,3.43,6,5,2016,6.0,1.0,1.5714285714285714,2.642857142857143
FOODS_3_185,2016-05-22,2.48,6,5,2016,2.0,3.0,1.7142857142857142,1.7142857142857142
FOODS_3_186,2016-05-22,2.28,6,5,2016,0.0,0.0,0.42857142857142855,0.5714285714285714
HOUSEHOLD_2_281,2016-05-22,5.27,6,5,2016,0.0,0.0,0.0,0.32142857142857145
FOODS_3_187,2016-05-22,2.5,6,5,2016,2.0,2.0,1.0,1.4285714285714286
FOODS_3_188,2016-05-22,1.98,6,5,2016,0.0,2.0,0.5714285714285714,0.42857142857142855
FOODS_3_189,2016-05-22,2.56,6,5,2016,1.0,4.0,1.4285714285714286,1.3214285714285714
FOODS_3_190,2016-05-22,1.0,6,5,2016,2.0,6.0,2.4285714285714284,2.5714285714285716
HOUSEHOLD_2_280,2016-05-22,5.97,6,5,2016,1.0,0.0,0.42857142857142855,0.21428571428571427
FOODS_3_191,2016-05-22,1.0,6,5,2016,0.0,0.0,0.5714285714285714,0.7857142857142857
FOODS_3_227,2016-05-22,2.5,6,5,2016,4.0,15.0,7.142857142857143,7.357142857142857
HOUSEHOLD_2_279,2016-05-22,4.44,6,5,2016,0.0,0.0,0.14285714285714285,0.25
FOODS_3_193,2016-05-22,2.5,6,5,2016,0.0,0.0,0.42857142857142855,0.4642857142857143
FOODS_3_194,2016-05-22,2.98,6,5,2016,1.0,1.0,1.2857142857142858,2.4285714285714284
FOODS_3_195,2016-05-22,2.68,6,5,2016,0.0,0.0,1.0,1.0357142857142858
HOUSEHOLD_2_278,2016-05-22,10.98,6,5,2016,0.0,0.0,0.0,0.07142857142857142
FOODS_3_196,2016-05-22,4.98,6,5,2016,0.0,3.0,0.8571428571428571,0.75
FOODS_3_197,2016-05-22,1.98,6,5,2016,0.0,0.0,0.7142857142857143,0.8214285714285714
FOODS_3_198,2016-05-22,6.44,6,5,2016,0.0,1.0,0.42857142857142855,0.4642857142857143
FOODS_3_199,2016-05-22,2.56,6,5,2016,2.0,2.0,1.5714285714285714,1.0357142857142858
HOUSEHOLD_2_277,2016-05-22,3.33,6,5,2016,1.0,0.0,0.2857142857142857,0.32142857142857145
FOODS_3_200,2016-05-22,2.0,6,5,2016,1.0,0.0,0.7142857142857143,1.6785714285714286
FOODS_3_201,2016-05-22,2.56,6,5,2016,0.0,5.0,1.5714285714285714,2.0714285714285716
HOUSEHOLD_2_276,2016-05-22,5.47,6,5,2016,0.0,0.0,0.0,0.10714285714285714
FOODS_1_009,2016-05-22,2.24,6,5,2016,4.0,2.0,1.0,1.2142857142857142
FOODS_3_192,2016-05-22,5.48,6,5,2016,4.0,0.0,2.4285714285714284,2.8214285714285716
HOUSEHOLD_2_269,2016-05-22,10.97,6,5,2016,0.0,0.0,0.2857142857142857,0.17857142857142858
FOODS_3_228,2016-05-22,1.68,6,5,2016,12.0,8.0,7.857142857142857,7.571428571428571
FOODS_3_229,2016-05-22,3.78,6,5,2016,0.0,0.0,0.42857142857142855,0.42857142857142855
FOODS_3_254,2016-05-22,1.74,6,5,2016,0.0,1.0,0.2857142857142857,0.7857142857142857
FOODS_3_255,2016-05-22,3.98,6,5,2016,1.0,1.0,0.42857142857142855,0.2857142857142857
HOUSEHOLD_2_260,2016-05-22,6.97,6,5,2016,0.0,0.0,0.42857142857142855,0.21428571428571427
FOODS_3_256,2016-05-22,2.58,6,5,2016,0.0,0.0,0.14285714285714285,0.07142857142857142
FOODS_3_257,2016-05-22,3.98,6,5,2016,4.0,1.0,2.4285714285714284,2.6785714285714284
FOODS_3_258,2016-05-22,1.78,6,5,2016,1.0,8.0,3.142857142857143,3.6785714285714284
FOODS_3_259,2016-05-22,1.78,6,5,2016,1.0,4.0,2.4285714285714284,3.9285714285714284
HOUSEHOLD_2_259,2016-05-22,7.97,6,5,2016,0.0,1.0,0.2857142857142857,0.25
FOODS_3_260,2016-05-22,1.97,6,5,2016,1.0,0.0,0.7142857142857143,1.4285714285714286
FOODS_3_261,2016-05-22,3.98,6,5,2016,0.0,0.0,0.2857142857142857,0.5357142857142857
FOODS_3_262,2016-05-22,6.72,6,5,2016,0.0,2.0,1.1428571428571428,1.25
FOODS_3_263,2016-05-22,2.5,6,5,2016,10.0,20.0,9.857142857142858,8.571428571428571
FOODS_3_264,2016-05-22,3.98,6,5,2016,1.0,0.0,0.14285714285714285,0.17857142857142858
FOODS_3_253,2016-05-22,1.98,6,5,2016,0.0,0.0,0.5714285714285714,0.8214285714285714
HOUSEHOLD_2_258,2016-05-22,3.97,6,5,2016,2.0,1.0,0.8571428571428571,0.35714285714285715
FOODS_3_266,2016-05-22,3.48,6,5,2016,2.0,2.0,1.1428571428571428,0.4642857142857143
HOUSEHOLD_2_257,2016-05-22,5.73,6,5,2016,0.0,0.0,0.0,0.03571428571428571
FOODS_3_267,2016-05-22,2.28,6,5,2016,2.0,4.0,1.4285714285714286,1.4642857142857142
FOODS_3_268,2016-05-22,2.28,6,5,2016,1.0,0.0,0.2857142857142857,0.25
FOODS_3_269,2016-05-22,2.68,6,5,2016,0.0,2.0,1.2857142857142858,1.1785714285714286
FOODS_3_270,2016-05-22,2.98,6,5,2016,2.0,7.0,1.8571428571428572,1.2142857142857142
HOUSEHOLD_2_256,2016-05-22,5.94,6,5,2016,0.0,0.0,0.0,0.2857142857142857
FOODS_3_271,2016-05-22,4.48,6,5,2016,0.0,0.0,0.0,0.0
FOODS_3_272,2016-05-22,9.98,6,5,2016,0.0,0.0,0.0,0.21428571428571427
FOODS_3_273,2016-05-22,2.24,6,5,2016,1.0,8.0,5.142857142857143,4.357142857142857
FOODS_3_274,2016-05-22,1.6,6,5,2016,9.0,1.0,4.714285714285714,3.4642857142857144
HOUSEHOLD_2_255,2016-05-22,9.97,6,5,2016,0.0,0.0,0.42857142857142855,0.2857142857142857
FOODS_3_275,2016-05-22,2.56,6,5,2016,1.0,3.0,1.0,1.3214285714285714
FOODS_3_265,2016-05-22,3.98,6,5,2016,2.0,1.0,1.0,1.1785714285714286
FOODS_3_277,2016-05-22,1.98,6,5,2016,2.0,5.0,4.0,3.7857142857142856
FOODS_3_252,2016-05-22,1.58,6,5,2016,50.0,61.0,40.285714285714285,38.785714285714285
FOODS_3_251,2016-05-22,2.98,6,5,2016,2.0,1.0,1.2857142857142858,1.7857142857142858
FOODS_3_230,2016-05-22,3.78,6,5,2016,3.0,2.0,4.142857142857143,3.857142857142857
FOODS_3_231,2016-05-22,5.44,6,5,2016,7.0,7.0,4.714285714285714,4.535714285714286
HOUSEHOLD_2_268,2016-05-22,5.47,6,5,2016,0.0,0.0,0.2857142857142857,0.6785714285714286
FOODS_3_232,2016-05-22,3.0,6,5,2016,3.0,9.0,4.0,3.642857142857143
FOODS_3_233,2016-05-22,2.56,6,5,2016,18.0,32.0,17.571428571428573,11.392857142857142
FOODS_3_234,2016-05-22,0.25,6,5,2016,2.0,8.0,6.571428571428571,7.321428571428571
FOODS_3_235,2016-05-22,1.74,6,5,2016,0.0,2.0,0.42857142857142855,0.6071428571428571
FOODS_3_236,2016-05-22,2.56,6,5,2016,4.0,5.0,4.571428571428571,2.9642857142857144
HOUSEHOLD_2_267,2016-05-22,1.93,6,5,2016,0.0,0.0,0.5714285714285714,0.6428571428571429
FOODS_3_237,2016-05-22,1.0,6,5,2016,0.0,0.0,0.7142857142857143,1.0714285714285714
FOODS_3_238,2016-05-22,3.27,6,5,2016,0.0,10.0,3.7142857142857144,3.5
FOODS_3_239,2016-05-22,1.98,6,5,2016,3.0,0.0,1.0,1.0357142857142858
HOUSEHOLD_2_266,2016-05-22,2.97,6,5,2016,0.0,0.0,0.2857142857142857,0.5
HOUSEHOLD_2_261,2016-05-22,6.96,6,5,2016,0.0,0.0,0.0,0.07142857142857142
FOODS_3_240,2016-05-22,1.0,6,5,2016,0.0,0.0,1.1428571428571428,0.7142857142857143
HOUSEHOLD_2_265,2016-05-22,4.97,6,5,2016,1.0,1.0,0.5714285714285714,0.6785714285714286
FOODS_3_242,2016-05-22,9.86,6,5,2016,2.0,1.0,0.7142857142857143,0.7142857142857143
FOODS_3_243,2016-05-22,1.58,6,5,2016,1.0,2.0,1.0,0.6071428571428571
FOODS_3_244,2016-05-22,9.86,6,5,2016,0.0,0.0,0.42857142857142855,0.4642857142857143
HOUSEHOLD_2_264,2016-05-22,3.48,6,5,2016,1.0,1.0,0.8571428571428571,1.0357142857142858
FOODS_3_245,2016-05-22,2.48,6,5,2016,4.0,11.0,4.142857142857143,4.571428571428571
HOUSEHOLD_2_263,2016-05-22,5.47,6,5,2016,0.0,2.0,0.5714285714285714,0.17857142857142858
FOODS_3_246,2016-05-22,1.98,6,5,2016,2.0,6.0,2.4285714285714284,1.7857142857142858
FOODS_3_247,2016-05-22,4.94,6,5,2016,0.0,2.0,0.5714285714285714,1.3214285714285714
HOUSEHOLD_2_262,2016-05-22,4.97,6,5,2016,0.0,0.0,0.14285714285714285,0.5714285714285714
FOODS_3_248,2016-05-22,1.98,6,5,2016,5.0,2.0,2.142857142857143,1.1428571428571428
FOODS_3_249,2016-05-22,2.68,6,5,2016,2.0,8.0,3.7142857142857144,4.0
FOODS_3_250,2016-05-22,3.98,6,5,2016,0.0,2.0,1.2857142857142858,1.3928571428571428
FOODS_3_241,2016-05-22,2.98,6,5,2016,6.0,3.0,3.0,4.285714285714286
HOUSEHOLD_2_170,2016-05-22,1.44,6,5,2016,1.0,0.0,0.5714285714285714,1.0
FOODS_3_377,2016-05-22,1.68,6,5,2016,3.0,15.0,8.714285714285714,8.642857142857142
HOUSEHOLD_2_228,2016-05-22,5.47,6,5,2016,0.0,0.0,0.0,0.10714285714285714
FOODS_3_503,2016-05-22,2.48,6,5,2016,4.0,7.0,3.5714285714285716,3.5357142857142856
HOUSEHOLD_2_193,2016-05-22,4.94,6,5,2016,2.0,1.0,0.5714285714285714,0.17857142857142858
FOODS_3_504,2016-05-22,1.48,6,5,2016,1.0,1.0,2.142857142857143,2.0357142857142856
FOODS_3_505,2016-05-22,3.62,6,5,2016,2.0,5.0,2.142857142857143,2.1785714285714284
FOODS_3_506,2016-05-22,3.98,6,5,2016,0.0,1.0,0.2857142857142857,0.21428571428571427
FOODS_3_507,2016-05-22,1.98,6,5,2016,1.0,0.0,0.2857142857142857,0.2857142857142857
FOODS_3_508,2016-05-22,1.0,6,5,2016,2.0,1.0,1.1428571428571428,1.25
HOUSEHOLD_2_192,2016-05-22,1.97,6,5,2016,0.0,0.0,0.0,0.0
FOODS_3_509,2016-05-22,1.98,6,5,2016,1.0,1.0,0.7142857142857143,1.5
FOODS_3_510,2016-05-22,2.0,6,5,2016,0.0,1.0,0.42857142857142855,0.4642857142857143
FOODS_3_511,2016-05-22,6.98,6,5,2016,30.0,39.0,23.714285714285715,24.821428571428573
HOUSEHOLD_2_191,2016-05-22,5.44,6,5,2016,3.0,1.0,0.7142857142857143,0.7857142857142857
FOODS_3_512,2016-05-22,1.98,6,5,2016,1.0,0.0,0.2857142857142857,0.2857142857142857
FOODS_3_513,2016-05-22,4.98,6,5,2016,3.0,4.0,2.4285714285714284,2.0
FOODS_3_514,2016-05-22,4.98,6,5,2016,10.0,20.0,10.285714285714286,7.178571428571429
FOODS_3_515,2016-05-22,2.88,6,5,2016,1.0,2.0,1.0,1.5714285714285714
HOUSEHOLD_2_190,2016-05-22,0.98,6,5,2016,1.0,0.0,0.42857142857142855,0.10714285714285714
FOODS_3_516,2016-05-22,3.78,6,5,2016,17.0,16.0,11.428571428571429,9.321428571428571
FOODS_3_517,2016-05-22,2.94,6,5,2016,0.0,0.0,0.0,0.4642857142857143
FOODS_3_518,2016-05-22,2.88,6,5,2016,0.0,2.0,1.5714285714285714,1.1428571428571428
FOODS_3_519,2016-05-22,1.0,6,5,2016,39.0,55.0,29.857142857142858,17.785714285714285
HOUSEHOLD_2_189,2016-05-22,14.48,6,5,2016,0.0,1.0,0.42857142857142855,0.17857142857142858
FOODS_3_520,2016-05-22,3.98,6,5,2016,0.0,1.0,0.7142857142857143,0.7857142857142857
FOODS_3_521,2016-05-22,2.54,6,5,2016,0.0,0.0,0.8571428571428571,1.2142857142857142
FOODS_3_522,2016-05-22,2.48,6,5,2016,0.0,0.0,1.2857142857142858,1.1071428571428572
HOUSEHOLD_2_188,2016-05-22,7.54,6,5,2016,1.0,0.0,0.5714285714285714,0.4642857142857143
FOODS_3_523,2016-05-22,1.98,6,5,2016,2.0,5.0,3.857142857142857,3.2857142857142856
HOUSEHOLD_2_194,2016-05-22,6.27,6,5,2016,0.0,0.0,0.14285714285714285,0.07142857142857142
FOODS_3_502,2016-05-22,2.56,6,5,2016,4.0,0.0,1.8571428571428572,2.25
FOODS_3_501,2016-05-22,0.8,6,5,2016,28.0,46.0,24.428571428571427,22.071428571428573
FOODS_3_500,2016-05-22,2.5,6,5,2016,0.0,1.0,0.14285714285714285,0.17857142857142858
FOODS_3_479,2016-05-22,1.0,6,5,2016,1.0,5.0,1.0,0.6428571428571429
HOUSEHOLD_2_200,2016-05-22,6.94,6,5,2016,0.0,1.0,0.7142857142857143,0.75
FOODS_3_480,2016-05-22,2.98,6,5,2016,2.0,1.0,1.4285714285714286,1.3571428571428572
FOODS_3_481,2016-05-22,3.88,6,5,2016,2.0,5.0,2.5714285714285716,2.5714285714285716
FOODS_3_482,2016-05-22,2.98,6,5,2016,4.0,2.0,1.7142857142857142,2.1785714285714284
FOODS_3_483,2016-05-22,2.98,6,5,2016,2.0,3.0,1.1428571428571428,1.5357142857142858
HOUSEHOLD_2_199,2016-05-22,3.93,6,5,2016,0.0,1.0,0.5714285714285714,0.5
FOODS_3_484,2016-05-22,1.98,6,5,2016,0.0,0.0,0.14285714285714285,0.5
FOODS_3_485,2016-05-22,3.56,6,5,2016,2.0,6.0,4.428571428571429,3.5357142857142856
FOODS_3_486,2016-05-22,2.88,6,5,2016,1.0,3.0,1.1428571428571428,0.6785714285714286
FOODS_1_006,2016-05-22,2.48,6,5,2016,4.0,3.0,3.4285714285714284,2.1785714285714284
FOODS_3_487,2016-05-22,1.68,6,5,2016,1.0,4.0,1.5714285714285714,1.6071428571428572
HOUSEHOLD_2_198,2016-05-22,7.97,6,5,2016,1.0,0.0,0.42857142857142855,0.2857142857142857
FOODS_3_524,2016-05-22,1.0,6,5,2016,0.0,0.0,0.0,0.0
FOODS_3_488,2016-05-22,4.98,6,5,2016,0.0,0.0,0.0,0.07142857142857142
FOODS_3_490,2016-05-22,3.68,6,5,2016,0.0,1.0,1.4285714285714286,1.0714285714285714
FOODS_3_491,2016-05-22,1.6,6,5,2016,17.0,20.0,11.0,11.75
FOODS_3_492,2016-05-22,2.98,6,5,2016,0.0,2.0,0.8571428571428571,1.0
HOUSEHOLD_2_197,2016-05-22,3.97,6,5,2016,2.0,2.0,1.2857142857142858,0.8214285714285714
FOODS_3_493,2016-05-22,7.48,6,5,2016,4.0,1.0,2.2857142857142856,2.25
FOODS_3_494,2016-05-22,2.68,6,5,2016,0.0,5.0,1.8571428571428572,1.5
FOODS_3_495,2016-05-22,2.18,6,5,2016,0.0,1.0,0.42857142857142855,0.6428571428571429
FOODS_3_496,2016-05-22,3.98,6,5,2016,5.0,7.0,2.857142857142857,2.357142857142857
HOUSEHOLD_2_196,2016-05-22,2.27,6,5,2016,2.0,1.0,0.7142857142857143,1.0
FOODS_3_497,2016-05-22,2.5,6,5,2016,1.0,0.0,1.0,0.9642857142857143
FOODS_3_498,2016-05-22,0.25,6,5,2016,0.0,4.0,2.857142857142857,3.107142857142857
HOUSEHOLD_2_195,2016-05-22,14.97,6,5,2016,0.0,1.0,0.14285714285714285,0.5357142857142857
FOODS_3_499,2016-05-22,2.56,6,5,2016,2.0,5.0,12.285714285714286,13.464285714285714
FOODS_3_489,2016-05-22,1.98,6,5,2016,1.0,3.0,2.2857142857142856,2.0357142857142856
HOUSEHOLD_2_187,2016-05-22,3.33,6,5,2016,3.0,1.0,0.7142857142857143,0.8214285714285714
FOODS_3_525,2016-05-22,2.0,6,5,2016,0.0,2.0,0.5714285714285714,1.1071428571428572
FOODS_3_526,2016-05-22,1.98,6,5,2016,1.0,5.0,3.2857142857142856,5.178571428571429
FOODS_3_551,2016-05-22,4.74,6,5,2016,2.0,2.0,1.2857142857142858,1.3214285714285714
HOUSEHOLD_2_177,2016-05-22,2.98,6,5,2016,0.0,0.0,0.14285714285714285,0.07142857142857142
FOODS_3_552,2016-05-22,1.98,6,5,2016,0.0,0.0,0.42857142857142855,0.7142857142857143
HOUSEHOLD_2_176,2016-05-22,4.97,6,5,2016,4.0,10.0,4.571428571428571,4.464285714285714
FOODS_3_553,2016-05-22,2.56,6,5,2016,1.0,6.0,1.1428571428571428,1.4642857142857142
FOODS_3_554,2016-05-22,3.48,6,5,2016,0.0,0.0,0.14285714285714285,0.2857142857142857
FOODS_3_555,2016-05-22,1.68,6,5,2016,32.0,25.0,21.714285714285715,20.464285714285715
FOODS_3_556,2016-05-22,2.56,6,5,2016,0.0,0.0,0.42857142857142855,0.6785714285714286
FOODS_3_557,2016-05-22,2.56,6,5,2016,5.0,6.0,4.571428571428571,3.5357142857142856
HOUSEHOLD_2_175,2016-05-22,5.97,6,5,2016,0.0,0.0,0.0,0.5357142857142857
FOODS_3_558,2016-05-22,2.98,6,5,2016,1.0,1.0,0.42857142857142855,0.39285714285714285
HOUSEHOLD_2_174,2016-05-22,3.97,6,5,2016,1.0,0.0,0.14285714285714285,0.10714285714285714
FOODS_3_559,2016-05-22,3.0,6,5,2016,0.0,2.0,0.8571428571428571,0.6071428571428571
FOODS_3_550,2016-05-22,2.98,6,5,2016,0.0,1.0,0.14285714285714285,0.35714285714285715
FOODS_3_560,2016-05-22,2.88,6,5,2016,1.0,3.0,2.4285714285714284,3.107142857142857
FOODS_3_562,2016-05-22,4.98,6,5,2016,8.0,5.0,4.428571428571429,3.3214285714285716
HOUSEHOLD_2_173,2016-05-22,6.46,6,5,2016,1.0,0.0,0.42857142857142855,0.32142857142857145
FOODS_3_563,2016-05-22,3.78,6,5,2016,0.0,0.0,0.0,0.0
FOODS_3_564,2016-05-22,1.74,6,5,2016,1.0,0.0,0.5714285714285714,1.1071428571428572
FOODS_3_565,2016-05-22,2.5,6,5,2016,3.0,6.0,2.0,1.9285714285714286
FOODS_3_566,2016-05-22,1.0,6,5,2016,23.0,20.0,28.0,25.5
HOUSEHOLD_2_172,2016-05-22,5.94,6,5,2016,0.0,1.0,0.7142857142857143,0.7857142857142857
FOODS_3_567,2016-05-22,1.74,6,5,2016,0.0,5.0,1.8571428571428572,1.5357142857142858
FOODS_3_568,2016-05-22,1.0,6,5,2016,2.0,5.0,3.7142857142857144,3.1785714285714284
HOUSEHOLD_1_344,2016-05-22,7.93,6,5,2016,3.0,4.0,1.4285714285714286,0.8214285714285714
FOODS_3_569,2016-05-22,3.98,6,5,2016,0.0,5.0,0.8571428571428571,1.0714285714285714
FOODS_3_570,2016-05-22,1.78,6,5,2016,13.0,18.0,9.428571428571429,7.642857142857143
HOUSEHOLD_2_171,2016-05-22,3.87,6,5,2016,1.0,1.0,0.5714285714285714,0.6428571428571429
FOODS_3_561,2016-05-22,2.98,6,5,2016,2.0,3.0,4.428571428571429,4.571428571428571
FOODS_3_478,2016-05-22,1.74,6,5,2016,2.0,3.0,1.4285714285714286,0.5714285714285714
FOODS_3_549,2016-05-22,2.48,6,5,2016,0.0,2.0,1.0,0.75
HOUSEHOLD_2_178,2016-05-22,6.96,6,5,2016,1.0,2.0,0.5714285714285714,0.39285714285714285
HOUSEHOLD_2_186,2016-05-22,9.98,6,5,2016,0.0,0.0,0.2857142857142857,0.5
HOUSEHOLD_2_185,2016-05-22,3.48,6,5,2016,2.0,4.0,1.7142857142857142,1.25
FOODS_3_527,2016-05-22,4.98,6,5,2016,2.0,1.0,0.5714285714285714,0.6428571428571429
FOODS_3_528,2016-05-22,4.98,6,5,2016,0.0,0.0,0.14285714285714285,0.14285714285714285
FOODS_3_529,2016-05-22,3.98,6,5,2016,0.0,3.0,0.5714285714285714,1.1428571428571428
HOUSEHOLD_2_184,2016-05-22,1.97,6,5,2016,0.0,0.0,0.42857142857142855,0.75
FOODS_3_530,2016-05-22,1.68,6,5,2016,5.0,6.0,3.0,3.25
FOODS_3_531,2016-05-22,2.48,6,5,2016,1.0,3.0,0.7142857142857143,1.0714285714285714
FOODS_3_532,2016-05-22,2.98,6,5,2016,2.0,3.0,2.0,1.75
FOODS_3_533,2016-05-22,4.98,6,5,2016,1.0,4.0,1.1428571428571428,1.2857142857142858
HOUSEHOLD_2_183,2016-05-22,4.97,6,5,2016,0.0,1.0,0.42857142857142855,0.32142857142857145
FOODS_3_534,2016-05-22,4.88,6,5,2016,14.0,11.0,8.857142857142858,5.142857142857143
FOODS_3_535,2016-05-22,5.98,6,5,2016,14.0,0.0,3.142857142857143,2.1785714285714284
FOODS_3_548,2016-05-22,2.58,6,5,2016,1.0,0.0,0.14285714285714285,0.14285714285714285
FOODS_3_536,2016-05-22,2.98,6,5,2016,0.0,0.0,0.14285714285714285,1.0
HOUSEHOLD_2_182,2016-05-22,6.98,6,5,2016,0.0,1.0,0.42857142857142855,0.21428571428571427
FOODS_3_538,2016-05-22,1.38,6,5,2016,2.0,4.0,1.1428571428571428,1.6785714285714286
FOODS_3_539,2016-05-22,2.98,6,5,2016,1.0,0.0,0.42857142857142855,0.6428571428571429
FOODS_3_540,2016-05-22,2.98,6,5,2016,5.0,7.0,5.714285714285714,5.785714285714286
FOODS_3_541,2016-05-22,1.0,6,5,2016,0.0,0.0,0.0,0.0
HOUSEHOLD_2_180,2016-05-22,2.84,6,5,2016,0.0,0.0,0.2857142857142857,0.2857142857142857
FOODS_3_542,2016-05-22,2.56,6,5,2016,2.0,0.0,0.2857142857142857,0.6428571428571429
FOODS_3_543,2016-05-22,3.48,6,5,2016,1.0,1.0,0.42857142857142855,0.35714285714285715
HOUSEHOLD_2_179,2016-05-22,5.97,6,5,2016,0.0,2.0,0.42857142857142855,0.2857142857142857
FOODS_3_544,2016-05-22,2.98,6,5,2016,1.0,0.0,0.42857142857142855,0.4642857142857143
FOODS_3_545,2016-05-22,1.0,6,5,2016,1.0,0.0,1.1428571428571428,1.5357142857142858
FOODS_3_546,2016-05-22,5.98,6,5,2016,2.0,4.0,2.7142857142857144,4.607142857142857
FOODS_3_547,2016-05-22,0.25,6,5,2016,4.0,1.0,1.8571428571428572,2.7142857142857144
FOODS_3_537,2016-05-22,3.98,6,5,2016,0.0,5.0,1.4285714285714286,1.1071428571428572
FOODS_3_378,2016-05-22,4.68,6,5,2016,4.0,1.0,2.142857142857143,1.7857142857142858
FOODS_3_477,2016-05-22,1.68,6,5,2016,5.0,7.0,5.571428571428571,5.357142857142857
HOUSEHOLD_2_201,2016-05-22,6.54,6,5,2016,2.0,1.0,1.1428571428571428,0.7857142857142857
HOUSEHOLD_2_221,2016-05-22,2.77,6,5,2016,0.0,0.0,0.14285714285714285,0.5
FOODS_3_405,2016-05-22,3.56,6,5,2016,2.0,2.0,2.5714285714285716,2.607142857142857
HOUSEHOLD_2_220,2016-05-22,6.96,6,5,2016,0.0,1.0,0.42857142857142855,0.32142857142857145
FOODS_3_406,2016-05-22,0.8,6,5,2016,21.0,26.0,21.714285714285715,13.607142857142858
FOODS_3_407,2016-05-22,2.98,6,5,2016,2.0,11.0,3.5714285714285716,3.392857142857143
FOODS_3_408,2016-05-22,2.98,6,5,2016,0.0,0.0,0.0,0.5357142857142857
FOODS_3_409,2016-05-22,2.78,6,5,2016,0.0,2.0,1.4285714285714286,1.2142857142857142
FOODS_3_410,2016-05-22,2.68,6,5,2016,1.0,1.0,2.4285714285714284,2.607142857142857
HOUSEHOLD_2_219,2016-05-22,3.48,6,5,2016,0.0,1.0,0.7142857142857143,0.39285714285714285
FOODS_3_411,2016-05-22,2.98,6,5,2016,1.0,1.0,1.0,1.1785714285714286
FOODS_3_412,2016-05-22,0.25,6,5,2016,4.0,2.0,2.4285714285714284,2.7857142857142856
FOODS_3_413,2016-05-22,1.0,6,5,2016,2.0,7.0,4.0,2.6785714285714284
FOODS_3_414,2016-05-22,5.18,6,5,2016,0.0,0.0,0.2857142857142857,0.07142857142857142
HOUSEHOLD_2_218,2016-05-22,10.97,6,5,2016,0.0,0.0,0.0,0.07142857142857142
FOODS_3_415,2016-05-22,2.56,6,5,2016,5.0,7.0,3.142857142857143,1.8928571428571428
FOODS_3_416,2016-05-22,2.68,6,5,2016,0.0,0.0,0.0,0.32142857142857145
FOODS_3_417,2016-05-22,4.54,6,5,2016,0.0,0.0,0.8571428571428571,1.3928571428571428
FOODS_3_418,2016-05-22,3.98,6,5,2016,1.0,4.0,2.4285714285714284,3.0714285714285716
HOUSEHOLD_2_217,2016-05-22,2.87,6,5,2016,1.0,0.0,0.7142857142857143,0.7857142857142857
FOODS_3_419,2016-05-22,2.88,6,5,2016,0.0,2.0,1.5714285714285714,1.1785714285714286
FOODS_3_420,2016-05-22,8.48,6,5,2016,1.0,1.0,0.2857142857142857,0.39285714285714285
FOODS_3_421,2016-05-22,2.48,6,5,2016,1.0,0.0,0.7142857142857143,0.8214285714285714
FOODS_3_422,2016-05-22,1.98,6,5,2016,4.0,2.0,1.1428571428571428,1.1428571428571428
HOUSEHOLD_2_216,2016-05-22,6.94,6,5,2016,0.0,0.0,0.42857142857142855,0.39285714285714285
HOUSEHOLD_2_215,2016-05-22,1.88,6,5,2016,0.0,1.0,0.2857142857142857,0.2857142857142857
FOODS_3_423,2016-05-22,2.98,6,5,2016,6.0,10.0,4.0,3.8214285714285716
FOODS_3_424,2016-05-22,3.88,6,5,2016,2.0,0.0,1.2857142857142858,1.4642857142857142
FOODS_3_404,2016-05-22,1.0,6,5,2016,0.0,0.0,0.0,0.0
FOODS_3_403,2016-05-22,1.5,6,5,2016,1.0,3.0,2.5714285714285716,4.357142857142857
FOODS_3_402,2016-05-22,6.48,6,5,2016,2.0,1.0,0.8571428571428571,0.6785714285714286
FOODS_3_401,2016-05-22,1.98,6,5,2016,1.0,2.0,0.8571428571428571,0.6428571428571429
FOODS_3_379,2016-05-22,1.97,6,5,2016,0.0,3.0,0.7142857142857143,1.4642857142857142
FOODS_3_380,2016-05-22,1.98,6,5,2016,0.0,0.0,0.0,0.0
FOODS_3_381,2016-05-22,2.98,6,5,2016,3.0,1.0,2.0,2.357142857142857
FOODS_3_382,2016-05-22,1.98,6,5,2016,2.0,3.0,2.5714285714285716,1.6071428571428572
HOUSEHOLD_2_227,2016-05-22,3.96,6,5,2016,0.0,0.0,0.14285714285714285,0.03571428571428571
FOODS_3_383,2016-05-22,1.48,6,5,2016,6.0,8.0,3.142857142857143,3.8214285714285716
FOODS_3_384,2016-05-22,2.98,6,5,2016,0.0,0.0,0.5714285714285714,0.6785714285714286
FOODS_3_385,2016-05-22,2.98,6,5,2016,3.0,5.0,2.0,1.5357142857142858
FOODS_3_386,2016-05-22,2.56,6,5,2016,2.0,3.0,2.142857142857143,1.8928571428571428
HOUSEHOLD_2_226,2016-05-22,6.97,6,5,2016,0.0,2.0,0.5714285714285714,0.42857142857142855
FOODS_3_387,2016-05-22,2.68,6,5,2016,1.0,3.0,1.4285714285714286,2.0357142857142856
FOODS_3_388,2016-05-22,3.98,6,5,2016,2.0,3.0,1.4285714285714286,1.2857142857142858
FOODS_3_389,2016-05-22,1.68,6,5,2016,10.0,7.0,8.0,8.178571428571429
FOODS_3_425,2016-05-22,2.48,6,5,2016,1.0,1.0,1.2857142857142858,1.1071428571428572
FOODS_3_390,2016-05-22,1.78,6,5,2016,1.0,2.0,1.8571428571428572,1.6785714285714286
FOODS_3_391,2016-05-22,2.98,6,5,2016,2.0,4.0,1.4285714285714286,1.5714285714285714
FOODS_3_392,2016-05-22,3.98,6,5,2016,1.0,2.0,1.8571428571428572,1.7857142857142858
HOUSEHOLD_2_224,2016-05-22,3.97,6,5,2016,0.0,0.0,0.0,0.10714285714285714
FOODS_3_393,2016-05-22,3.56,6,5,2016,5.0,10.0,5.142857142857143,7.785714285714286
FOODS_3_394,2016-05-22,2.98,6,5,2016,0.0,0.0,1.4285714285714286,0.6785714285714286
FOODS_3_395,2016-05-22,3.98,6,5,2016,3.0,0.0,0.8571428571428571,0.6428571428571429
FOODS_3_396,2016-05-22,11.48,6,5,2016,1.0,2.0,0.7142857142857143,0.42857142857142855
HOUSEHOLD_2_223,2016-05-22,14.97,6,5,2016,0.0,0.0,0.14285714285714285,0.10714285714285714
FOODS_3_397,2016-05-22,1.98,6,5,2016,0.0,0.0,0.14285714285714285,0.10714285714285714
FOODS_3_398,2016-05-22,5.62,6,5,2016,0.0,1.0,0.2857142857142857,0.6785714285714286
FOODS_3_399,2016-05-22,3.56,6,5,2016,11.0,0.0,7.571428571428571,6.178571428571429
FOODS_3_400,2016-05-22,2.98,6,5,2016,5.0,5.0,2.5714285714285716,2.892857142857143
HOUSEHOLD_2_222,2016-05-22,4.97,6,5,2016,1.0,2.0,1.2857142857142858,1.2857142857142858
HOUSEHOLD_2_225,2016-05-22,0.93,6,5,2016,1.0,2.0,1.7142857142857142,1.7857142857142858
FOODS_3_426,2016-05-22,2.98,6,5,2016,3.0,0.0,1.8571428571428572,0.8571428571428571
FOODS_3_427,2016-05-22,2.48,6,5,2016,0.0,1.0,0.5714285714285714,0.32142857142857145
HOUSEHOLD_2_214,2016-05-22,6.94,6,5,2016,1.0,1.0,0.5714285714285714,0.6071428571428571
HOUSEHOLD_2_207,2016-05-22,7.46,6,5,2016,1.0,0.0,0.14285714285714285,0.21428571428571427
FOODS_3_454,2016-05-22,0.25,6,5,2016,1.0,0.0,0.2857142857142857,1.1071428571428572
FOODS_3_455,2016-05-22,2.48,6,5,2016,13.0,16.0,8.857142857142858,8.678571428571429
FOODS_3_456,2016-05-22,3.98,6,5,2016,0.0,0.0,0.14285714285714285,0.4642857142857143
FOODS_3_457,2016-05-22,2.5,6,5,2016,0.0,2.0,0.5714285714285714,0.35714285714285715
FOODS_3_458,2016-05-22,1.98,6,5,2016,6.0,9.0,5.142857142857143,6.214285714285714
HOUSEHOLD_2_206,2016-05-22,2.87,6,5,2016,0.0,1.0,0.42857142857142855,0.21428571428571427
FOODS_3_459,2016-05-22,1.88,6,5,2016,1.0,2.0,1.5714285714285714,1.6071428571428572
FOODS_3_460,2016-05-22,1.98,6,5,2016,10.0,3.0,4.285714285714286,3.857142857142857
FOODS_3_461,2016-05-22,1.68,6,5,2016,1.0,3.0,1.1428571428571428,1.5
FOODS_3_462,2016-05-22,1.0,6,5,2016,16.0,8.0,9.571428571428571,8.142857142857142
HOUSEHOLD_2_205,2016-05-22,5.84,6,5,2016,1.0,0.0,0.5714285714285714,0.42857142857142855
FOODS_3_463,2016-05-22,6.0,6,5,2016,1.0,2.0,2.0,2.9285714285714284
FOODS_3_453,2016-05-22,2.98,6,5,2016,1.0,0.0,0.42857142857142855,0.5
FOODS_3_464,2016-05-22,3.68,6,5,2016,4.0,1.0,1.0,0.5714285714285714
HOUSEHOLD_2_204,2016-05-22,12.97,6,5,2016,0.0,0.0,0.0,0.10714285714285714
FOODS_3_466,2016-05-22,3.78,6,5,2016,0.0,0.0,0.0,0.0
FOODS_3_467,2016-05-22,1.98,6,5,2016,2.0,2.0,1.2857142857142858,1.0
FOODS_3_468,2016-05-22,1.18,6,5,2016,6.0,5.0,3.142857142857143,3.2142857142857144
FOODS_3_469,2016-05-22,5.98,6,5,2016,7.0,15.0,6.571428571428571,5.321428571428571
HOUSEHOLD_2_203,2016-05-22,2.97,6,5,2016,1.0,5.0,1.5714285714285714,1.5
FOODS_3_470,2016-05-22,1.74,6,5,2016,0.0,4.0,1.4285714285714286,0.8571428571428571
FOODS_3_471,2016-05-22,2.5,6,5,2016,0.0,1.0,0.7142857142857143,0.32142857142857145
HOUSEHOLD_2_202,2016-05-22,8.86,6,5,2016,1.0,0.0,0.7142857142857143,0.2857142857142857
FOODS_3_472,2016-05-22,1.97,6,5,2016,0.0,0.0,0.14285714285714285,0.5
FOODS_3_473,2016-05-22,4.18,6,5,2016,5.0,20.0,7.857142857142857,7.214285714285714
FOODS_3_474,2016-05-22,1.88,6,5,2016,4.0,7.0,2.7142857142857144,5.857142857142857
FOODS_3_475,2016-05-22,1.0,6,5,2016,0.0,1.0,0.2857142857142857,0.5
FOODS_3_465,2016-05-22,1.74,6,5,2016,1.0,0.0,1.5714285714285714,1.5
FOODS_3_476,2016-05-22,5.98,6,5,2016,0.0,0.0,0.8571428571428571,2.8214285714285716
FOODS_3_452,2016-05-22,4.98,6,5,2016,0.0,2.0,0.7142857142857143,0.39285714285714285
FOODS_3_450,2016-05-22,3.0,6,5,2016,0.0,1.0,1.0,2.0357142857142856
FOODS_3_428,2016-05-22,1.98,6,5,2016,3.0,5.0,1.7142857142857142,1.1071428571428572
FOODS_3_429,2016-05-22,5.98,6,5,2016,0.0,2.0,1.4285714285714286,1.8214285714285714
FOODS_3_430,2016-05-22,5.98,6,5,2016,0.0,0.0,0.42857142857142855,0.5
FOODS_3_431,2016-05-22,1.0,6,5,2016,7.0,0.0,3.0,2.607142857142857
HOUSEHOLD_2_213,2016-05-22,0.93,6,5,2016,2.0,2.0,1.1428571428571428,2.0357142857142856
FOODS_3_432,2016-05-22,3.98,6,5,2016,0.0,1.0,0.5714285714285714,0.5
HOUSEHOLD_2_212,2016-05-22,2.67,6,5,2016,0.0,3.0,1.2857142857142858,1.2142857142857142
FOODS_3_433,2016-05-22,1.0,6,5,2016,1.0,3.0,2.5714285714285716,1.7857142857142858
FOODS_3_434,2016-05-22,2.88,6,5,2016,6.0,2.0,2.7142857142857144,2.7142857142857144
FOODS_3_435,2016-05-22,1.48,6,5,2016,1.0,0.0,1.1428571428571428,2.25
FOODS_3_436,2016-05-22,2.5,6,5,2016,0.0,1.0,0.7142857142857143,0.42857142857142855
FOODS_3_437,2016-05-22,1.0,6,5,2016,0.0,1.0,0.5714285714285714,0.9285714285714286
HOUSEHOLD_2_211,2016-05-22,19.98,6,5,2016,0.0,0.0,0.14285714285714285,0.14285714285714285
FOODS_3_451,2016-05-22,1.48,6,5,2016,3.0,0.0,1.0,2.5357142857142856
FOODS_3_438,2016-05-22,1.0,6,5,2016,1.0,4.0,1.4285714285714286,1.75
FOODS_3_440,2016-05-22,5.22,6,5,2016,1.0,0.0,0.14285714285714285,0.8571428571428571
FOODS_3_441,2016-05-22,6.98,6,5,2016,0.0,0.0,0.0,0.0
HOUSEHOLD_2_210,2016-05-22,8.86,6,5,2016,1.0,2.0,0.5714285714285714,0.2857142857142857
FOODS_3_442,2016-05-22,2.48,6,5,2016,0.0,1.0,0.5714285714285714,0.25
FOODS_3_443,2016-05-22,2.5,6,5,2016,0.0,0.0,0.0,0.39285714285714285
FOODS_3_444,2016-05-22,6.98,6,5,2016,19.0,38.0,20.142857142857142,13.428571428571429
FOODS_3_445,2016-05-22,2.48,6,5,2016,2.0,1.0,0.5714285714285714,0.6428571428571429
HOUSEHOLD_2_209,2016-05-22,7.97,6,5,2016,0.0,0.0,0.2857142857142857,0.2857142857142857
FOODS_3_446,2016-05-22,1.18,6,5,2016,6.0,4.0,2.857142857142857,3.357142857142857
FOODS_3_447,2016-05-22,1.74,6,5,2016,0.0,0.0,0.0,0.0
FOODS_3_448,2016-05-22,3.0,6,5,2016,5.0,8.0,5.142857142857143,3.5714285714285716
FOODS_3_449,2016-05-22,1.98,6,5,2016,6.0,5.0,4.571428571428571,5.464285714285714
HOUSEHOLD_2_208,2016-05-22,12.97,6,5,2016,1.0,0.0,0.42857142857142855,0.32142857142857145
FOODS_3_439,2016-05-22,2.98,6,5,2016,2.0,4.0,3.5714285714285716,3.5357142857142856
HOUSEHOLD_2_516,2016-05-22,5.94,6,5,2016,0.0,0.0,0.14285714285714285,0.10714285714285714
